tokenId,finalStatus,finalAddress,historyLength,inscriptionAddresses,issues
0,minted,t1b4xybydvhinc2qasg9zgtdrqmxqyb6ax7,1,t1b4xybydvhinc2qasg9zgtdrqmxqyb6ax7,-
1,minted,t1gubfunujh7opq9ax1wohmpvsuv5p7hzab,1,t1gubfunujh7opq9ax1wohmpvsuv5p7hzab,-
2,minted,t1jdsfjfc6ydm63jvp9jtmykdxyyxrrtqek,1,t1jdsfjfc6ydm63jvp9jtmykdxyyxrrtqek,-
4,minted,t1b4xybydvhinc2qasg9zgtdrqmxqyb6ax7,1,t1b4xybydvhinc2qasg9zgtdrqmxqyb6ax7,-
5,minted,t1s2gpitwhmehgxip5iosmgtgnxsnkgkylx,1,t1s2gpitwhmehgxip5iosmgtgnxsnkgkylx,-
6,minted,t1brl5gccrfyg9xmcwdlsyv4xfluucssvym,1,t1brl5gccrfyg9xmcwdlsyv4xfluucssvym,-
7,minted,t1qpeclgkhmw4xgk2v6kaixumhjf5pehox1,1,t1qpeclgkhmw4xgk2v6kaixumhjf5pehox1,-
9,minted,t1gubfunujh7opq9ax1wohmpvsuv5p7hzab,1,t1gubfunujh7opq9ax1wohmpvsuv5p7hzab,-
13,minted,t1k1k3lvujfthpw1rx5gye1wt1w3nfffkuz,1,t1k1k3lvujfthpw1rx5gye1wt1w3nfffkuz,-
16,minted,t1tm4ukzttclqbius6oqzhbb5wla9soo3ii,1,t1tm4ukzttclqbius6oqzhbb5wla9soo3ii,-
18,minted,t1ugnmmfgvei3prgchynzyhugd5qysjpdcd,1,t1ugnmmfgvei3prgchynzyhugd5qysjpdcd,-
19,minted,t1uwhgycnxruf62kfea3wefuetqlahxttqv,1,t1uwhgycnxruf62kfea3wefuetqlahxttqv,-
20,minted,t1tm4ukzttclqbius6oqzhbb5wla9soo3ii,1,t1tm4ukzttclqbius6oqzhbb5wla9soo3ii,-
22,minted,t1wwe8mf17ryho7niz6wlhriaxac5f8qymi,1,t1wwe8mf17ryho7niz6wlhriaxac5f8qymi,-
23,minted,t1plr7emfb4ptjr3ydgkxtvvcx88vipczbg,1,t1plr7emfb4ptjr3ydgkxtvvcx88vipczbg,-
24,minted,t1keyd75eld8bvhtjn9r2sqxsomd4uksy3q,1,t1keyd75eld8bvhtjn9r2sqxsomd4uksy3q,-
26,minted,t1t6vyuq11ez6hmc5cfwwtwo4dxkcq49wcj,1,t1t6vyuq11ez6hmc5cfwwtwo4dxkcq49wcj,-
27,minted,t1qupqtxglgncbo4msuegxdvjmbyunvptdb,1,t1qupqtxglgncbo4msuegxdvjmbyunvptdb,-
28,minted,t1k1k3lvujfthpw1rx5gye1wt1w3nfffkuz,1,t1k1k3lvujfthpw1rx5gye1wt1w3nfffkuz,-
29,minted,t1bzl1asatjjcpee5t3hsqdmpvhw39rmzan,1,t1bzl1asatjjcpee5t3hsqdmpvhw39rmzan,-
30,minted,t1wjymzb8eklefe8jcxdxijvxwrbxybmig5,1,t1wjymzb8eklefe8jcxdxijvxwrbxybmig5,-
31,minted,t1tdx3jecge1dd9pmzxuaphvjm5hyq2c7wn,1,t1tdx3jecge1dd9pmzxuaphvjm5hyq2c7wn,-
32,minted,t1bnbdl7zusefkhvhgzfad5jq6e3d1fg3hz,1,t1bnbdl7zusefkhvhgzfad5jq6e3d1fg3hz,-
33,minted,t1s2gpitwhmehgxip5iosmgtgnxsnkgkylx,1,t1s2gpitwhmehgxip5iosmgtgnxsnkgkylx,-
35,minted,t1jdsfjfc6ydm63jvp9jtmykdxyyxrrtqek,1,t1jdsfjfc6ydm63jvp9jtmykdxyyxrrtqek,-
37,minted,t1tmtfdgwqxtxoqrnvmosa6kadkayg4kf8n,1,t1tmtfdgwqxtxoqrnvmosa6kadkayg4kf8n,-
39,minted,t1rmhswkzucw9ub1owuggjwv6lbrvbfxczv,1,t1rmhswkzucw9ub1owuggjwv6lbrvbfxczv,-
46,minted,t1rmhswkzucw9ub1owuggjwv6lbrvbfxczv,1,t1rmhswkzucw9ub1owuggjwv6lbrvbfxczv,-
47,minted,t1tm4ukzttclqbius6oqzhbb5wla9soo3ii,1,t1tm4ukzttclqbius6oqzhbb5wla9soo3ii,-
48,minted,t1k6zlqemuuuh7y2tzmnybqtkztmzt4kz5z,1,t1k6zlqemuuuh7y2tzmnybqtkztmzt4kz5z,-
49,minted,t1vxzayz2wtcgluk2rrlctxr5ivjzzfmluy,1,t1vxzayz2wtcgluk2rrlctxr5ivjzzfmluy,-
50,minted,t1b4xybydvhinc2qasg9zgtdrqmxqyb6ax7,1,t1b4xybydvhinc2qasg9zgtdrqmxqyb6ax7,-
51,minted,t1wjymzb8eklefe8jcxdxijvxwrbxybmig5,1,t1wjymzb8eklefe8jcxdxijvxwrbxybmig5,-
54,minted,t1k1k3lvujfthpw1rx5gye1wt1w3nfffkuz,1,t1k1k3lvujfthpw1rx5gye1wt1w3nfffkuz,-
55,minted,t1s2gpitwhmehgxip5iosmgtgnxsnkgkylx,1,t1s2gpitwhmehgxip5iosmgtgnxsnkgkylx,-
59,minted,t1utwwsaslf2xhdaec4hnfbewky6k9e6yqi,1,t1utwwsaslf2xhdaec4hnfbewky6k9e6yqi,-
63,minted,t1keyd75eld8bvhtjn9r2sqxsomd4uksy3q,1,t1keyd75eld8bvhtjn9r2sqxsomd4uksy3q,-
64,minted,t1mbrhhk6cqac6m4qboz9muv9bkinymot5w,1,t1mbrhhk6cqac6m4qboz9muv9bkinymot5w,-
68,minted,t1t954bo5mpnjpjqri544hnaazmwxuvgpmh,1,t1t954bo5mpnjpjqri544hnaazmwxuvgpmh,-
71,minted,t1rivrni4ifxjxgjcn8zu5kqqf5s3omngkl,1,t1rivrni4ifxjxgjcn8zu5kqqf5s3omngkl,-
73,minted,t1lckeea2rgmgawzafrvsyj5fnsbvejxujp,1,t1lckeea2rgmgawzafrvsyj5fnsbvejxujp,-
74,minted,t1khhgjrucrrbn1jhnlz8ibmtok9tpidfui,1,t1khhgjrucrrbn1jhnlz8ibmtok9tpidfui,-
75,minted,t1k6zlqemuuuh7y2tzmnybqtkztmzt4kz5z,1,t1k6zlqemuuuh7y2tzmnybqtkztmzt4kz5z,-
77,minted,t1mbpptgk2u1whfogrhk3b38npfymyf1ckz,1,t1mbpptgk2u1whfogrhk3b38npfymyf1ckz,-
78,minted,t1rmhswkzucw9ub1owuggjwv6lbrvbfxczv,1,t1rmhswkzucw9ub1owuggjwv6lbrvbfxczv,-
79,minted,t1dfjru8b7hjg8t7zxhdcuctfffw7b71alt,1,t1dfjru8b7hjg8t7zxhdcuctfffw7b71alt,-
81,minted,t1geadqaiqyvgaoog8vhocum1sq6scajdbe,1,t1geadqaiqyvgaoog8vhocum1sq6scajdbe,-
82,minted,t1b4xybydvhinc2qasg9zgtdrqmxqyb6ax7,1,t1b4xybydvhinc2qasg9zgtdrqmxqyb6ax7,-
83,minted,t1gfxpmbrdeohuwrzcrms99tghjuw7fufyu,1,t1gfxpmbrdeohuwrzcrms99tghjuw7fufyu,-
86,minted,t1sn6q8wbuc1a2s7tjdbjzcqcti8uqutseq,1,t1sn6q8wbuc1a2s7tjdbjzcqcti8uqutseq,-
88,minted,t1vxjd7iypy58chghwfrhmbnijefrkycbvn,1,t1vxjd7iypy58chghwfrhmbnijefrkycbvn,-
89,minted,t1tdwjklmpx8k3pykwzyamcydtw24agjuus,1,t1tdwjklmpx8k3pykwzyamcydtw24agjuus,-
90,minted,t1kwrij5yvuj3a1paujxjjzxm9mhyz53t1e,1,t1kwrij5yvuj3a1paujxjjzxm9mhyz53t1e,-
91,minted,t1mhq2en1mz5gges8ywfszckbkms2fgq65h,1,t1mhq2en1mz5gges8ywfszckbkms2fgq65h,-
93,minted,t1keyd75eld8bvhtjn9r2sqxsomd4uksy3q,1,t1keyd75eld8bvhtjn9r2sqxsomd4uksy3q,-
95,minted,t1lzi24jydjzsfib29wpm2jvp83kwlnkcrb,1,t1lzi24jydjzsfib29wpm2jvp83kwlnkcrb,-
97,minted,t1k1k3lvujfthpw1rx5gye1wt1w3nfffkuz,1,t1k1k3lvujfthpw1rx5gye1wt1w3nfffkuz,-
99,minted,t1n1xtg7cfgtg5dpjmtn6kohhpdmxtfehxe,1,t1n1xtg7cfgtg5dpjmtn6kohhpdmxtfehxe,-
100,minted,t1gfxpmbrdeohuwrzcrms99tghjuw7fufyu,1,t1gfxpmbrdeohuwrzcrms99tghjuw7fufyu,-
101,minted,t1qupqtxglgncbo4msuegxdvjmbyunvptdb,1,t1qupqtxglgncbo4msuegxdvjmbyunvptdb,-
102,minted,t1ls3lszpnhsc73sva1vxdteuwkprr9xwmv,1,t1ls3lszpnhsc73sva1vxdteuwkprr9xwmv,-
105,minted,t1t954bo5mpnjpjqri544hnaazmwxuvgpmh,1,t1t954bo5mpnjpjqri544hnaazmwxuvgpmh,-
107,minted,t1lz7kt1duyahmqzcuxp8jvrcvy1ps6so6e,1,t1lz7kt1duyahmqzcuxp8jvrcvy1ps6so6e,-
108,minted,t1tm3cakrhdvy2bdakoqgtkyea4qed9qda8,1,t1tm3cakrhdvy2bdakoqgtkyea4qed9qda8,-
109,minted,t1rnjbkm81ui7zsy2z2udyi7bil5xvjspvh,1,t1rnjbkm81ui7zsy2z2udyi7bil5xvjspvh,-
111,minted,t1qupqtxglgncbo4msuegxdvjmbyunvptdb,1,t1qupqtxglgncbo4msuegxdvjmbyunvptdb,-
113,minted,t1c3ko29zefpjjtwe5bqs44hkfzmmshqzj2,1,t1c3ko29zefpjjtwe5bqs44hkfzmmshqzj2,-
114,minted,t1d4y89g5ihbft9j3ri55n44roiruftyxan,1,t1d4y89g5ihbft9j3ri55n44roiruftyxan,-
115,minted,t1wwe8mf17ryho7niz6wlhriaxac5f8qymi,1,t1wwe8mf17ryho7niz6wlhriaxac5f8qymi,-
117,minted,t1xugqv2svc6pygv3vukasyehzoefvgvr21,1,t1xugqv2svc6pygv3vukasyehzoefvgvr21,-
122,minted,t1aknvdhvvfl6kbr2gnmx2i9zgqtklnxuun,1,t1aknvdhvvfl6kbr2gnmx2i9zgqtklnxuun,-
123,minted,t1tuhpqkrnvjpjkj3yaenccecenarccfwgv,1,t1tuhpqkrnvjpjkj3yaenccecenarccfwgv,-
124,minted,t1c3ko29zefpjjtwe5bqs44hkfzmmshqzj2,1,t1c3ko29zefpjjtwe5bqs44hkfzmmshqzj2,-
125,minted,t1qupqtxglgncbo4msuegxdvjmbyunvptdb,1,t1qupqtxglgncbo4msuegxdvjmbyunvptdb,-
126,minted,t1sfspzr7wtmr9xphbunoutjbarefwi1jyu,1,t1sfspzr7wtmr9xphbunoutjbarefwi1jyu,-
127,minted,t1spxtuunzq1e2xuztdsaida2afxjutkyqf,1,t1spxtuunzq1e2xuztdsaida2afxjutkyqf,-
128,minted,t1uwhgycnxruf62kfea3wefuetqlahxttqv,1,t1uwhgycnxruf62kfea3wefuetqlahxttqv,-
129,minted,t1wfqvahfqki118grvxx59xppvbjjo61emf,1,t1wfqvahfqki118grvxx59xppvbjjo61emf,-
131,minted,t1cdzqcr1bu9exe6wru1yxqjwv5asqjfbby,1,t1cdzqcr1bu9exe6wru1yxqjwv5asqjfbby,-
134,minted,t1qunysptkw1jvmv2abfvljustmikybvfiy,1,t1qunysptkw1jvmv2abfvljustmikybvfiy,-
135,minted,t1wup8b6wsaeewjbzszy5kfnvessbm8dhdj,1,t1wup8b6wsaeewjbzszy5kfnvessbm8dhdj,-
136,minted,t1zqvsuwkcpsatkemvfpzharvucbz7b9sq4,1,t1zqvsuwkcpsatkemvfpzharvucbz7b9sq4,-
137,minted,t1urpiavkof3253qofgncv8fwp6zaihlsua,1,t1urpiavkof3253qofgncv8fwp6zaihlsua,-
138,minted,t1zh9lv5vbv46uxr8awm65kunztgodkgsp6,1,t1zh9lv5vbv46uxr8awm65kunztgodkgsp6,-
139,minted,t1b3zgxvh3pagwffnadb6adlat9lgwdc1sd,1,t1b3zgxvh3pagwffnadb6adlat9lgwdc1sd,-
141,minted,t1plzelr9uehatsdzm1kb57wz8bnd9p1hdl,1,t1plzelr9uehatsdzm1kb57wz8bnd9p1hdl,-
143,minted,t1zuffvd1tk6pux9r8zbojyoajsmip5awra,1,t1zuffvd1tk6pux9r8zbojyoajsmip5awra,-
146,minted,t1edeayny2lzdrdyy65r37opkpnkhaoeazy,1,t1edeayny2lzdrdyy65r37opkpnkhaoeazy,-
147,minted,t1ntc76ehbxiqujv2dfaffwaeugj8tmvwzw,1,t1ntc76ehbxiqujv2dfaffwaeugj8tmvwzw,-
148,minted,t1zvfc8q8ritdcmiyfuo4k1sytbf7fgtggs,1,t1zvfc8q8ritdcmiyfuo4k1sytbf7fgtggs,-
150,minted,t1gfxpmbrdeohuwrzcrms99tghjuw7fufyu,1,t1gfxpmbrdeohuwrzcrms99tghjuw7fufyu,-
155,minted,t1qpeclgkhmw4xgk2v6kaixumhjf5pehox1,1,t1qpeclgkhmw4xgk2v6kaixumhjf5pehox1,-
156,minted,t1ad5mp7aux3fxfv5hwtjfeiihcdtb71smg,1,t1ad5mp7aux3fxfv5hwtjfeiihcdtb71smg,-
161,minted,t1wuc9smduamu6tphqqkn5nhkq9jcfwljzv,1,t1wuc9smduamu6tphqqkn5nhkq9jcfwljzv,-
162,minted,t1yhhkhqqqgtgr7fqa2ce1pcagqxwt5xwcy,1,t1yhhkhqqqgtgr7fqa2ce1pcagqxwt5xwcy,-
163,minted,t1k1k3lvujfthpw1rx5gye1wt1w3nfffkuz,1,t1k1k3lvujfthpw1rx5gye1wt1w3nfffkuz,-
165,minted,t1ad5mp7aux3fxfv5hwtjfeiihcdtb71smg,1,t1ad5mp7aux3fxfv5hwtjfeiihcdtb71smg,-
166,minted,t1egohrhbvkcebhmzf9xvxfy86njvkjkssa,1,t1egohrhbvkcebhmzf9xvxfy86njvkjkssa,-
169,minted,t1kcuw1npvr56on7dbzkddjob41akjlwe2h,1,t1kcuw1npvr56on7dbzkddjob41akjlwe2h,-
175,minted,t1nveuzt6vcr9tm2p2xd1gxdbnwyo6rrd39,1,t1nveuzt6vcr9tm2p2xd1gxdbnwyo6rrd39,-
177,minted,t1zvfc8q8ritdcmiyfuo4k1sytbf7fgtggs,1,t1zvfc8q8ritdcmiyfuo4k1sytbf7fgtggs,-
179,failed,t1b4xybydvhinc2qasg9zgtdrqmxqyb6ax7,1,-,-
181,minted,t1ev9bumx5osibnkbe22pqnkad7sbnv5qgo,1,t1ev9bumx5osibnkbe22pqnkad7sbnv5qgo,-
182,minted,t1dfjru8b7hjg8t7zxhdcuctfffw7b71alt,1,t1dfjru8b7hjg8t7zxhdcuctfffw7b71alt,-
184,minted,t1xkb2xu5cytyrh46mgtxqe9rbuvcwmdxbw,1,t1xkb2xu5cytyrh46mgtxqe9rbuvcwmdxbw,-
185,minted,t1rnjbkm81ui7zsy2z2udyi7bil5xvjspvh,1,t1rnjbkm81ui7zsy2z2udyi7bil5xvjspvh,-
187,minted,t1xkb2xu5cytyrh46mgtxqe9rbuvcwmdxbw,1,t1xkb2xu5cytyrh46mgtxqe9rbuvcwmdxbw,-
188,minted,t1vf4k61qeseulhxpzkjch3nb3q1vw6fvx9,1,t1vf4k61qeseulhxpzkjch3nb3q1vw6fvx9,-
189,minted,t1qunysptkw1jvmv2abfvljustmikybvfiy,1,t1qunysptkw1jvmv2abfvljustmikybvfiy,-
194,minted,t1roxdrmb2qgdvzwejbtpl7assozek7uhnb,1,t1roxdrmb2qgdvzwejbtpl7assozek7uhnb,-
195,minted,t1xhfqj7mpkskx4zd7xnhulq6g78c8sz4k5,1,t1xhfqj7mpkskx4zd7xnhulq6g78c8sz4k5,-
196,minted,t1umuzozkqrbtaknbascznhnpqj7dxixrvq,1,t1umuzozkqrbtaknbascznhnpqj7dxixrvq,-
197,minted,t1dfjru8b7hjg8t7zxhdcuctfffw7b71alt,1,t1dfjru8b7hjg8t7zxhdcuctfffw7b71alt,-
198,minted,t1k6zlqemuuuh7y2tzmnybqtkztmzt4kz5z,1,t1k6zlqemuuuh7y2tzmnybqtkztmzt4kz5z,-
200,minted,t1aphfzzmcujqhuenxl5odscmyv97ti5dwv,1,t1aphfzzmcujqhuenxl5odscmyv97ti5dwv,-
201,minted,t1keyd75eld8bvhtjn9r2sqxsomd4uksy3q,1,t1keyd75eld8bvhtjn9r2sqxsomd4uksy3q,-
202,minted,t1xkjq7z7dq1s1ksfux7qnk9l8a5rtjxapu,1,t1xkjq7z7dq1s1ksfux7qnk9l8a5rtjxapu,-
203,minted,t1qupqtxglgncbo4msuegxdvjmbyunvptdb,1,t1qupqtxglgncbo4msuegxdvjmbyunvptdb,-
204,minted,t1plzelr9uehatsdzm1kb57wz8bnd9p1hdl,1,t1plzelr9uehatsdzm1kb57wz8bnd9p1hdl,-
207,minted,t1wup8b6wsaeewjbzszy5kfnvessbm8dhdj,1,t1wup8b6wsaeewjbzszy5kfnvessbm8dhdj,-
208,minted,t1vnqzdvmveogfsmvu2hqbadttvlfre5fcr,1,t1vnqzdvmveogfsmvu2hqbadttvlfre5fcr,-
209,minted,t1swxdgrkwwzgzchaqrn1u8n5sr6gsjtt11,1,t1swxdgrkwwzgzchaqrn1u8n5sr6gsjtt11,-
210,minted,t1lckeea2rgmgawzafrvsyj5fnsbvejxujp,1,t1lckeea2rgmgawzafrvsyj5fnsbvejxujp,-
211,minted,t1swxdgrkwwzgzchaqrn1u8n5sr6gsjtt11,1,t1swxdgrkwwzgzchaqrn1u8n5sr6gsjtt11,-
213,minted,t1gfxpmbrdeohuwrzcrms99tghjuw7fufyu,1,t1gfxpmbrdeohuwrzcrms99tghjuw7fufyu,-
214,minted,t1vimk2cvlaf4yf1cpkyw9zw2vqglla6pw9,1,t1vimk2cvlaf4yf1cpkyw9zw2vqglla6pw9,-
215,minted,t1wjymzb8eklefe8jcxdxijvxwrbxybmig5,1,t1wjymzb8eklefe8jcxdxijvxwrbxybmig5,-
216,minted,t1dfjru8b7hjg8t7zxhdcuctfffw7b71alt,1,t1dfjru8b7hjg8t7zxhdcuctfffw7b71alt,-
217,minted,t1lckeea2rgmgawzafrvsyj5fnsbvejxujp,1,t1lckeea2rgmgawzafrvsyj5fnsbvejxujp,-
219,minted,t1harykyjfctqhcswkwobfnqydrtpybcusz,1,t1harykyjfctqhcswkwobfnqydrtpybcusz,-
221,minted,t1k1k3lvujfthpw1rx5gye1wt1w3nfffkuz,1,t1k1k3lvujfthpw1rx5gye1wt1w3nfffkuz,-
224,minted,t1redydp4vcmaufwpkoihptr3ommyslnmxu,1,t1redydp4vcmaufwpkoihptr3ommyslnmxu,-
225,failed,t1b4xybydvhinc2qasg9zgtdrqmxqyb6ax7,1,-,-
226,minted,t1qr45sgpxm8tmdkcpb2ntxbkacl6mqdopq,1,t1qr45sgpxm8tmdkcpb2ntxbkacl6mqdopq,-
227,minted,t1qpeclgkhmw4xgk2v6kaixumhjf5pehox1,1,t1qpeclgkhmw4xgk2v6kaixumhjf5pehox1,-
228,minted,t1xyrfax3c7zbwfxmqcfsqxbmtngrnjhygh,1,t1xyrfax3c7zbwfxmqcfsqxbmtngrnjhygh,-
229,minted,t1tk5exioia8at4ohgcguhdesvivbdmjfj5,1,t1tk5exioia8at4ohgcguhdesvivbdmjfj5,-
230,minted,t1dfjru8b7hjg8t7zxhdcuctfffw7b71alt,1,t1dfjru8b7hjg8t7zxhdcuctfffw7b71alt,-
231,minted,t1rivrni4ifxjxgjcn8zu5kqqf5s3omngkl,1,t1rivrni4ifxjxgjcn8zu5kqqf5s3omngkl,-
234,minted,t1rmhswkzucw9ub1owuggjwv6lbrvbfxczv,1,t1rmhswkzucw9ub1owuggjwv6lbrvbfxczv,-
239,minted,t1aphfzzmcujqhuenxl5odscmyv97ti5dwv,1,t1aphfzzmcujqhuenxl5odscmyv97ti5dwv,-
240,minted,t1kcfed5andgkefujlxgiwlyrrxrewicggr,1,t1kcfed5andgkefujlxgiwlyrrxrewicggr,-
241,minted,t1c9zdg3amocc9xwk4s522bp5c9ye5x4d6p,1,t1c9zdg3amocc9xwk4s522bp5c9ye5x4d6p,-
242,minted,t1uijcpndrzgcmqlg67y8ld8xailbijq9ku,1,t1uijcpndrzgcmqlg67y8ld8xailbijq9ku,-
243,minted,t1cufblk8osimwlfkpnt815kcsllnjqetwk,1,t1cufblk8osimwlfkpnt815kcsllnjqetwk,-
245,minted,t1qpeclgkhmw4xgk2v6kaixumhjf5pehox1,1,t1qpeclgkhmw4xgk2v6kaixumhjf5pehox1,-
246,minted,t1harykyjfctqhcswkwobfnqydrtpybcusz,1,t1harykyjfctqhcswkwobfnqydrtpybcusz,-
248,minted,t1sg7teea9tkjymwsffeq3aqyczdvpknsny,1,t1sg7teea9tkjymwsffeq3aqyczdvpknsny,-
249,minted,t1aphfzzmcujqhuenxl5odscmyv97ti5dwv,1,t1aphfzzmcujqhuenxl5odscmyv97ti5dwv,-
253,minted,t1edeayny2lzdrdyy65r37opkpnkhaoeazy,1,t1edeayny2lzdrdyy65r37opkpnkhaoeazy,-
255,minted,t1psnfhk4ildwruk9t5s955rcsdypgkzlch,1,t1psnfhk4ildwruk9t5s955rcsdypgkzlch,-
257,minted,t1vxjd7iypy58chghwfrhmbnijefrkycbvn,1,t1vxjd7iypy58chghwfrhmbnijefrkycbvn,-
261,minted,t1w4yxr8rtmgzkd25jgweywxqnem3llmxwq,1,t1w4yxr8rtmgzkd25jgweywxqnem3llmxwq,-
263,minted,t1qupqtxglgncbo4msuegxdvjmbyunvptdb,1,t1qupqtxglgncbo4msuegxdvjmbyunvptdb,-
264,minted,t1uwhgycnxruf62kfea3wefuetqlahxttqv,1,t1uwhgycnxruf62kfea3wefuetqlahxttqv,-
265,minted,t1qyfewbckpqy1q8ck5f5g2yv69urgdtdab,1,t1qyfewbckpqy1q8ck5f5g2yv69urgdtdab,-
266,minted,t1tk5exioia8at4ohgcguhdesvivbdmjfj5,1,t1tk5exioia8at4ohgcguhdesvivbdmjfj5,-
267,minted,t1kayatk2rupd6vgyudh88q4ssbdennhhoh,1,t1kayatk2rupd6vgyudh88q4ssbdennhhoh,-
268,minted,t1k1k3lvujfthpw1rx5gye1wt1w3nfffkuz,1,t1k1k3lvujfthpw1rx5gye1wt1w3nfffkuz,-
269,minted,t1tqmu6mujknd7ieks9wpikrwswzdcxkdfc,1,t1tqmu6mujknd7ieks9wpikrwswzdcxkdfc,-
274,minted,t1utwwsaslf2xhdaec4hnfbewky6k9e6yqi,1,t1utwwsaslf2xhdaec4hnfbewky6k9e6yqi,-
275,minted,t1yfgvhdolzlcwgbxa54mnc4hzjhm9jiteh,1,t1yfgvhdolzlcwgbxa54mnc4hzjhm9jiteh,-
276,minted,t1px7hlrau7co9lk3k81jcrntnilhrwgoxj,1,t1px7hlrau7co9lk3k81jcrntnilhrwgoxj,-
279,minted,t1yvnhrmuhezqczspzi71yd8xk4xfywy5vg,1,t1yvnhrmuhezqczspzi71yd8xk4xfywy5vg,-
281,minted,t1sv5yhhefkgqyxnf6v2dzteuwr9fth5otq,1,t1sv5yhhefkgqyxnf6v2dzteuwr9fth5otq,-
284,minted,t1k1k3lvujfthpw1rx5gye1wt1w3nfffkuz,1,t1k1k3lvujfthpw1rx5gye1wt1w3nfffkuz,-
285,minted,t1jdsfjfc6ydm63jvp9jtmykdxyyxrrtqek,1,t1jdsfjfc6ydm63jvp9jtmykdxyyxrrtqek,-
286,minted,t1geadqaiqyvgaoog8vhocum1sq6scajdbe,1,t1geadqaiqyvgaoog8vhocum1sq6scajdbe,-
287,minted,t1lakakmmjky8le5cmznkgdvcvvtnrkac8a,1,t1lakakmmjky8le5cmznkgdvcvvtnrkac8a,-
288,minted,t1qbjuqt1hbqzrjjz9u4532oitwefqemvtp,1,t1qbjuqt1hbqzrjjz9u4532oitwefqemvtp,-
291,minted,t1plr7emfb4ptjr3ydgkxtvvcx88vipczbg,1,t1plr7emfb4ptjr3ydgkxtvvcx88vipczbg,-
293,minted,t1lyxeaoefs951bbawlt2j6fkes2suuhhwq,1,t1lyxeaoefs951bbawlt2j6fkes2suuhhwq,-
294,minted,t1wmvgymhcviohvrozfxtkvmemy5bmuintt,1,t1wmvgymhcviohvrozfxtkvmemy5bmuintt,-
296,minted,t1jts8xyoc3stscbtkbkpdspd3detcnfb4u,1,t1jts8xyoc3stscbtkbkpdspd3detcnfb4u,-
297,minted,t1lckeea2rgmgawzafrvsyj5fnsbvejxujp,1,t1lckeea2rgmgawzafrvsyj5fnsbvejxujp,-
298,minted,t1b4xybydvhinc2qasg9zgtdrqmxqyb6ax7,1,t1b4xybydvhinc2qasg9zgtdrqmxqyb6ax7,-
299,minted,t1wsohyjrazyhjmzfvbxtrbwh1fo9iypbqx,1,t1wsohyjrazyhjmzfvbxtrbwh1fo9iypbqx,-
300,minted,t1n9vkjsqqpvji45dbmsyqbf3oms6efzbav,1,t1n9vkjsqqpvji45dbmsyqbf3oms6efzbav,-
303,minted,t1qupqtxglgncbo4msuegxdvjmbyunvptdb,1,t1qupqtxglgncbo4msuegxdvjmbyunvptdb,-
305,minted,t1harykyjfctqhcswkwobfnqydrtpybcusz,1,t1harykyjfctqhcswkwobfnqydrtpybcusz,-
306,minted,t1dfjru8b7hjg8t7zxhdcuctfffw7b71alt,1,t1dfjru8b7hjg8t7zxhdcuctfffw7b71alt,-
309,minted,t1wjymzb8eklefe8jcxdxijvxwrbxybmig5,1,t1wjymzb8eklefe8jcxdxijvxwrbxybmig5,-
311,minted,t1k6zlqemuuuh7y2tzmnybqtkztmzt4kz5z,1,t1k6zlqemuuuh7y2tzmnybqtkztmzt4kz5z,-
314,minted,t1dgdz9egczairj78ukztzdby6au3v6sugm,1,t1dgdz9egczairj78ukztzdby6au3v6sugm,-
315,minted,t1geadqaiqyvgaoog8vhocum1sq6scajdbe,1,t1geadqaiqyvgaoog8vhocum1sq6scajdbe,-
316,minted,t1khhgjrucrrbn1jhnlz8ibmtok9tpidfui,1,t1khhgjrucrrbn1jhnlz8ibmtok9tpidfui,-
317,minted,t1x8y4rmom1vwjsnddyczrx9aphsx9mdo3k,1,t1x8y4rmom1vwjsnddyczrx9aphsx9mdo3k,-
319,minted,t1rnjbkm81ui7zsy2z2udyi7bil5xvjspvh,1,t1rnjbkm81ui7zsy2z2udyi7bil5xvjspvh,-
320,minted,t1tskumd6v3roqqj5pg91uwdqjodnozds8l,1,t1tskumd6v3roqqj5pg91uwdqjodnozds8l,-
321,minted,t1qbjuqt1hbqzrjjz9u4532oitwefqemvtp,1,t1qbjuqt1hbqzrjjz9u4532oitwefqemvtp,-
323,minted,t1px7hlrau7co9lk3k81jcrntnilhrwgoxj,1,t1px7hlrau7co9lk3k81jcrntnilhrwgoxj,-
326,minted,t1z6wmzrucnzzeytapanyucbttqraopcsxz,1,t1z6wmzrucnzzeytapanyucbttqraopcsxz,-
327,minted,t1keyd75eld8bvhtjn9r2sqxsomd4uksy3q,1,t1keyd75eld8bvhtjn9r2sqxsomd4uksy3q,-
329,minted,t1k1k3lvujfthpw1rx5gye1wt1w3nfffkuz,1,t1k1k3lvujfthpw1rx5gye1wt1w3nfffkuz,-
330,minted,t1k6zlqemuuuh7y2tzmnybqtkztmzt4kz5z,1,t1k6zlqemuuuh7y2tzmnybqtkztmzt4kz5z,-
331,minted,t1tm3cakrhdvy2bdakoqgtkyea4qed9qda8,1,t1tm3cakrhdvy2bdakoqgtkyea4qed9qda8,-
334,minted,t1nveuzt6vcr9tm2p2xd1gxdbnwyo6rrd39,1,t1nveuzt6vcr9tm2p2xd1gxdbnwyo6rrd39,-
335,minted,t1ajuljsbupivq2cpeden4qvgvxnodyv75g,1,t1ajuljsbupivq2cpeden4qvgvxnodyv75g,-
336,minted,t1eqrq34pr3zkecprjvanrxmpdpxt32j8tv,1,t1eqrq34pr3zkecprjvanrxmpdpxt32j8tv,-
338,minted,t1xugqv2svc6pygv3vukasyehzoefvgvr21,1,t1xugqv2svc6pygv3vukasyehzoefvgvr21,-
339,minted,t1b3zgxvh3pagwffnadb6adlat9lgwdc1sd,1,t1b3zgxvh3pagwffnadb6adlat9lgwdc1sd,-
341,minted,t1tqmu6mujknd7ieks9wpikrwswzdcxkdfc,1,t1tqmu6mujknd7ieks9wpikrwswzdcxkdfc,-
343,minted,t1kayatk2rupd6vgyudh88q4ssbdennhhoh,1,t1kayatk2rupd6vgyudh88q4ssbdennhhoh,-
345,minted,t1ugnmmfgvei3prgchynzyhugd5qysjpdcd,1,t1ugnmmfgvei3prgchynzyhugd5qysjpdcd,-
346,minted,t1rgw6g813bmzoyvyd37iaewney6hditzvq,1,t1rgw6g813bmzoyvyd37iaewney6hditzvq,-
348,minted,t1c3ko29zefpjjtwe5bqs44hkfzmmshqzj2,1,t1c3ko29zefpjjtwe5bqs44hkfzmmshqzj2,-
350,minted,t1qbjuqt1hbqzrjjz9u4532oitwefqemvtp,1,t1qbjuqt1hbqzrjjz9u4532oitwefqemvtp,-
351,minted,t1c3ko29zefpjjtwe5bqs44hkfzmmshqzj2,1,t1c3ko29zefpjjtwe5bqs44hkfzmmshqzj2,-
357,minted,t1k6zlqemuuuh7y2tzmnybqtkztmzt4kz5z,1,t1k6zlqemuuuh7y2tzmnybqtkztmzt4kz5z,-
363,minted,t1ackjtwvbsfgafminnbmneegdypv9g3gca,1,t1ackjtwvbsfgafminnbmneegdypv9g3gca,-
365,minted,t1n9vkjsqqpvji45dbmsyqbf3oms6efzbav,1,t1n9vkjsqqpvji45dbmsyqbf3oms6efzbav,-
366,minted,t1tm4ukzttclqbius6oqzhbb5wla9soo3ii,1,t1tm4ukzttclqbius6oqzhbb5wla9soo3ii,-
368,minted,t1eeycfbwbu2fm3fztxs4iufljukzbnqpdg,1,t1eeycfbwbu2fm3fztxs4iufljukzbnqpdg,-
369,minted,t1xugqv2svc6pygv3vukasyehzoefvgvr21,1,t1xugqv2svc6pygv3vukasyehzoefvgvr21,-
370,minted,t1roxdrmb2qgdvzwejbtpl7assozek7uhnb,1,t1roxdrmb2qgdvzwejbtpl7assozek7uhnb,-
371,minted,t1jts8xyoc3stscbtkbkpdspd3detcnfb4u,1,t1jts8xyoc3stscbtkbkpdspd3detcnfb4u,-
376,minted,t1tm4ukzttclqbius6oqzhbb5wla9soo3ii,1,t1tm4ukzttclqbius6oqzhbb5wla9soo3ii,-
379,minted,t1zuffvd1tk6pux9r8zbojyoajsmip5awra,1,t1zuffvd1tk6pux9r8zbojyoajsmip5awra,-
380,minted,t1ls3lszpnhsc73sva1vxdteuwkprr9xwmv,1,t1ls3lszpnhsc73sva1vxdteuwkprr9xwmv,-
381,minted,t1qupqtxglgncbo4msuegxdvjmbyunvptdb,1,t1qupqtxglgncbo4msuegxdvjmbyunvptdb,-
382,minted,t1gfxpmbrdeohuwrzcrms99tghjuw7fufyu,1,t1gfxpmbrdeohuwrzcrms99tghjuw7fufyu,-
383,minted,t1dfjru8b7hjg8t7zxhdcuctfffw7b71alt,1,t1dfjru8b7hjg8t7zxhdcuctfffw7b71alt,-
384,minted,t1tm4ukzttclqbius6oqzhbb5wla9soo3ii,1,t1tm4ukzttclqbius6oqzhbb5wla9soo3ii,-
385,minted,t1k6zlqemuuuh7y2tzmnybqtkztmzt4kz5z,1,t1k6zlqemuuuh7y2tzmnybqtkztmzt4kz5z,-
388,minted,t1xz9wssa47fhevjs2vtb75ukdfjnexhg7x,1,t1xz9wssa47fhevjs2vtb75ukdfjnexhg7x,-
390,minted,t1sjbaodtmts94hhndm1g6gsxs9r56r3fmi,1,t1sjbaodtmts94hhndm1g6gsxs9r56r3fmi,-
392,minted,t1zuffvd1tk6pux9r8zbojyoajsmip5awra,1,t1zuffvd1tk6pux9r8zbojyoajsmip5awra,-
396,minted,t1jdsfjfc6ydm63jvp9jtmykdxyyxrrtqek,1,t1jdsfjfc6ydm63jvp9jtmykdxyyxrrtqek,-
397,minted,t1wuc9smduamu6tphqqkn5nhkq9jcfwljzv,1,t1wuc9smduamu6tphqqkn5nhkq9jcfwljzv,-
398,minted,t1jdsfjfc6ydm63jvp9jtmykdxyyxrrtqek,1,t1jdsfjfc6ydm63jvp9jtmykdxyyxrrtqek,-
399,minted,t1aphfzzmcujqhuenxl5odscmyv97ti5dwv,1,t1aphfzzmcujqhuenxl5odscmyv97ti5dwv,-
400,minted,t1rgw6g813bmzoyvyd37iaewney6hditzvq,1,t1rgw6g813bmzoyvyd37iaewney6hditzvq,-
401,minted,t1bzl1asatjjcpee5t3hsqdmpvhw39rmzan,1,t1bzl1asatjjcpee5t3hsqdmpvhw39rmzan,-
406,minted,t1qpeclgkhmw4xgk2v6kaixumhjf5pehox1,1,t1qpeclgkhmw4xgk2v6kaixumhjf5pehox1,-
407,minted,t1ackjtwvbsfgafminnbmneegdypv9g3gca,1,t1ackjtwvbsfgafminnbmneegdypv9g3gca,-
409,minted,t1nmcjpeuqab3ghpbqpfzg7xypw3th4krnp,1,t1nmcjpeuqab3ghpbqpfzg7xypw3th4krnp,-
410,minted,t1fym6ponzmhqgj1azpaimmy1wzligfzdwt,1,t1fym6ponzmhqgj1azpaimmy1wzligfzdwt,-
412,minted,t1ceuykreawgbzptq5b4crcjswqgk3iwcvu,1,t1ceuykreawgbzptq5b4crcjswqgk3iwcvu,-
413,minted,t1kqn6lrzaaqmy4vetlswnmpucd71ltoesq,1,t1kqn6lrzaaqmy4vetlswnmpucd71ltoesq,-
414,minted,t1c9zdg3amocc9xwk4s522bp5c9ye5x4d6p,1,t1c9zdg3amocc9xwk4s522bp5c9ye5x4d6p,-
415,minted,t1ad5mp7aux3fxfv5hwtjfeiihcdtb71smg,1,t1ad5mp7aux3fxfv5hwtjfeiihcdtb71smg,-
416,minted,t1n2xu9lwtm2ht86utphhhi1umgppn6lfw5,1,t1n2xu9lwtm2ht86utphhhi1umgppn6lfw5,-
417,minted,t1qpeclgkhmw4xgk2v6kaixumhjf5pehox1,1,t1qpeclgkhmw4xgk2v6kaixumhjf5pehox1,-
418,minted,t1kcuw1npvr56on7dbzkddjob41akjlwe2h,1,t1kcuw1npvr56on7dbzkddjob41akjlwe2h,-
419,minted,t1sg7teea9tkjymwsffeq3aqyczdvpknsny,1,t1sg7teea9tkjymwsffeq3aqyczdvpknsny,-
420,minted,t1rgw6g813bmzoyvyd37iaewney6hditzvq,1,t1rgw6g813bmzoyvyd37iaewney6hditzvq,-
421,minted,t1harykyjfctqhcswkwobfnqydrtpybcusz,1,t1harykyjfctqhcswkwobfnqydrtpybcusz,-
424,minted,t1rjxectx3e63ydhaerxyynqck71mp117ty,1,t1rjxectx3e63ydhaerxyynqck71mp117ty,-
426,minted,t1sjbaodtmts94hhndm1g6gsxs9r56r3fmi,1,t1sjbaodtmts94hhndm1g6gsxs9r56r3fmi,-
428,minted,t1qyfewbckpqy1q8ck5f5g2yv69urgdtdab,1,t1qyfewbckpqy1q8ck5f5g2yv69urgdtdab,-
430,minted,t1tdx3jecge1dd9pmzxuaphvjm5hyq2c7wn,1,t1tdx3jecge1dd9pmzxuaphvjm5hyq2c7wn,-
431,minted,t1qbjuqt1hbqzrjjz9u4532oitwefqemvtp,1,t1qbjuqt1hbqzrjjz9u4532oitwefqemvtp,-
432,minted,t1keyd75eld8bvhtjn9r2sqxsomd4uksy3q,1,t1keyd75eld8bvhtjn9r2sqxsomd4uksy3q,-
433,minted,t1fym6ponzmhqgj1azpaimmy1wzligfzdwt,1,t1fym6ponzmhqgj1azpaimmy1wzligfzdwt,-
437,minted,t1ajuljsbupivq2cpeden4qvgvxnodyv75g,1,t1ajuljsbupivq2cpeden4qvgvxnodyv75g,-
438,minted,t1ceuykreawgbzptq5b4crcjswqgk3iwcvu,1,t1ceuykreawgbzptq5b4crcjswqgk3iwcvu,-
439,minted,t1kcuw1npvr56on7dbzkddjob41akjlwe2h,1,t1kcuw1npvr56on7dbzkddjob41akjlwe2h,-
441,minted,t1wjymzb8eklefe8jcxdxijvxwrbxybmig5,1,t1wjymzb8eklefe8jcxdxijvxwrbxybmig5,-
443,minted,t1g797iuz3hzgkyxzuxjlukm7a8juqndwnv,1,t1g797iuz3hzgkyxzuxjlukm7a8juqndwnv,-
444,minted,t1q3k7lwfkwzyxbpwjrqe9mewfw7iqwbbpg,1,t1q3k7lwfkwzyxbpwjrqe9mewfw7iqwbbpg,-
445,minted,t1sn6q8wbuc1a2s7tjdbjzcqcti8uqutseq,1,t1sn6q8wbuc1a2s7tjdbjzcqcti8uqutseq,-
446,minted,t1ei9zqv4p3d3mc7vm5vkxhtkeewejvsgdx,1,t1ei9zqv4p3d3mc7vm5vkxhtkeewejvsgdx,-
448,minted,t1z6wmzrucnzzeytapanyucbttqraopcsxz,1,t1z6wmzrucnzzeytapanyucbttqraopcsxz,-
449,minted,t1sjbaodtmts94hhndm1g6gsxs9r56r3fmi,1,t1sjbaodtmts94hhndm1g6gsxs9r56r3fmi,-
451,minted,t1rgw6g813bmzoyvyd37iaewney6hditzvq,1,t1rgw6g813bmzoyvyd37iaewney6hditzvq,-
453,minted,t1qyfewbckpqy1q8ck5f5g2yv69urgdtdab,1,t1qyfewbckpqy1q8ck5f5g2yv69urgdtdab,-
456,minted,t1sg7teea9tkjymwsffeq3aqyczdvpknsny,1,t1sg7teea9tkjymwsffeq3aqyczdvpknsny,-
457,minted,t1e8ngofffiypiaep6pvacscj6g3y1ircr8,1,t1e8ngofffiypiaep6pvacscj6g3y1ircr8,-
458,minted,t1gfxpmbrdeohuwrzcrms99tghjuw7fufyu,1,t1gfxpmbrdeohuwrzcrms99tghjuw7fufyu,-
460,minted,t1rmhswkzucw9ub1owuggjwv6lbrvbfxczv,1,t1rmhswkzucw9ub1owuggjwv6lbrvbfxczv,-
461,minted,t1k6zlqemuuuh7y2tzmnybqtkztmzt4kz5z,1,t1k6zlqemuuuh7y2tzmnybqtkztmzt4kz5z,-
462,minted,t1tm4ukzttclqbius6oqzhbb5wla9soo3ii,1,t1tm4ukzttclqbius6oqzhbb5wla9soo3ii,-
464,minted,t1ldpz7hjrtq2ungknph3lf8ihehlsmebsv,1,t1ldpz7hjrtq2ungknph3lf8ihehlsmebsv,-
465,minted,t1ktjgv2pfr1zjjsysvbhazviuacosicske,1,t1ktjgv2pfr1zjjsysvbhazviuacosicske,-
466,minted,t1vxzayz2wtcgluk2rrlctxr5ivjzzfmluy,1,t1vxzayz2wtcgluk2rrlctxr5ivjzzfmluy,-
467,minted,t1swxdgrkwwzgzchaqrn1u8n5sr6gsjtt11,1,t1swxdgrkwwzgzchaqrn1u8n5sr6gsjtt11,-
468,minted,t1zvfc8q8ritdcmiyfuo4k1sytbf7fgtggs,1,t1zvfc8q8ritdcmiyfuo4k1sytbf7fgtggs,-
471,minted,t1keyd75eld8bvhtjn9r2sqxsomd4uksy3q,1,t1keyd75eld8bvhtjn9r2sqxsomd4uksy3q,-
473,minted,t1ad5mp7aux3fxfv5hwtjfeiihcdtb71smg,1,t1ad5mp7aux3fxfv5hwtjfeiihcdtb71smg,-
474,minted,t1mesgayna3uxewakpuyhh464vyffvtchvv,1,t1mesgayna3uxewakpuyhh464vyffvtchvv,-
475,minted,t1uwhgycnxruf62kfea3wefuetqlahxttqv,1,t1uwhgycnxruf62kfea3wefuetqlahxttqv,-
477,minted,t1vf4k61qeseulhxpzkjch3nb3q1vw6fvx9,1,t1vf4k61qeseulhxpzkjch3nb3q1vw6fvx9,-
478,minted,t1k1k3lvujfthpw1rx5gye1wt1w3nfffkuz,1,t1k1k3lvujfthpw1rx5gye1wt1w3nfffkuz,-
479,minted,t1cufblk8osimwlfkpnt815kcsllnjqetwk,1,t1cufblk8osimwlfkpnt815kcsllnjqetwk,-
480,minted,t1wmvgymhcviohvrozfxtkvmemy5bmuintt,1,t1wmvgymhcviohvrozfxtkvmemy5bmuintt,-
483,minted,t1tm4ukzttclqbius6oqzhbb5wla9soo3ii,1,t1tm4ukzttclqbius6oqzhbb5wla9soo3ii,-
484,minted,t1sjbaodtmts94hhndm1g6gsxs9r56r3fmi,1,t1sjbaodtmts94hhndm1g6gsxs9r56r3fmi,-
485,minted,t1ugnmmfgvei3prgchynzyhugd5qysjpdcd,1,t1ugnmmfgvei3prgchynzyhugd5qysjpdcd,-
486,minted,t1k6zlqemuuuh7y2tzmnybqtkztmzt4kz5z,1,t1k6zlqemuuuh7y2tzmnybqtkztmzt4kz5z,-
487,minted,t1dfjru8b7hjg8t7zxhdcuctfffw7b71alt,1,t1dfjru8b7hjg8t7zxhdcuctfffw7b71alt,-
488,minted,t1qbjuqt1hbqzrjjz9u4532oitwefqemvtp,1,t1qbjuqt1hbqzrjjz9u4532oitwefqemvtp,-
489,minted,t1kqn6lrzaaqmy4vetlswnmpucd71ltoesq,1,t1kqn6lrzaaqmy4vetlswnmpucd71ltoesq,-
490,minted,t1g797iuz3hzgkyxzuxjlukm7a8juqndwnv,1,t1g797iuz3hzgkyxzuxjlukm7a8juqndwnv,-
491,minted,t1qupqtxglgncbo4msuegxdvjmbyunvptdb,1,t1qupqtxglgncbo4msuegxdvjmbyunvptdb,-
492,minted,t1d1phzjprbfb6l3z7bpobkqdzjlavru3zb,1,t1d1phzjprbfb6l3z7bpobkqdzjlavru3zb,-
493,minted,t1roxdrmb2qgdvzwejbtpl7assozek7uhnb,1,t1roxdrmb2qgdvzwejbtpl7assozek7uhnb,-
494,minted,t1plzelr9uehatsdzm1kb57wz8bnd9p1hdl,1,t1plzelr9uehatsdzm1kb57wz8bnd9p1hdl,-
495,minted,t1harykyjfctqhcswkwobfnqydrtpybcusz,1,t1harykyjfctqhcswkwobfnqydrtpybcusz,-
497,minted,t1jqulpn6dhcced5yhrbcesogxt3t5366jo,1,t1jqulpn6dhcced5yhrbcesogxt3t5366jo,-
498,minted,t1p5vrsuo2qdsnk3npp3scfrsayer2cnxqu,1,t1p5vrsuo2qdsnk3npp3scfrsayer2cnxqu,-
499,minted,t1qupqtxglgncbo4msuegxdvjmbyunvptdb,1,t1qupqtxglgncbo4msuegxdvjmbyunvptdb,-
500,minted,t1ugnmmfgvei3prgchynzyhugd5qysjpdcd,1,t1ugnmmfgvei3prgchynzyhugd5qysjpdcd,-
503,minted,t1ry1amqjxbasfn4g54vejjhgfwhqyau6kq,1,t1ry1amqjxbasfn4g54vejjhgfwhqyau6kq,-
505,minted,t1dfjru8b7hjg8t7zxhdcuctfffw7b71alt,1,t1dfjru8b7hjg8t7zxhdcuctfffw7b71alt,-
506,minted,t1lz7kt1duyahmqzcuxp8jvrcvy1ps6so6e,1,t1lz7kt1duyahmqzcuxp8jvrcvy1ps6so6e,-
511,minted,t1k1k3lvujfthpw1rx5gye1wt1w3nfffkuz,1,t1k1k3lvujfthpw1rx5gye1wt1w3nfffkuz,-
515,minted,t1bnbdl7zusefkhvhgzfad5jq6e3d1fg3hz,1,t1bnbdl7zusefkhvhgzfad5jq6e3d1fg3hz,-
517,minted,t1ktzbkl1xvd9ddw3zpvjmwzwdkd4nsdfs1,1,t1ktzbkl1xvd9ddw3zpvjmwzwdkd4nsdfs1,-
519,minted,t1keyd75eld8bvhtjn9r2sqxsomd4uksy3q,1,t1keyd75eld8bvhtjn9r2sqxsomd4uksy3q,-
520,minted,t1swxdgrkwwzgzchaqrn1u8n5sr6gsjtt11,1,t1swxdgrkwwzgzchaqrn1u8n5sr6gsjtt11,-
521,minted,t1ezmafcocld3avqj6clnp9ecyjeey3bbgn,1,t1ezmafcocld3avqj6clnp9ecyjeey3bbgn,-
523,minted,t1alunes1f8r7ps4wmmmecqrg2jdhgcryqk,1,t1alunes1f8r7ps4wmmmecqrg2jdhgcryqk,-
525,minted,t1tuhpqkrnvjpjkj3yaenccecenarccfwgv,1,t1tuhpqkrnvjpjkj3yaenccecenarccfwgv,-
526,minted,t1qpeclgkhmw4xgk2v6kaixumhjf5pehox1,1,t1qpeclgkhmw4xgk2v6kaixumhjf5pehox1,-
530,minted,t1c4j1rmlwwpelu6xcjqb9zheujusethjcx,1,t1c4j1rmlwwpelu6xcjqb9zheujusethjcx,-
531,minted,t1zuffvd1tk6pux9r8zbojyoajsmip5awra,1,t1zuffvd1tk6pux9r8zbojyoajsmip5awra,-
532,minted,t1yvnhrmuhezqczspzi71yd8xk4xfywy5vg,1,t1yvnhrmuhezqczspzi71yd8xk4xfywy5vg,-
533,minted,t1tdwjklmpx8k3pykwzyamcydtw24agjuus,1,t1tdwjklmpx8k3pykwzyamcydtw24agjuus,-
535,minted,t1ezmafcocld3avqj6clnp9ecyjeey3bbgn,1,t1ezmafcocld3avqj6clnp9ecyjeey3bbgn,-
536,minted,t1eqrq34pr3zkecprjvanrxmpdpxt32j8tv,1,t1eqrq34pr3zkecprjvanrxmpdpxt32j8tv,-
537,minted,t1aknvdhvvfl6kbr2gnmx2i9zgqtklnxuun,1,t1aknvdhvvfl6kbr2gnmx2i9zgqtklnxuun,-
538,minted,t1vxzayz2wtcgluk2rrlctxr5ivjzzfmluy,1,t1vxzayz2wtcgluk2rrlctxr5ivjzzfmluy,-
542,minted,t1rjxectx3e63ydhaerxyynqck71mp117ty,1,t1rjxectx3e63ydhaerxyynqck71mp117ty,-
543,minted,t1kayatk2rupd6vgyudh88q4ssbdennhhoh,1,t1kayatk2rupd6vgyudh88q4ssbdennhhoh,-
544,minted,t1gfxpmbrdeohuwrzcrms99tghjuw7fufyu,1,t1gfxpmbrdeohuwrzcrms99tghjuw7fufyu,-
546,minted,t1fcmnktgqtxnnsq9llfxityrj12uteieuk,1,t1fcmnktgqtxnnsq9llfxityrj12uteieuk,-
548,minted,t1ugnmmfgvei3prgchynzyhugd5qysjpdcd,1,t1ugnmmfgvei3prgchynzyhugd5qysjpdcd,-
550,minted,t1rivrni4ifxjxgjcn8zu5kqqf5s3omngkl,1,t1rivrni4ifxjxgjcn8zu5kqqf5s3omngkl,-
553,minted,t1gubfunujh7opq9ax1wohmpvsuv5p7hzab,1,t1gubfunujh7opq9ax1wohmpvsuv5p7hzab,-
555,minted,t1dggdv9xnrzge2juzmaxew28j7e217yu3g,1,t1dggdv9xnrzge2juzmaxew28j7e217yu3g,-
556,minted,t1umuzozkqrbtaknbascznhnpqj7dxixrvq,1,t1umuzozkqrbtaknbascznhnpqj7dxixrvq,-
559,minted,t1c3ko29zefpjjtwe5bqs44hkfzmmshqzj2,1,t1c3ko29zefpjjtwe5bqs44hkfzmmshqzj2,-
560,minted,t1lakakmmjky8le5cmznkgdvcvvtnrkac8a,1,t1lakakmmjky8le5cmznkgdvcvvtnrkac8a,-
564,minted,t1c4j1rmlwwpelu6xcjqb9zheujusethjcx,1,t1c4j1rmlwwpelu6xcjqb9zheujusethjcx,-
565,minted,t1wfqvahfqki118grvxx59xppvbjjo61emf,1,t1wfqvahfqki118grvxx59xppvbjjo61emf,-
568,minted,t1harykyjfctqhcswkwobfnqydrtpybcusz,1,t1harykyjfctqhcswkwobfnqydrtpybcusz,-
569,failed,t1b4xybydvhinc2qasg9zgtdrqmxqyb6ax7,1,-,-
570,minted,t1e2bpm8rpa4ig4anqfyqjdeghsh3ib4ybt,1,t1e2bpm8rpa4ig4anqfyqjdeghsh3ib4ybt,-
571,minted,t1jdsfjfc6ydm63jvp9jtmykdxyyxrrtqek,1,t1jdsfjfc6ydm63jvp9jtmykdxyyxrrtqek,-
572,minted,t1zh9lv5vbv46uxr8awm65kunztgodkgsp6,1,t1zh9lv5vbv46uxr8awm65kunztgodkgsp6,-
573,minted,t1bqz7lcv5ca65pcubguiqdjfy4qhsvzbzz,1,t1bqz7lcv5ca65pcubguiqdjfy4qhsvzbzz,-
574,minted,t1sjbaodtmts94hhndm1g6gsxs9r56r3fmi,1,t1sjbaodtmts94hhndm1g6gsxs9r56r3fmi,-
575,minted,t1uijcpndrzgcmqlg67y8ld8xailbijq9ku,1,t1uijcpndrzgcmqlg67y8ld8xailbijq9ku,-
576,minted,t1rzuxxwngrsk2wjkaaa5npsgm9x3dawtcf,1,t1rzuxxwngrsk2wjkaaa5npsgm9x3dawtcf,-
577,minted,t1gubfunujh7opq9ax1wohmpvsuv5p7hzab,1,t1gubfunujh7opq9ax1wohmpvsuv5p7hzab,-
579,minted,t1t6vyuq11ez6hmc5cfwwtwo4dxkcq49wcj,1,t1t6vyuq11ez6hmc5cfwwtwo4dxkcq49wcj,-
581,minted,t1k6zlqemuuuh7y2tzmnybqtkztmzt4kz5z,1,t1k6zlqemuuuh7y2tzmnybqtkztmzt4kz5z,-
582,minted,t1dmzxbvj7kqrftvwd2pugsrkaeqfuwtjrl,1,t1dmzxbvj7kqrftvwd2pugsrkaeqfuwtjrl,-
583,minted,t1rgw6g813bmzoyvyd37iaewney6hditzvq,1,t1rgw6g813bmzoyvyd37iaewney6hditzvq,-
585,minted,t1tqmu6mujknd7ieks9wpikrwswzdcxkdfc,1,t1tqmu6mujknd7ieks9wpikrwswzdcxkdfc,-
586,minted,t1xugqv2svc6pygv3vukasyehzoefvgvr21,1,t1xugqv2svc6pygv3vukasyehzoefvgvr21,-
587,minted,t1nmcjpeuqab3ghpbqpfzg7xypw3th4krnp,1,t1nmcjpeuqab3ghpbqpfzg7xypw3th4krnp,-
588,minted,t1qbjuqt1hbqzrjjz9u4532oitwefqemvtp,1,t1qbjuqt1hbqzrjjz9u4532oitwefqemvtp,-
590,minted,t1tdx3jecge1dd9pmzxuaphvjm5hyq2c7wn,1,t1tdx3jecge1dd9pmzxuaphvjm5hyq2c7wn,-
591,minted,t1swxdgrkwwzgzchaqrn1u8n5sr6gsjtt11,1,t1swxdgrkwwzgzchaqrn1u8n5sr6gsjtt11,-
592,minted,t1tuhpqkrnvjpjkj3yaenccecenarccfwgv,1,t1tuhpqkrnvjpjkj3yaenccecenarccfwgv,-
595,minted,t1tqmu6mujknd7ieks9wpikrwswzdcxkdfc,1,t1tqmu6mujknd7ieks9wpikrwswzdcxkdfc,-
597,minted,t1keyd75eld8bvhtjn9r2sqxsomd4uksy3q,1,t1keyd75eld8bvhtjn9r2sqxsomd4uksy3q,-
598,minted,t1tk5exioia8at4ohgcguhdesvivbdmjfj5,1,t1tk5exioia8at4ohgcguhdesvivbdmjfj5,-
599,minted,t1dfjru8b7hjg8t7zxhdcuctfffw7b71alt,1,t1dfjru8b7hjg8t7zxhdcuctfffw7b71alt,-
600,minted,t1fhmctgkbwsvat71ynwsk74ylc3nzhc4mw,1,t1fhmctgkbwsvat71ynwsk74ylc3nzhc4mw,-
601,minted,t1sr6chzdkmsqdhljwqatpsgchaqhgrps9a,1,t1sr6chzdkmsqdhljwqatpsgchaqhgrps9a,-
602,minted,t1lckeea2rgmgawzafrvsyj5fnsbvejxujp,1,t1lckeea2rgmgawzafrvsyj5fnsbvejxujp,-
604,minted,t1wuc9smduamu6tphqqkn5nhkq9jcfwljzv,1,t1wuc9smduamu6tphqqkn5nhkq9jcfwljzv,-
605,minted,t1dfjru8b7hjg8t7zxhdcuctfffw7b71alt,1,t1dfjru8b7hjg8t7zxhdcuctfffw7b71alt,-
607,minted,t1kqn6lrzaaqmy4vetlswnmpucd71ltoesq,1,t1kqn6lrzaaqmy4vetlswnmpucd71ltoesq,-
609,minted,t1geadqaiqyvgaoog8vhocum1sq6scajdbe,1,t1geadqaiqyvgaoog8vhocum1sq6scajdbe,-
610,minted,t1jdsfjfc6ydm63jvp9jtmykdxyyxrrtqek,1,t1jdsfjfc6ydm63jvp9jtmykdxyyxrrtqek,-
612,minted,t1dfjru8b7hjg8t7zxhdcuctfffw7b71alt,1,t1dfjru8b7hjg8t7zxhdcuctfffw7b71alt,-
614,minted,t1qupqtxglgncbo4msuegxdvjmbyunvptdb,1,t1qupqtxglgncbo4msuegxdvjmbyunvptdb,-
617,minted,t1dfjru8b7hjg8t7zxhdcuctfffw7b71alt,1,t1dfjru8b7hjg8t7zxhdcuctfffw7b71alt,-
618,minted,t1geadqaiqyvgaoog8vhocum1sq6scajdbe,1,t1geadqaiqyvgaoog8vhocum1sq6scajdbe,-
619,minted,t1txjy2pkqzgyamblaeqkfjox5cszkk2fn4,1,t1txjy2pkqzgyamblaeqkfjox5cszkk2fn4,-
620,failed,t1b4xybydvhinc2qasg9zgtdrqmxqyb6ax7,1,-,-
622,minted,t1plzelr9uehatsdzm1kb57wz8bnd9p1hdl,1,t1plzelr9uehatsdzm1kb57wz8bnd9p1hdl,-
623,minted,t1b1z3bebcxfyggqlyrwzq1sthvxyskbubo,1,t1b1z3bebcxfyggqlyrwzq1sthvxyskbubo,-
625,minted,t1jwcn7bwhwiw2xscgwymbdbppl57rpbjjw,1,t1jwcn7bwhwiw2xscgwymbdbppl57rpbjjw,-
626,minted,t1d1phzjprbfb6l3z7bpobkqdzjlavru3zb,1,t1d1phzjprbfb6l3z7bpobkqdzjlavru3zb,-
628,minted,t1gfxpmbrdeohuwrzcrms99tghjuw7fufyu,1,t1gfxpmbrdeohuwrzcrms99tghjuw7fufyu,-
630,minted,t1px7hlrau7co9lk3k81jcrntnilhrwgoxj,1,t1px7hlrau7co9lk3k81jcrntnilhrwgoxj,-
631,minted,t1txjy2pkqzgyamblaeqkfjox5cszkk2fn4,1,t1txjy2pkqzgyamblaeqkfjox5cszkk2fn4,-
632,minted,t1m8t2byct6rxcsdsjjirbv3ixip4sxx7hz,1,t1m8t2byct6rxcsdsjjirbv3ixip4sxx7hz,-
634,minted,t1pudhqtsiqkwcge7gr3yo48b8ihw7s76ko,1,t1pudhqtsiqkwcge7gr3yo48b8ihw7s76ko,-
635,minted,t1qbjuqt1hbqzrjjz9u4532oitwefqemvtp,1,t1qbjuqt1hbqzrjjz9u4532oitwefqemvtp,-
636,minted,t1swxdgrkwwzgzchaqrn1u8n5sr6gsjtt11,1,t1swxdgrkwwzgzchaqrn1u8n5sr6gsjtt11,-
637,minted,t1dfjru8b7hjg8t7zxhdcuctfffw7b71alt,1,t1dfjru8b7hjg8t7zxhdcuctfffw7b71alt,-
638,minted,t1ugnmmfgvei3prgchynzyhugd5qysjpdcd,1,t1ugnmmfgvei3prgchynzyhugd5qysjpdcd,-
639,minted,t1jwcn7bwhwiw2xscgwymbdbppl57rpbjjw,1,t1jwcn7bwhwiw2xscgwymbdbppl57rpbjjw,-
640,minted,t1pym9hcnf7vl6jt4lnq1f3ko2jzzcqq9om,1,t1pym9hcnf7vl6jt4lnq1f3ko2jzzcqq9om,-
643,minted,t1cufblk8osimwlfkpnt815kcsllnjqetwk,1,t1cufblk8osimwlfkpnt815kcsllnjqetwk,-
644,minted,t1uwhgycnxruf62kfea3wefuetqlahxttqv,1,t1uwhgycnxruf62kfea3wefuetqlahxttqv,-
645,minted,t1wmvgymhcviohvrozfxtkvmemy5bmuintt,1,t1wmvgymhcviohvrozfxtkvmemy5bmuintt,-
647,minted,t1dfjru8b7hjg8t7zxhdcuctfffw7b71alt,1,t1dfjru8b7hjg8t7zxhdcuctfffw7b71alt,-
648,minted,t1qupqtxglgncbo4msuegxdvjmbyunvptdb,1,t1qupqtxglgncbo4msuegxdvjmbyunvptdb,-
649,minted,t1c9zdg3amocc9xwk4s522bp5c9ye5x4d6p,1,t1c9zdg3amocc9xwk4s522bp5c9ye5x4d6p,-
650,minted,t1vf4k61qeseulhxpzkjch3nb3q1vw6fvx9,1,t1vf4k61qeseulhxpzkjch3nb3q1vw6fvx9,-
652,minted,t1aphfzzmcujqhuenxl5odscmyv97ti5dwv,1,t1aphfzzmcujqhuenxl5odscmyv97ti5dwv,-
655,minted,t1mbpptgk2u1whfogrhk3b38npfymyf1ckz,1,t1mbpptgk2u1whfogrhk3b38npfymyf1ckz,-
662,minted,t1b4xybydvhinc2qasg9zgtdrqmxqyb6ax7,1,t1b4xybydvhinc2qasg9zgtdrqmxqyb6ax7,-
663,minted,t1plr7emfb4ptjr3ydgkxtvvcx88vipczbg,1,t1plr7emfb4ptjr3ydgkxtvvcx88vipczbg,-
664,minted,t1xkfohh7p3maxzgkou7zighxxzex8tx5tv,1,t1xkfohh7p3maxzgkou7zighxxzex8tx5tv,-
665,minted,t1ntc76ehbxiqujv2dfaffwaeugj8tmvwzw,1,t1ntc76ehbxiqujv2dfaffwaeugj8tmvwzw,-
667,minted,t1vaehdcmet6fn2nqxc2wufegjj9tnizcz1,1,t1vaehdcmet6fn2nqxc2wufegjj9tnizcz1,-
669,minted,t1kayatk2rupd6vgyudh88q4ssbdennhhoh,1,t1kayatk2rupd6vgyudh88q4ssbdennhhoh,-
670,minted,t1plr7emfb4ptjr3ydgkxtvvcx88vipczbg,1,t1plr7emfb4ptjr3ydgkxtvvcx88vipczbg,-
671,minted,t1rgw6g813bmzoyvyd37iaewney6hditzvq,1,t1rgw6g813bmzoyvyd37iaewney6hditzvq,-
675,minted,t1lzi24jydjzsfib29wpm2jvp83kwlnkcrb,1,t1lzi24jydjzsfib29wpm2jvp83kwlnkcrb,-
677,minted,t1sl65eqxvgabrlsxfdtthepd4tjrvyneab,1,t1sl65eqxvgabrlsxfdtthepd4tjrvyneab,-
678,minted,t1rnjbkm81ui7zsy2z2udyi7bil5xvjspvh,1,t1rnjbkm81ui7zsy2z2udyi7bil5xvjspvh,-
680,minted,t1qyfewbckpqy1q8ck5f5g2yv69urgdtdab,1,t1qyfewbckpqy1q8ck5f5g2yv69urgdtdab,-
681,minted,t1uijcpndrzgcmqlg67y8ld8xailbijq9ku,1,t1uijcpndrzgcmqlg67y8ld8xailbijq9ku,-
684,minted,t1ackjtwvbsfgafminnbmneegdypv9g3gca,1,t1ackjtwvbsfgafminnbmneegdypv9g3gca,-
685,minted,t1ugnmmfgvei3prgchynzyhugd5qysjpdcd,1,t1ugnmmfgvei3prgchynzyhugd5qysjpdcd,-
687,minted,t1qyfewbckpqy1q8ck5f5g2yv69urgdtdab,1,t1qyfewbckpqy1q8ck5f5g2yv69urgdtdab,-
690,minted,t1lz7kt1duyahmqzcuxp8jvrcvy1ps6so6e,1,t1lz7kt1duyahmqzcuxp8jvrcvy1ps6so6e,-
691,minted,t1txjy2pkqzgyamblaeqkfjox5cszkk2fn4,1,t1txjy2pkqzgyamblaeqkfjox5cszkk2fn4,-
693,minted,t1fulu1jlxahglec9lbpiuydcd9w89sbfvr,1,t1fulu1jlxahglec9lbpiuydcd9w89sbfvr,-
694,minted,t1phbzxzsn1drjjezf6wmsujgxayy9h5daz,1,t1phbzxzsn1drjjezf6wmsujgxayy9h5daz,-
696,minted,t1ad5mp7aux3fxfv5hwtjfeiihcdtb71smg,1,t1ad5mp7aux3fxfv5hwtjfeiihcdtb71smg,-
700,minted,t1hd8yo89x2kkepbmtnc4sigq5uohoqpfjc,1,t1hd8yo89x2kkepbmtnc4sigq5uohoqpfjc,-
701,minted,t1ncm6d3y4b2mggbds5anvzs1cgvzjoch5k,1,t1ncm6d3y4b2mggbds5anvzs1cgvzjoch5k,-
703,minted,t1rzuxxwngrsk2wjkaaa5npsgm9x3dawtcf,1,t1rzuxxwngrsk2wjkaaa5npsgm9x3dawtcf,-
708,minted,t1gfxpmbrdeohuwrzcrms99tghjuw7fufyu,1,t1gfxpmbrdeohuwrzcrms99tghjuw7fufyu,-
709,minted,t1qunysptkw1jvmv2abfvljustmikybvfiy,1,t1qunysptkw1jvmv2abfvljustmikybvfiy,-
710,minted,t1pwsn53ukb4e4zbf22ebcxlb7mw548bnjw,1,t1pwsn53ukb4e4zbf22ebcxlb7mw548bnjw,-
711,minted,t1eqrq34pr3zkecprjvanrxmpdpxt32j8tv,1,t1eqrq34pr3zkecprjvanrxmpdpxt32j8tv,-
714,minted,t1geadqaiqyvgaoog8vhocum1sq6scajdbe,1,t1geadqaiqyvgaoog8vhocum1sq6scajdbe,-
715,minted,t1ra5rzwpgv2h197mszzuczzh3sqdq7yssl,1,t1ra5rzwpgv2h197mszzuczzh3sqdq7yssl,-
716,minted,t1plr7emfb4ptjr3ydgkxtvvcx88vipczbg,1,t1plr7emfb4ptjr3ydgkxtvvcx88vipczbg,-
717,minted,t1jqulpn6dhcced5yhrbcesogxt3t5366jo,1,t1jqulpn6dhcced5yhrbcesogxt3t5366jo,-
718,minted,t1tqmu6mujknd7ieks9wpikrwswzdcxkdfc,1,t1tqmu6mujknd7ieks9wpikrwswzdcxkdfc,-
722,minted,t1uwhgycnxruf62kfea3wefuetqlahxttqv,1,t1uwhgycnxruf62kfea3wefuetqlahxttqv,-
724,minted,t1dfjru8b7hjg8t7zxhdcuctfffw7b71alt,1,t1dfjru8b7hjg8t7zxhdcuctfffw7b71alt,-
727,minted,t1qbjuqt1hbqzrjjz9u4532oitwefqemvtp,1,t1qbjuqt1hbqzrjjz9u4532oitwefqemvtp,-
730,minted,t1qupqtxglgncbo4msuegxdvjmbyunvptdb,1,t1qupqtxglgncbo4msuegxdvjmbyunvptdb,-
731,minted,t1vlqp3zm55bd1ltecwhwyceev4gtkgfhyh,1,t1vlqp3zm55bd1ltecwhwyceev4gtkgfhyh,-
734,minted,t1sg7teea9tkjymwsffeq3aqyczdvpknsny,1,t1sg7teea9tkjymwsffeq3aqyczdvpknsny,-
735,minted,t1zvfc8q8ritdcmiyfuo4k1sytbf7fgtggs,1,t1zvfc8q8ritdcmiyfuo4k1sytbf7fgtggs,-
740,minted,t1fulu1jlxahglec9lbpiuydcd9w89sbfvr,1,t1fulu1jlxahglec9lbpiuydcd9w89sbfvr,-
741,minted,t1lzi24jydjzsfib29wpm2jvp83kwlnkcrb,1,t1lzi24jydjzsfib29wpm2jvp83kwlnkcrb,-
742,minted,t1lxawpjvl85qecyxujjpsb3bujzogs5wm7,1,t1lxawpjvl85qecyxujjpsb3bujzogs5wm7,-
744,minted,t1zpzocw6bnvu4bekcg29cokyno37dmuuck,1,t1zpzocw6bnvu4bekcg29cokyno37dmuuck,-
745,minted,t1k1k3lvujfthpw1rx5gye1wt1w3nfffkuz,1,t1k1k3lvujfthpw1rx5gye1wt1w3nfffkuz,-
746,minted,t1zpzocw6bnvu4bekcg29cokyno37dmuuck,1,t1zpzocw6bnvu4bekcg29cokyno37dmuuck,-
747,minted,t1uijcpndrzgcmqlg67y8ld8xailbijq9ku,1,t1uijcpndrzgcmqlg67y8ld8xailbijq9ku,-
748,minted,t1wfqvahfqki118grvxx59xppvbjjo61emf,1,t1wfqvahfqki118grvxx59xppvbjjo61emf,-
749,minted,t1nmcjpeuqab3ghpbqpfzg7xypw3th4krnp,1,t1nmcjpeuqab3ghpbqpfzg7xypw3th4krnp,-
750,minted,t1xugqv2svc6pygv3vukasyehzoefvgvr21,1,t1xugqv2svc6pygv3vukasyehzoefvgvr21,-
751,minted,t1tdwjklmpx8k3pykwzyamcydtw24agjuus,1,t1tdwjklmpx8k3pykwzyamcydtw24agjuus,-
752,minted,t1vxzayz2wtcgluk2rrlctxr5ivjzzfmluy,1,t1vxzayz2wtcgluk2rrlctxr5ivjzzfmluy,-
753,minted,t1qupqtxglgncbo4msuegxdvjmbyunvptdb,1,t1qupqtxglgncbo4msuegxdvjmbyunvptdb,-
754,minted,t1qupqtxglgncbo4msuegxdvjmbyunvptdb,1,t1qupqtxglgncbo4msuegxdvjmbyunvptdb,-
755,minted,t1keyd75eld8bvhtjn9r2sqxsomd4uksy3q,1,t1keyd75eld8bvhtjn9r2sqxsomd4uksy3q,-
756,minted,t1qbjuqt1hbqzrjjz9u4532oitwefqemvtp,1,t1qbjuqt1hbqzrjjz9u4532oitwefqemvtp,-
757,minted,t1dfjru8b7hjg8t7zxhdcuctfffw7b71alt,1,t1dfjru8b7hjg8t7zxhdcuctfffw7b71alt,-
760,minted,t1knsuhktchkune9j2m7v5sehutqg5udzdf,1,t1knsuhktchkune9j2m7v5sehutqg5udzdf,-
761,minted,t1fcmnktgqtxnnsq9llfxityrj12uteieuk,1,t1fcmnktgqtxnnsq9llfxityrj12uteieuk,-
763,minted,t1gvuboqhcpbg9xaqgzqrmghqvbdsx4i6h5,1,t1gvuboqhcpbg9xaqgzqrmghqvbdsx4i6h5,-
764,minted,t1plzelr9uehatsdzm1kb57wz8bnd9p1hdl,1,t1plzelr9uehatsdzm1kb57wz8bnd9p1hdl,-
765,minted,t1p9jplm6rkwlnnfe4b2ruvfngsqj38cmrz,1,t1p9jplm6rkwlnnfe4b2ruvfngsqj38cmrz,-
766,minted,t1q3k7lwfkwzyxbpwjrqe9mewfw7iqwbbpg,1,t1q3k7lwfkwzyxbpwjrqe9mewfw7iqwbbpg,-
768,minted,t1lz7kt1duyahmqzcuxp8jvrcvy1ps6so6e,1,t1lz7kt1duyahmqzcuxp8jvrcvy1ps6so6e,-
770,minted,t1qupqtxglgncbo4msuegxdvjmbyunvptdb,1,t1qupqtxglgncbo4msuegxdvjmbyunvptdb,-
772,minted,t1px7hlrau7co9lk3k81jcrntnilhrwgoxj,1,t1px7hlrau7co9lk3k81jcrntnilhrwgoxj,-
773,minted,t1qupqtxglgncbo4msuegxdvjmbyunvptdb,1,t1qupqtxglgncbo4msuegxdvjmbyunvptdb,-
774,minted,t1vnqzdvmveogfsmvu2hqbadttvlfre5fcr,1,t1vnqzdvmveogfsmvu2hqbadttvlfre5fcr,-
775,minted,t1dfjru8b7hjg8t7zxhdcuctfffw7b71alt,1,t1dfjru8b7hjg8t7zxhdcuctfffw7b71alt,-
778,minted,t1aphfzzmcujqhuenxl5odscmyv97ti5dwv,1,t1aphfzzmcujqhuenxl5odscmyv97ti5dwv,-
779,minted,t1ev9bumx5osibnkbe22pqnkad7sbnv5qgo,1,t1ev9bumx5osibnkbe22pqnkad7sbnv5qgo,-
780,minted,t1p5vrsuo2qdsnk3npp3scfrsayer2cnxqu,1,t1p5vrsuo2qdsnk3npp3scfrsayer2cnxqu,-
781,minted,t1xugqv2svc6pygv3vukasyehzoefvgvr21,1,t1xugqv2svc6pygv3vukasyehzoefvgvr21,-
782,minted,t1yngvmowkpxsp3nj9daxiekeilrnsmwb14,1,t1yngvmowkpxsp3nj9daxiekeilrnsmwb14,-
785,minted,t1wwe8mf17ryho7niz6wlhriaxac5f8qymi,1,t1wwe8mf17ryho7niz6wlhriaxac5f8qymi,-
786,minted,t1kcuw1npvr56on7dbzkddjob41akjlwe2h,1,t1kcuw1npvr56on7dbzkddjob41akjlwe2h,-
787,minted,t1vnqzdvmveogfsmvu2hqbadttvlfre5fcr,1,t1vnqzdvmveogfsmvu2hqbadttvlfre5fcr,-
792,minted,t1plr7emfb4ptjr3ydgkxtvvcx88vipczbg,1,t1plr7emfb4ptjr3ydgkxtvvcx88vipczbg,-
795,minted,t1wsplngf6kmka6fx1n2bs7bgy6r1rsbzff,1,t1wsplngf6kmka6fx1n2bs7bgy6r1rsbzff,-
796,minted,t1kcuw1npvr56on7dbzkddjob41akjlwe2h,1,t1kcuw1npvr56on7dbzkddjob41akjlwe2h,-
798,minted,t1uufoxnydajnj5x2jxumh4qmu2wrfagbnu,1,t1uufoxnydajnj5x2jxumh4qmu2wrfagbnu,-
800,minted,t1kcuw1npvr56on7dbzkddjob41akjlwe2h,1,t1kcuw1npvr56on7dbzkddjob41akjlwe2h,-
802,minted,t1xfajxmlrekiixhygofvqhimeck96duzsb,1,t1xfajxmlrekiixhygofvqhimeck96duzsb,-
803,minted,t1relemkcagbfnehud1r1jsu9dhpqwybapn,1,t1relemkcagbfnehud1r1jsu9dhpqwybapn,-
804,minted,t1z6wmzrucnzzeytapanyucbttqraopcsxz,1,t1z6wmzrucnzzeytapanyucbttqraopcsxz,-
807,minted,t1aphfzzmcujqhuenxl5odscmyv97ti5dwv,1,t1aphfzzmcujqhuenxl5odscmyv97ti5dwv,-
808,minted,t1swxdgrkwwzgzchaqrn1u8n5sr6gsjtt11,1,t1swxdgrkwwzgzchaqrn1u8n5sr6gsjtt11,-
809,minted,t1mvix48bopzmn6hzee6azqqklzp7loguff,1,t1mvix48bopzmn6hzee6azqqklzp7loguff,-
810,minted,t1px7hlrau7co9lk3k81jcrntnilhrwgoxj,1,t1px7hlrau7co9lk3k81jcrntnilhrwgoxj,-
811,minted,t1z2bqfbjjxavofvagz4s2l3asowczytznu,1,t1z2bqfbjjxavofvagz4s2l3asowczytznu,-
812,minted,t1xugqv2svc6pygv3vukasyehzoefvgvr21,1,t1xugqv2svc6pygv3vukasyehzoefvgvr21,-
814,minted,t1b4xybydvhinc2qasg9zgtdrqmxqyb6ax7,1,t1b4xybydvhinc2qasg9zgtdrqmxqyb6ax7,-
815,minted,t1psnfhk4ildwruk9t5s955rcsdypgkzlch,1,t1psnfhk4ildwruk9t5s955rcsdypgkzlch,-
816,minted,t1phbzxzsn1drjjezf6wmsujgxayy9h5daz,1,t1phbzxzsn1drjjezf6wmsujgxayy9h5daz,-
817,minted,t1wmgffiauhm7a7ynhwr3z4gukbvayvtal4,1,t1wmgffiauhm7a7ynhwr3z4gukbvayvtal4,-
821,minted,t1k6zlqemuuuh7y2tzmnybqtkztmzt4kz5z,1,t1k6zlqemuuuh7y2tzmnybqtkztmzt4kz5z,-
823,minted,t1eytcrhqquhq1kr1rzqyc1zracih7cpewl,1,t1eytcrhqquhq1kr1rzqyc1zracih7cpewl,-
824,minted,t1cufblk8osimwlfkpnt815kcsllnjqetwk,1,t1cufblk8osimwlfkpnt815kcsllnjqetwk,-
826,minted,t1sjbaodtmts94hhndm1g6gsxs9r56r3fmi,1,t1sjbaodtmts94hhndm1g6gsxs9r56r3fmi,-
828,minted,t1sl65eqxvgabrlsxfdtthepd4tjrvyneab,1,t1sl65eqxvgabrlsxfdtthepd4tjrvyneab,-
829,minted,t1nveuzt6vcr9tm2p2xd1gxdbnwyo6rrd39,1,t1nveuzt6vcr9tm2p2xd1gxdbnwyo6rrd39,-
831,minted,t1ev9bumx5osibnkbe22pqnkad7sbnv5qgo,1,t1ev9bumx5osibnkbe22pqnkad7sbnv5qgo,-
832,minted,t1e2bpm8rpa4ig4anqfyqjdeghsh3ib4ybt,1,t1e2bpm8rpa4ig4anqfyqjdeghsh3ib4ybt,-
835,minted,t1dfjru8b7hjg8t7zxhdcuctfffw7b71alt,1,t1dfjru8b7hjg8t7zxhdcuctfffw7b71alt,-
836,minted,t1plzelr9uehatsdzm1kb57wz8bnd9p1hdl,1,t1plzelr9uehatsdzm1kb57wz8bnd9p1hdl,-
839,minted,t1qpeclgkhmw4xgk2v6kaixumhjf5pehox1,1,t1qpeclgkhmw4xgk2v6kaixumhjf5pehox1,-
840,minted,t1c9zdg3amocc9xwk4s522bp5c9ye5x4d6p,1,t1c9zdg3amocc9xwk4s522bp5c9ye5x4d6p,-
842,minted,t1sqqn7d3fhvj1adwgfip6ebxtqjcngrwff,1,t1sqqn7d3fhvj1adwgfip6ebxtqjcngrwff,-
845,minted,t1zvfc8q8ritdcmiyfuo4k1sytbf7fgtggs,1,t1zvfc8q8ritdcmiyfuo4k1sytbf7fgtggs,-
846,minted,t1pcjiaepled7najcti7vxpgjjzhji5m3fg,1,t1pcjiaepled7najcti7vxpgjjzhji5m3fg,-
847,minted,t1khhgjrucrrbn1jhnlz8ibmtok9tpidfui,1,t1khhgjrucrrbn1jhnlz8ibmtok9tpidfui,-
848,minted,t1bqz7lcv5ca65pcubguiqdjfy4qhsvzbzz,1,t1bqz7lcv5ca65pcubguiqdjfy4qhsvzbzz,-
849,minted,t1tm4ukzttclqbius6oqzhbb5wla9soo3ii,1,t1tm4ukzttclqbius6oqzhbb5wla9soo3ii,-
850,minted,t1uwhgycnxruf62kfea3wefuetqlahxttqv,1,t1uwhgycnxruf62kfea3wefuetqlahxttqv,-
853,minted,t1ad5mp7aux3fxfv5hwtjfeiihcdtb71smg,1,t1ad5mp7aux3fxfv5hwtjfeiihcdtb71smg,-
854,minted,t1rnjbkm81ui7zsy2z2udyi7bil5xvjspvh,1,t1rnjbkm81ui7zsy2z2udyi7bil5xvjspvh,-
855,minted,t1lz7kt1duyahmqzcuxp8jvrcvy1ps6so6e,1,t1lz7kt1duyahmqzcuxp8jvrcvy1ps6so6e,-
856,minted,t1kpwnwxtu8wf5g5twdruqbnh4bi6tohrtn,1,t1kpwnwxtu8wf5g5twdruqbnh4bi6tohrtn,-
857,minted,t1qupqtxglgncbo4msuegxdvjmbyunvptdb,1,t1qupqtxglgncbo4msuegxdvjmbyunvptdb,-
858,minted,t1lzi24jydjzsfib29wpm2jvp83kwlnkcrb,1,t1lzi24jydjzsfib29wpm2jvp83kwlnkcrb,-
861,minted,t1sjbaodtmts94hhndm1g6gsxs9r56r3fmi,1,t1sjbaodtmts94hhndm1g6gsxs9r56r3fmi,-
863,minted,t1vlqp3zm55bd1ltecwhwyceev4gtkgfhyh,1,t1vlqp3zm55bd1ltecwhwyceev4gtkgfhyh,-
868,minted,t1redydp4vcmaufwpkoihptr3ommyslnmxu,1,t1redydp4vcmaufwpkoihptr3ommyslnmxu,-
869,minted,t1lckeea2rgmgawzafrvsyj5fnsbvejxujp,1,t1lckeea2rgmgawzafrvsyj5fnsbvejxujp,-
871,minted,t1nveuzt6vcr9tm2p2xd1gxdbnwyo6rrd39,1,t1nveuzt6vcr9tm2p2xd1gxdbnwyo6rrd39,-
872,minted,t1c9zdg3amocc9xwk4s522bp5c9ye5x4d6p,1,t1c9zdg3amocc9xwk4s522bp5c9ye5x4d6p,-
873,minted,t1ntc76ehbxiqujv2dfaffwaeugj8tmvwzw,1,t1ntc76ehbxiqujv2dfaffwaeugj8tmvwzw,-
876,minted,t1s7eadhhq5jufr1tkzgphgucbyjtja8ee1,1,t1s7eadhhq5jufr1tkzgphgucbyjtja8ee1,-
877,minted,t1px7hlrau7co9lk3k81jcrntnilhrwgoxj,1,t1px7hlrau7co9lk3k81jcrntnilhrwgoxj,-
878,minted,t1aphfzzmcujqhuenxl5odscmyv97ti5dwv,1,t1aphfzzmcujqhuenxl5odscmyv97ti5dwv,-
879,minted,t1eqrq34pr3zkecprjvanrxmpdpxt32j8tv,1,t1eqrq34pr3zkecprjvanrxmpdpxt32j8tv,-
880,minted,t1lz7kt1duyahmqzcuxp8jvrcvy1ps6so6e,1,t1lz7kt1duyahmqzcuxp8jvrcvy1ps6so6e,-
881,minted,t1utwwsaslf2xhdaec4hnfbewky6k9e6yqi,1,t1utwwsaslf2xhdaec4hnfbewky6k9e6yqi,-
883,minted,t1kcuw1npvr56on7dbzkddjob41akjlwe2h,1,t1kcuw1npvr56on7dbzkddjob41akjlwe2h,-
886,minted,t1rmhswkzucw9ub1owuggjwv6lbrvbfxczv,1,t1rmhswkzucw9ub1owuggjwv6lbrvbfxczv,-
887,minted,t1kcuw1npvr56on7dbzkddjob41akjlwe2h,1,t1kcuw1npvr56on7dbzkddjob41akjlwe2h,-
891,minted,t1tm4ukzttclqbius6oqzhbb5wla9soo3ii,1,t1tm4ukzttclqbius6oqzhbb5wla9soo3ii,-
893,minted,t1plzelr9uehatsdzm1kb57wz8bnd9p1hdl,1,t1plzelr9uehatsdzm1kb57wz8bnd9p1hdl,-
894,minted,t1ncm6d3y4b2mggbds5anvzs1cgvzjoch5k,1,t1ncm6d3y4b2mggbds5anvzs1cgvzjoch5k,-
895,minted,t1c9zdg3amocc9xwk4s522bp5c9ye5x4d6p,1,t1c9zdg3amocc9xwk4s522bp5c9ye5x4d6p,-
896,minted,t1zvfc8q8ritdcmiyfuo4k1sytbf7fgtggs,1,t1zvfc8q8ritdcmiyfuo4k1sytbf7fgtggs,-
898,minted,t1sjbaodtmts94hhndm1g6gsxs9r56r3fmi,1,t1sjbaodtmts94hhndm1g6gsxs9r56r3fmi,-
899,minted,t1wjymzb8eklefe8jcxdxijvxwrbxybmig5,1,t1wjymzb8eklefe8jcxdxijvxwrbxybmig5,-
901,minted,t1qr5zva26etiovwiahfuqv2ay8d9jltdan,1,t1qr5zva26etiovwiahfuqv2ay8d9jltdan,-
902,minted,t1plr7emfb4ptjr3ydgkxtvvcx88vipczbg,1,t1plr7emfb4ptjr3ydgkxtvvcx88vipczbg,-
906,minted,t1wsplngf6kmka6fx1n2bs7bgy6r1rsbzff,1,t1wsplngf6kmka6fx1n2bs7bgy6r1rsbzff,-
907,minted,t1c38d4cssfmeuvasirqskw8n8goacdzfgm,1,t1c38d4cssfmeuvasirqskw8n8goacdzfgm,-
908,minted,t1bzl1asatjjcpee5t3hsqdmpvhw39rmzan,1,t1bzl1asatjjcpee5t3hsqdmpvhw39rmzan,-
912,minted,t1sn6q8wbuc1a2s7tjdbjzcqcti8uqutseq,1,t1sn6q8wbuc1a2s7tjdbjzcqcti8uqutseq,-
918,minted,t1lzpx1jbaka9jlgu26bfufmqgkbk9vhhyq,1,t1lzpx1jbaka9jlgu26bfufmqgkbk9vhhyq,-
920,minted,t1nfyrv6drbsn6wshd38rjz9mvtjet434ng,1,t1nfyrv6drbsn6wshd38rjz9mvtjet434ng,-
921,minted,t1rn9twhetr1qorngpsri97eljaymkuz6ez,1,t1rn9twhetr1qorngpsri97eljaymkuz6ez,-
922,minted,t1umuzozkqrbtaknbascznhnpqj7dxixrvq,1,t1umuzozkqrbtaknbascznhnpqj7dxixrvq,-
923,minted,t1bqz7lcv5ca65pcubguiqdjfy4qhsvzbzz,1,t1bqz7lcv5ca65pcubguiqdjfy4qhsvzbzz,-
924,minted,t1fygwxb9m6az4j3jftu52yeg2btdajqw5j,1,t1fygwxb9m6az4j3jftu52yeg2btdajqw5j,-
926,minted,t1ygtbn96tjbjxvszhbzbt6wcuy3nqp1xfc,1,t1ygtbn96tjbjxvszhbzbt6wcuy3nqp1xfc,-
927,minted,t1rmhswkzucw9ub1owuggjwv6lbrvbfxczv,1,t1rmhswkzucw9ub1owuggjwv6lbrvbfxczv,-
929,minted,t1mn1hixkseswrzwe7jbk82flewryugjtc9,1,t1mn1hixkseswrzwe7jbk82flewryugjtc9,-
930,minted,t1rnjbkm81ui7zsy2z2udyi7bil5xvjspvh,1,t1rnjbkm81ui7zsy2z2udyi7bil5xvjspvh,-
933,minted,t1vimk2cvlaf4yf1cpkyw9zw2vqglla6pw9,1,t1vimk2cvlaf4yf1cpkyw9zw2vqglla6pw9,-
935,minted,t1xkjq7z7dq1s1ksfux7qnk9l8a5rtjxapu,1,t1xkjq7z7dq1s1ksfux7qnk9l8a5rtjxapu,-
939,minted,t1roxdrmb2qgdvzwejbtpl7assozek7uhnb,1,t1roxdrmb2qgdvzwejbtpl7assozek7uhnb,-
942,minted,t1utwwsaslf2xhdaec4hnfbewky6k9e6yqi,1,t1utwwsaslf2xhdaec4hnfbewky6k9e6yqi,-
943,minted,t1k1k3lvujfthpw1rx5gye1wt1w3nfffkuz,1,t1k1k3lvujfthpw1rx5gye1wt1w3nfffkuz,-
946,minted,t1kcuw1npvr56on7dbzkddjob41akjlwe2h,1,t1kcuw1npvr56on7dbzkddjob41akjlwe2h,-
947,minted,t1k6zlqemuuuh7y2tzmnybqtkztmzt4kz5z,1,t1k6zlqemuuuh7y2tzmnybqtkztmzt4kz5z,-
948,minted,t1zefvvqfpioqts8ynnenemixu5ypmngtmd,1,t1zefvvqfpioqts8ynnenemixu5ypmngtmd,-
950,minted,t1nveuzt6vcr9tm2p2xd1gxdbnwyo6rrd39,1,t1nveuzt6vcr9tm2p2xd1gxdbnwyo6rrd39,-
951,minted,t1rsq4gsyy9b4nzndczrgbwhfdlbumj5uxd,1,t1rsq4gsyy9b4nzndczrgbwhfdlbumj5uxd,-
954,minted,t1utwwsaslf2xhdaec4hnfbewky6k9e6yqi,1,t1utwwsaslf2xhdaec4hnfbewky6k9e6yqi,-
955,minted,t1uijcpndrzgcmqlg67y8ld8xailbijq9ku,1,t1uijcpndrzgcmqlg67y8ld8xailbijq9ku,-
957,minted,t1k6zlqemuuuh7y2tzmnybqtkztmzt4kz5z,1,t1k6zlqemuuuh7y2tzmnybqtkztmzt4kz5z,-
958,minted,t1c9zdg3amocc9xwk4s522bp5c9ye5x4d6p,1,t1c9zdg3amocc9xwk4s522bp5c9ye5x4d6p,-
959,minted,t1lz7kt1duyahmqzcuxp8jvrcvy1ps6so6e,1,t1lz7kt1duyahmqzcuxp8jvrcvy1ps6so6e,-
961,minted,t1vnqzdvmveogfsmvu2hqbadttvlfre5fcr,1,t1vnqzdvmveogfsmvu2hqbadttvlfre5fcr,-
962,minted,t1k1k3lvujfthpw1rx5gye1wt1w3nfffkuz,1,t1k1k3lvujfthpw1rx5gye1wt1w3nfffkuz,-
964,minted,t1umuzozkqrbtaknbascznhnpqj7dxixrvq,1,t1umuzozkqrbtaknbascznhnpqj7dxixrvq,-
966,minted,t1rmhswkzucw9ub1owuggjwv6lbrvbfxczv,1,t1rmhswkzucw9ub1owuggjwv6lbrvbfxczv,-
967,minted,t1ackjtwvbsfgafminnbmneegdypv9g3gca,1,t1ackjtwvbsfgafminnbmneegdypv9g3gca,-
970,minted,t1yjskwibrp2r3pfsrvhuxbgekfiizawzh2,1,t1yjskwibrp2r3pfsrvhuxbgekfiizawzh2,-
972,minted,t1wjymzb8eklefe8jcxdxijvxwrbxybmig5,1,t1wjymzb8eklefe8jcxdxijvxwrbxybmig5,-
974,minted,t1c4j1rmlwwpelu6xcjqb9zheujusethjcx,1,t1c4j1rmlwwpelu6xcjqb9zheujusethjcx,-
975,minted,t1kcuw1npvr56on7dbzkddjob41akjlwe2h,1,t1kcuw1npvr56on7dbzkddjob41akjlwe2h,-
977,minted,t1xkmdryc22kstmiishiddayq1tzbar1sgu,1,t1xkmdryc22kstmiishiddayq1tzbar1sgu,-
978,minted,t1d9wxcsbbkyk74mtaak9qs1gaunuqdtrny,1,t1d9wxcsbbkyk74mtaak9qs1gaunuqdtrny,-
979,minted,t1qyfewbckpqy1q8ck5f5g2yv69urgdtdab,1,t1qyfewbckpqy1q8ck5f5g2yv69urgdtdab,-
980,minted,t1plr7emfb4ptjr3ydgkxtvvcx88vipczbg,1,t1plr7emfb4ptjr3ydgkxtvvcx88vipczbg,-
982,minted,t1uwhgycnxruf62kfea3wefuetqlahxttqv,1,t1uwhgycnxruf62kfea3wefuetqlahxttqv,-
984,minted,t1psnfhk4ildwruk9t5s955rcsdypgkzlch,1,t1psnfhk4ildwruk9t5s955rcsdypgkzlch,-
985,minted,t1aphfzzmcujqhuenxl5odscmyv97ti5dwv,1,t1aphfzzmcujqhuenxl5odscmyv97ti5dwv,-
986,minted,t1uijcpndrzgcmqlg67y8ld8xailbijq9ku,1,t1uijcpndrzgcmqlg67y8ld8xailbijq9ku,-
988,minted,t1k6zlqemuuuh7y2tzmnybqtkztmzt4kz5z,1,t1k6zlqemuuuh7y2tzmnybqtkztmzt4kz5z,-
990,minted,t1jzcgxzusadm4mdeglkfjrha5wdapvguxt,1,t1jzcgxzusadm4mdeglkfjrha5wdapvguxt,-
991,minted,t1z6wmzrucnzzeytapanyucbttqraopcsxz,1,t1z6wmzrucnzzeytapanyucbttqraopcsxz,-
992,minted,t1zuffvd1tk6pux9r8zbojyoajsmip5awra,1,t1zuffvd1tk6pux9r8zbojyoajsmip5awra,-
994,minted,t1ls3lszpnhsc73sva1vxdteuwkprr9xwmv,1,t1ls3lszpnhsc73sva1vxdteuwkprr9xwmv,-
996,minted,t1sn6q8wbuc1a2s7tjdbjzcqcti8uqutseq,1,t1sn6q8wbuc1a2s7tjdbjzcqcti8uqutseq,-
1000,minted,t1s2gpitwhmehgxip5iosmgtgnxsnkgkylx,1,t1s2gpitwhmehgxip5iosmgtgnxsnkgkylx,-
1001,minted,t1aphfzzmcujqhuenxl5odscmyv97ti5dwv,1,t1aphfzzmcujqhuenxl5odscmyv97ti5dwv,-
1002,minted,t1c4j1rmlwwpelu6xcjqb9zheujusethjcx,1,t1c4j1rmlwwpelu6xcjqb9zheujusethjcx,-
1005,minted,t1wjymzb8eklefe8jcxdxijvxwrbxybmig5,1,t1wjymzb8eklefe8jcxdxijvxwrbxybmig5,-
1007,minted,t1tskumd6v3roqqj5pg91uwdqjodnozds8l,1,t1tskumd6v3roqqj5pg91uwdqjodnozds8l,-
1008,minted,t1tm4ckf29ikxbctrub9f2udckawtb5aiyz,1,t1tm4ckf29ikxbctrub9f2udckawtb5aiyz,-
1010,minted,t1vnqzdvmveogfsmvu2hqbadttvlfre5fcr,1,t1vnqzdvmveogfsmvu2hqbadttvlfre5fcr,-
1012,minted,t1khhgjrucrrbn1jhnlz8ibmtok9tpidfui,1,t1khhgjrucrrbn1jhnlz8ibmtok9tpidfui,-
1013,minted,t1bnbdl7zusefkhvhgzfad5jq6e3d1fg3hz,1,t1bnbdl7zusefkhvhgzfad5jq6e3d1fg3hz,-
1015,minted,t1sn6q8wbuc1a2s7tjdbjzcqcti8uqutseq,1,t1sn6q8wbuc1a2s7tjdbjzcqcti8uqutseq,-
1016,minted,t1urpiavkof3253qofgncv8fwp6zaihlsua,1,t1urpiavkof3253qofgncv8fwp6zaihlsua,-
1018,minted,t1harykyjfctqhcswkwobfnqydrtpybcusz,1,t1harykyjfctqhcswkwobfnqydrtpybcusz,-
1019,minted,t1tdwjklmpx8k3pykwzyamcydtw24agjuus,1,t1tdwjklmpx8k3pykwzyamcydtw24agjuus,-
1020,minted,t1xkb2xu5cytyrh46mgtxqe9rbuvcwmdxbw,1,t1xkb2xu5cytyrh46mgtxqe9rbuvcwmdxbw,-
1021,minted,t1fcmnktgqtxnnsq9llfxityrj12uteieuk,1,t1fcmnktgqtxnnsq9llfxityrj12uteieuk,-
1022,minted,t1k6zlqemuuuh7y2tzmnybqtkztmzt4kz5z,1,t1k6zlqemuuuh7y2tzmnybqtkztmzt4kz5z,-
1024,minted,t1qupqtxglgncbo4msuegxdvjmbyunvptdb,1,t1qupqtxglgncbo4msuegxdvjmbyunvptdb,-
1025,minted,t1plr7emfb4ptjr3ydgkxtvvcx88vipczbg,1,t1plr7emfb4ptjr3ydgkxtvvcx88vipczbg,-
1028,minted,t1vaehdcmet6fn2nqxc2wufegjj9tnizcz1,1,t1vaehdcmet6fn2nqxc2wufegjj9tnizcz1,-
1030,minted,t1kpwnwxtu8wf5g5twdruqbnh4bi6tohrtn,1,t1kpwnwxtu8wf5g5twdruqbnh4bi6tohrtn,-
1031,minted,t1s7eadhhq5jufr1tkzgphgucbyjtja8ee1,1,t1s7eadhhq5jufr1tkzgphgucbyjtja8ee1,-
1032,minted,t1bzl1asatjjcpee5t3hsqdmpvhw39rmzan,1,t1bzl1asatjjcpee5t3hsqdmpvhw39rmzan,-
1034,minted,t1k1k3lvujfthpw1rx5gye1wt1w3nfffkuz,1,t1k1k3lvujfthpw1rx5gye1wt1w3nfffkuz,-
1035,minted,t1wwe8mf17ryho7niz6wlhriaxac5f8qymi,1,t1wwe8mf17ryho7niz6wlhriaxac5f8qymi,-
1037,minted,t1p9jplm6rkwlnnfe4b2ruvfngsqj38cmrz,1,t1p9jplm6rkwlnnfe4b2ruvfngsqj38cmrz,-
1041,minted,t1ceuykreawgbzptq5b4crcjswqgk3iwcvu,1,t1ceuykreawgbzptq5b4crcjswqgk3iwcvu,-
1043,minted,t1mn1hixkseswrzwe7jbk82flewryugjtc9,1,t1mn1hixkseswrzwe7jbk82flewryugjtc9,-
1044,minted,t1phbzxzsn1drjjezf6wmsujgxayy9h5daz,1,t1phbzxzsn1drjjezf6wmsujgxayy9h5daz,-
1046,minted,t1lzpx1jbaka9jlgu26bfufmqgkbk9vhhyq,1,t1lzpx1jbaka9jlgu26bfufmqgkbk9vhhyq,-
1048,minted,t1c4j1rmlwwpelu6xcjqb9zheujusethjcx,1,t1c4j1rmlwwpelu6xcjqb9zheujusethjcx,-
1049,minted,t1lz7kt1duyahmqzcuxp8jvrcvy1ps6so6e,1,t1lz7kt1duyahmqzcuxp8jvrcvy1ps6so6e,-
1050,minted,t1lakakmmjky8le5cmznkgdvcvvtnrkac8a,1,t1lakakmmjky8le5cmznkgdvcvvtnrkac8a,-
1051,minted,t1rximgyakaxnwqz9asp6bbnkwfkfbif1fc,1,t1rximgyakaxnwqz9asp6bbnkwfkfbif1fc,-
1054,minted,t1sntdtkq4sbsk3socy6uzrbxvjwdn1x7cm,1,t1sntdtkq4sbsk3socy6uzrbxvjwdn1x7cm,-
1056,minted,t1k1k3lvujfthpw1rx5gye1wt1w3nfffkuz,1,t1k1k3lvujfthpw1rx5gye1wt1w3nfffkuz,-
1057,minted,t1uijcpndrzgcmqlg67y8ld8xailbijq9ku,1,t1uijcpndrzgcmqlg67y8ld8xailbijq9ku,-
1062,minted,t1lakakmmjky8le5cmznkgdvcvvtnrkac8a,1,t1lakakmmjky8le5cmznkgdvcvvtnrkac8a,-
1064,minted,t1jts8xyoc3stscbtkbkpdspd3detcnfb4u,1,t1jts8xyoc3stscbtkbkpdspd3detcnfb4u,-
1066,minted,t1rmhswkzucw9ub1owuggjwv6lbrvbfxczv,1,t1rmhswkzucw9ub1owuggjwv6lbrvbfxczv,-
1067,minted,t1plzelr9uehatsdzm1kb57wz8bnd9p1hdl,1,t1plzelr9uehatsdzm1kb57wz8bnd9p1hdl,-
1072,minted,t1khhgjrucrrbn1jhnlz8ibmtok9tpidfui,1,t1khhgjrucrrbn1jhnlz8ibmtok9tpidfui,-
1074,minted,t1neyegc8iskf9j5jpaaax6f2gvphtcft7s,1,t1neyegc8iskf9j5jpaaax6f2gvphtcft7s,-
1075,minted,t1uijcpndrzgcmqlg67y8ld8xailbijq9ku,1,t1uijcpndrzgcmqlg67y8ld8xailbijq9ku,-
1079,minted,t1fcmnktgqtxnnsq9llfxityrj12uteieuk,1,t1fcmnktgqtxnnsq9llfxityrj12uteieuk,-
1080,minted,t1fcmnktgqtxnnsq9llfxityrj12uteieuk,1,t1fcmnktgqtxnnsq9llfxityrj12uteieuk,-
1081,minted,t1t6vyuq11ez6hmc5cfwwtwo4dxkcq49wcj,1,t1t6vyuq11ez6hmc5cfwwtwo4dxkcq49wcj,-
1083,minted,t1d1phzjprbfb6l3z7bpobkqdzjlavru3zb,1,t1d1phzjprbfb6l3z7bpobkqdzjlavru3zb,-
1085,minted,t1ceuykreawgbzptq5b4crcjswqgk3iwcvu,1,t1ceuykreawgbzptq5b4crcjswqgk3iwcvu,-
1087,minted,t1uijcpndrzgcmqlg67y8ld8xailbijq9ku,1,t1uijcpndrzgcmqlg67y8ld8xailbijq9ku,-
1088,minted,t1qpeclgkhmw4xgk2v6kaixumhjf5pehox1,1,t1qpeclgkhmw4xgk2v6kaixumhjf5pehox1,-
1089,minted,t1umuzozkqrbtaknbascznhnpqj7dxixrvq,1,t1umuzozkqrbtaknbascznhnpqj7dxixrvq,-
1090,minted,t1sjbaodtmts94hhndm1g6gsxs9r56r3fmi,1,t1sjbaodtmts94hhndm1g6gsxs9r56r3fmi,-
1092,minted,t1ackjtwvbsfgafminnbmneegdypv9g3gca,1,t1ackjtwvbsfgafminnbmneegdypv9g3gca,-
1097,minted,t1tuhpqkrnvjpjkj3yaenccecenarccfwgv,1,t1tuhpqkrnvjpjkj3yaenccecenarccfwgv,-
1102,minted,t1eqrq34pr3zkecprjvanrxmpdpxt32j8tv,1,t1eqrq34pr3zkecprjvanrxmpdpxt32j8tv,-
1104,minted,t1pcjiaepled7najcti7vxpgjjzhji5m3fg,1,t1pcjiaepled7najcti7vxpgjjzhji5m3fg,-
1106,minted,t1vxjd7iypy58chghwfrhmbnijefrkycbvn,1,t1vxjd7iypy58chghwfrhmbnijefrkycbvn,-
1108,minted,t1zuffvd1tk6pux9r8zbojyoajsmip5awra,1,t1zuffvd1tk6pux9r8zbojyoajsmip5awra,-
1109,minted,t1dmol5cxocwndah9cyqydl3ntxv3kh4ysd,1,t1dmol5cxocwndah9cyqydl3ntxv3kh4ysd,-
1110,minted,t1ajuljsbupivq2cpeden4qvgvxnodyv75g,1,t1ajuljsbupivq2cpeden4qvgvxnodyv75g,-
1114,minted,t1qupqtxglgncbo4msuegxdvjmbyunvptdb,1,t1qupqtxglgncbo4msuegxdvjmbyunvptdb,-
1116,minted,t1xugqv2svc6pygv3vukasyehzoefvgvr21,1,t1xugqv2svc6pygv3vukasyehzoefvgvr21,-
1123,minted,t1wxlkbsuqmtd6nzburphdhp5bfhgajllps,1,t1wxlkbsuqmtd6nzburphdhp5bfhgajllps,-
1124,minted,t1ajuljsbupivq2cpeden4qvgvxnodyv75g,1,t1ajuljsbupivq2cpeden4qvgvxnodyv75g,-
1126,minted,t1pym9hcnf7vl6jt4lnq1f3ko2jzzcqq9om,1,t1pym9hcnf7vl6jt4lnq1f3ko2jzzcqq9om,-
1128,minted,t1k6zlqemuuuh7y2tzmnybqtkztmzt4kz5z,1,t1k6zlqemuuuh7y2tzmnybqtkztmzt4kz5z,-
1129,minted,t1wdk8ftmqhutjtpqoftehpxunlkfuvyspm,1,t1wdk8ftmqhutjtpqoftehpxunlkfuvyspm,-
1131,minted,t1umuzozkqrbtaknbascznhnpqj7dxixrvq,1,t1umuzozkqrbtaknbascznhnpqj7dxixrvq,-
1132,minted,t1vxjd7iypy58chghwfrhmbnijefrkycbvn,1,t1vxjd7iypy58chghwfrhmbnijefrkycbvn,-
1133,minted,t1vimk2cvlaf4yf1cpkyw9zw2vqglla6pw9,1,t1vimk2cvlaf4yf1cpkyw9zw2vqglla6pw9,-
1135,minted,t1umuzozkqrbtaknbascznhnpqj7dxixrvq,1,t1umuzozkqrbtaknbascznhnpqj7dxixrvq,-
1136,minted,t1nmcjpeuqab3ghpbqpfzg7xypw3th4krnp,1,t1nmcjpeuqab3ghpbqpfzg7xypw3th4krnp,-
1137,minted,t1zmyf5bw92ud3ow3vyhphvkdenjbxvy5j1,1,t1zmyf5bw92ud3ow3vyhphvkdenjbxvy5j1,-
1138,minted,t1kqn6lrzaaqmy4vetlswnmpucd71ltoesq,1,t1kqn6lrzaaqmy4vetlswnmpucd71ltoesq,-
1140,minted,t1keyd75eld8bvhtjn9r2sqxsomd4uksy3q,1,t1keyd75eld8bvhtjn9r2sqxsomd4uksy3q,-
1142,minted,t1tqmu6mujknd7ieks9wpikrwswzdcxkdfc,1,t1tqmu6mujknd7ieks9wpikrwswzdcxkdfc,-
1143,minted,t1qlpbfcgqthby7gtqlcxjemd3unmdc17p9,1,t1qlpbfcgqthby7gtqlcxjemd3unmdc17p9,-
1147,minted,t1plr7emfb4ptjr3ydgkxtvvcx88vipczbg,1,t1plr7emfb4ptjr3ydgkxtvvcx88vipczbg,-
1148,minted,t1rgw6g813bmzoyvyd37iaewney6hditzvq,1,t1rgw6g813bmzoyvyd37iaewney6hditzvq,-
1150,minted,t1gmpdre6q9l4b8brnfi4qz9buecz9s1jj4,1,t1gmpdre6q9l4b8brnfi4qz9buecz9s1jj4,-
1151,minted,t1cufblk8osimwlfkpnt815kcsllnjqetwk,1,t1cufblk8osimwlfkpnt815kcsllnjqetwk,-
1153,minted,t1k1k3lvujfthpw1rx5gye1wt1w3nfffkuz,1,t1k1k3lvujfthpw1rx5gye1wt1w3nfffkuz,-
1158,minted,t1d4y89g5ihbft9j3ri55n44roiruftyxan,1,t1d4y89g5ihbft9j3ri55n44roiruftyxan,-
1161,minted,t1lz7kt1duyahmqzcuxp8jvrcvy1ps6so6e,1,t1lz7kt1duyahmqzcuxp8jvrcvy1ps6so6e,-
1162,minted,t1sn6q8wbuc1a2s7tjdbjzcqcti8uqutseq,1,t1sn6q8wbuc1a2s7tjdbjzcqcti8uqutseq,-
1163,minted,t1tm4ukzttclqbius6oqzhbb5wla9soo3ii,1,t1tm4ukzttclqbius6oqzhbb5wla9soo3ii,-
1165,minted,t1fym6ponzmhqgj1azpaimmy1wzligfzdwt,1,t1fym6ponzmhqgj1azpaimmy1wzligfzdwt,-
1166,minted,t1nveuzt6vcr9tm2p2xd1gxdbnwyo6rrd39,1,t1nveuzt6vcr9tm2p2xd1gxdbnwyo6rrd39,-
1167,minted,t1b4xybydvhinc2qasg9zgtdrqmxqyb6ax7,1,t1b4xybydvhinc2qasg9zgtdrqmxqyb6ax7,-
1168,minted,t1uwhgycnxruf62kfea3wefuetqlahxttqv,1,t1uwhgycnxruf62kfea3wefuetqlahxttqv,-
1169,minted,t1fcmnktgqtxnnsq9llfxityrj12uteieuk,1,t1fcmnktgqtxnnsq9llfxityrj12uteieuk,-
1170,minted,t1zvfc8q8ritdcmiyfuo4k1sytbf7fgtggs,1,t1zvfc8q8ritdcmiyfuo4k1sytbf7fgtggs,-
1173,minted,t1rnjbkm81ui7zsy2z2udyi7bil5xvjspvh,1,t1rnjbkm81ui7zsy2z2udyi7bil5xvjspvh,-
1174,minted,t1sjbaodtmts94hhndm1g6gsxs9r56r3fmi,1,t1sjbaodtmts94hhndm1g6gsxs9r56r3fmi,-
1175,minted,t1aoyfcesrkjk1rnovuiuwqjmtyynexta6l,1,t1aoyfcesrkjk1rnovuiuwqjmtyynexta6l,-
1177,minted,t1fygwxb9m6az4j3jftu52yeg2btdajqw5j,1,t1fygwxb9m6az4j3jftu52yeg2btdajqw5j,-
1182,minted,t1xkb2xu5cytyrh46mgtxqe9rbuvcwmdxbw,1,t1xkb2xu5cytyrh46mgtxqe9rbuvcwmdxbw,-
1183,minted,t1ad5mp7aux3fxfv5hwtjfeiihcdtb71smg,1,t1ad5mp7aux3fxfv5hwtjfeiihcdtb71smg,-
1186,minted,t1lz7kt1duyahmqzcuxp8jvrcvy1ps6so6e,1,t1lz7kt1duyahmqzcuxp8jvrcvy1ps6so6e,-
1187,minted,t1wsohyjrazyhjmzfvbxtrbwh1fo9iypbqx,1,t1wsohyjrazyhjmzfvbxtrbwh1fo9iypbqx,-
1188,minted,t1nmcjpeuqab3ghpbqpfzg7xypw3th4krnp,1,t1nmcjpeuqab3ghpbqpfzg7xypw3th4krnp,-
1189,minted,t1ad5mp7aux3fxfv5hwtjfeiihcdtb71smg,1,t1ad5mp7aux3fxfv5hwtjfeiihcdtb71smg,-
1190,minted,t1ldpz7hjrtq2ungknph3lf8ihehlsmebsv,1,t1ldpz7hjrtq2ungknph3lf8ihehlsmebsv,-
1191,minted,t1tqcxffgu5zraefnaa33hbh4bsfjjbv9rv,1,t1tqcxffgu5zraefnaa33hbh4bsfjjbv9rv,-
1192,minted,t1cufblk8osimwlfkpnt815kcsllnjqetwk,1,t1cufblk8osimwlfkpnt815kcsllnjqetwk,-
1195,minted,t1ackjtwvbsfgafminnbmneegdypv9g3gca,1,t1ackjtwvbsfgafminnbmneegdypv9g3gca,-
1197,minted,t1k1k3lvujfthpw1rx5gye1wt1w3nfffkuz,1,t1k1k3lvujfthpw1rx5gye1wt1w3nfffkuz,-
1199,minted,t1ceuykreawgbzptq5b4crcjswqgk3iwcvu,1,t1ceuykreawgbzptq5b4crcjswqgk3iwcvu,-
1200,minted,t1lxawpjvl85qecyxujjpsb3bujzogs5wm7,1,t1lxawpjvl85qecyxujjpsb3bujzogs5wm7,-
1203,minted,t1vnqzdvmveogfsmvu2hqbadttvlfre5fcr,1,t1vnqzdvmveogfsmvu2hqbadttvlfre5fcr,-
1204,minted,t1ezmafcocld3avqj6clnp9ecyjeey3bbgn,1,t1ezmafcocld3avqj6clnp9ecyjeey3bbgn,-
1206,minted,t1alunes1f8r7ps4wmmmecqrg2jdhgcryqk,1,t1alunes1f8r7ps4wmmmecqrg2jdhgcryqk,-
1207,minted,t1uwhgycnxruf62kfea3wefuetqlahxttqv,1,t1uwhgycnxruf62kfea3wefuetqlahxttqv,-
1208,minted,t1vf4k61qeseulhxpzkjch3nb3q1vw6fvx9,1,t1vf4k61qeseulhxpzkjch3nb3q1vw6fvx9,-
1210,minted,t1ugnmmfgvei3prgchynzyhugd5qysjpdcd,1,t1ugnmmfgvei3prgchynzyhugd5qysjpdcd,-
1211,minted,t1wwe8mf17ryho7niz6wlhriaxac5f8qymi,1,t1wwe8mf17ryho7niz6wlhriaxac5f8qymi,-
1214,minted,t1b4xybydvhinc2qasg9zgtdrqmxqyb6ax7,1,t1b4xybydvhinc2qasg9zgtdrqmxqyb6ax7,-
1215,minted,t1xkb2xu5cytyrh46mgtxqe9rbuvcwmdxbw,1,t1xkb2xu5cytyrh46mgtxqe9rbuvcwmdxbw,-
1218,minted,t1roxdrmb2qgdvzwejbtpl7assozek7uhnb,1,t1roxdrmb2qgdvzwejbtpl7assozek7uhnb,-
1219,minted,t1vnqzdvmveogfsmvu2hqbadttvlfre5fcr,1,t1vnqzdvmveogfsmvu2hqbadttvlfre5fcr,-
1221,minted,t1pvld2x5gqpvak2j1ucjamtkdgjcjqp5k2,1,t1pvld2x5gqpvak2j1ucjamtkdgjcjqp5k2,-
1223,minted,t1ceuykreawgbzptq5b4crcjswqgk3iwcvu,1,t1ceuykreawgbzptq5b4crcjswqgk3iwcvu,-
1227,minted,t1tqcxffgu5zraefnaa33hbh4bsfjjbv9rv,1,t1tqcxffgu5zraefnaa33hbh4bsfjjbv9rv,-
1228,minted,t1vimk2cvlaf4yf1cpkyw9zw2vqglla6pw9,1,t1vimk2cvlaf4yf1cpkyw9zw2vqglla6pw9,-
1229,minted,t1rjxectx3e63ydhaerxyynqck71mp117ty,1,t1rjxectx3e63ydhaerxyynqck71mp117ty,-
1230,minted,t1ldpz7hjrtq2ungknph3lf8ihehlsmebsv,1,t1ldpz7hjrtq2ungknph3lf8ihehlsmebsv,-
1231,minted,t1sjbaodtmts94hhndm1g6gsxs9r56r3fmi,1,t1sjbaodtmts94hhndm1g6gsxs9r56r3fmi,-
1232,minted,t1aoyfcesrkjk1rnovuiuwqjmtyynexta6l,1,t1aoyfcesrkjk1rnovuiuwqjmtyynexta6l,-
1233,minted,t1keyd75eld8bvhtjn9r2sqxsomd4uksy3q,1,t1keyd75eld8bvhtjn9r2sqxsomd4uksy3q,-
1235,minted,t1vxjd7iypy58chghwfrhmbnijefrkycbvn,1,t1vxjd7iypy58chghwfrhmbnijefrkycbvn,-
1237,minted,t1jqulpn6dhcced5yhrbcesogxt3t5366jo,1,t1jqulpn6dhcced5yhrbcesogxt3t5366jo,-
1239,minted,t1khhgjrucrrbn1jhnlz8ibmtok9tpidfui,1,t1khhgjrucrrbn1jhnlz8ibmtok9tpidfui,-
1243,minted,t1c9zdg3amocc9xwk4s522bp5c9ye5x4d6p,1,t1c9zdg3amocc9xwk4s522bp5c9ye5x4d6p,-
1244,minted,t1pym9hcnf7vl6jt4lnq1f3ko2jzzcqq9om,1,t1pym9hcnf7vl6jt4lnq1f3ko2jzzcqq9om,-
1246,minted,t1fym6ponzmhqgj1azpaimmy1wzligfzdwt,1,t1fym6ponzmhqgj1azpaimmy1wzligfzdwt,-
1247,failed,t1b4xybydvhinc2qasg9zgtdrqmxqyb6ax7,1,-,-
1248,minted,t1sn6q8wbuc1a2s7tjdbjzcqcti8uqutseq,1,t1sn6q8wbuc1a2s7tjdbjzcqcti8uqutseq,-
1250,minted,t1uijcpndrzgcmqlg67y8ld8xailbijq9ku,1,t1uijcpndrzgcmqlg67y8ld8xailbijq9ku,-
1252,minted,t1k1k3lvujfthpw1rx5gye1wt1w3nfffkuz,1,t1k1k3lvujfthpw1rx5gye1wt1w3nfffkuz,-
1253,minted,t1lakakmmjky8le5cmznkgdvcvvtnrkac8a,1,t1lakakmmjky8le5cmznkgdvcvvtnrkac8a,-
1255,minted,t1psnfhk4ildwruk9t5s955rcsdypgkzlch,1,t1psnfhk4ildwruk9t5s955rcsdypgkzlch,-
1256,minted,t1sqqn7d3fhvj1adwgfip6ebxtqjcngrwff,1,t1sqqn7d3fhvj1adwgfip6ebxtqjcngrwff,-
1260,minted,t1qr45sgpxm8tmdkcpb2ntxbkacl6mqdopq,1,t1qr45sgpxm8tmdkcpb2ntxbkacl6mqdopq,-
1263,minted,t1wsohyjrazyhjmzfvbxtrbwh1fo9iypbqx,1,t1wsohyjrazyhjmzfvbxtrbwh1fo9iypbqx,-
1264,minted,t1sqqn7d3fhvj1adwgfip6ebxtqjcngrwff,1,t1sqqn7d3fhvj1adwgfip6ebxtqjcngrwff,-
1265,minted,t1xkjq7z7dq1s1ksfux7qnk9l8a5rtjxapu,1,t1xkjq7z7dq1s1ksfux7qnk9l8a5rtjxapu,-
1267,minted,t1tqmu6mujknd7ieks9wpikrwswzdcxkdfc,1,t1tqmu6mujknd7ieks9wpikrwswzdcxkdfc,-
1268,minted,t1swxdgrkwwzgzchaqrn1u8n5sr6gsjtt11,1,t1swxdgrkwwzgzchaqrn1u8n5sr6gsjtt11,-
1269,minted,t1nveuzt6vcr9tm2p2xd1gxdbnwyo6rrd39,1,t1nveuzt6vcr9tm2p2xd1gxdbnwyo6rrd39,-
1270,minted,t1ad5mp7aux3fxfv5hwtjfeiihcdtb71smg,1,t1ad5mp7aux3fxfv5hwtjfeiihcdtb71smg,-
1273,minted,t1ad5mp7aux3fxfv5hwtjfeiihcdtb71smg,1,t1ad5mp7aux3fxfv5hwtjfeiihcdtb71smg,-
1274,minted,t1uijcpndrzgcmqlg67y8ld8xailbijq9ku,1,t1uijcpndrzgcmqlg67y8ld8xailbijq9ku,-
1278,minted,t1kcuw1npvr56on7dbzkddjob41akjlwe2h,1,t1kcuw1npvr56on7dbzkddjob41akjlwe2h,-
1280,minted,t1qunysptkw1jvmv2abfvljustmikybvfiy,1,t1qunysptkw1jvmv2abfvljustmikybvfiy,-
1283,minted,t1wdk8ftmqhutjtpqoftehpxunlkfuvyspm,1,t1wdk8ftmqhutjtpqoftehpxunlkfuvyspm,-
1284,minted,t1ls3lszpnhsc73sva1vxdteuwkprr9xwmv,1,t1ls3lszpnhsc73sva1vxdteuwkprr9xwmv,-
1285,minted,t1lz7kt1duyahmqzcuxp8jvrcvy1ps6so6e,1,t1lz7kt1duyahmqzcuxp8jvrcvy1ps6so6e,-
1286,minted,t1qpeclgkhmw4xgk2v6kaixumhjf5pehox1,1,t1qpeclgkhmw4xgk2v6kaixumhjf5pehox1,-
1288,minted,t1xyrfax3c7zbwfxmqcfsqxbmtngrnjhygh,1,t1xyrfax3c7zbwfxmqcfsqxbmtngrnjhygh,-
1293,minted,t1ahn537hrtes9qlcbhlq7rcztkukqh9nsz,1,t1ahn537hrtes9qlcbhlq7rcztkukqh9nsz,-
1294,minted,t1vnqzdvmveogfsmvu2hqbadttvlfre5fcr,1,t1vnqzdvmveogfsmvu2hqbadttvlfre5fcr,-
1295,minted,t1gfxpmbrdeohuwrzcrms99tghjuw7fufyu,1,t1gfxpmbrdeohuwrzcrms99tghjuw7fufyu,-
1298,minted,t1vxzayz2wtcgluk2rrlctxr5ivjzzfmluy,1,t1vxzayz2wtcgluk2rrlctxr5ivjzzfmluy,-
1300,minted,t1aoyfcesrkjk1rnovuiuwqjmtyynexta6l,1,t1aoyfcesrkjk1rnovuiuwqjmtyynexta6l,-
1301,minted,t1b4xybydvhinc2qasg9zgtdrqmxqyb6ax7,1,t1b4xybydvhinc2qasg9zgtdrqmxqyb6ax7,-
1302,minted,t1dfjru8b7hjg8t7zxhdcuctfffw7b71alt,1,t1dfjru8b7hjg8t7zxhdcuctfffw7b71alt,-
1304,minted,t1kcuw1npvr56on7dbzkddjob41akjlwe2h,1,t1kcuw1npvr56on7dbzkddjob41akjlwe2h,-
1305,minted,t1sg7teea9tkjymwsffeq3aqyczdvpknsny,1,t1sg7teea9tkjymwsffeq3aqyczdvpknsny,-
1306,minted,t1nmcjpeuqab3ghpbqpfzg7xypw3th4krnp,1,t1nmcjpeuqab3ghpbqpfzg7xypw3th4krnp,-
1310,minted,t1roxdrmb2qgdvzwejbtpl7assozek7uhnb,1,t1roxdrmb2qgdvzwejbtpl7assozek7uhnb,-
1311,minted,t1vf4k61qeseulhxpzkjch3nb3q1vw6fvx9,1,t1vf4k61qeseulhxpzkjch3nb3q1vw6fvx9,-
1312,minted,t1harykyjfctqhcswkwobfnqydrtpybcusz,1,t1harykyjfctqhcswkwobfnqydrtpybcusz,-
1314,minted,t1harykyjfctqhcswkwobfnqydrtpybcusz,1,t1harykyjfctqhcswkwobfnqydrtpybcusz,-
1315,minted,t1gfxpmbrdeohuwrzcrms99tghjuw7fufyu,1,t1gfxpmbrdeohuwrzcrms99tghjuw7fufyu,-
1316,minted,t1eytcrhqquhq1kr1rzqyc1zracih7cpewl,1,t1eytcrhqquhq1kr1rzqyc1zracih7cpewl,-
1318,minted,t1tuhpqkrnvjpjkj3yaenccecenarccfwgv,1,t1tuhpqkrnvjpjkj3yaenccecenarccfwgv,-
1322,minted,t1wup8b6wsaeewjbzszy5kfnvessbm8dhdj,1,t1wup8b6wsaeewjbzszy5kfnvessbm8dhdj,-
1323,minted,t1plzelr9uehatsdzm1kb57wz8bnd9p1hdl,1,t1plzelr9uehatsdzm1kb57wz8bnd9p1hdl,-
1324,minted,t1vxzayz2wtcgluk2rrlctxr5ivjzzfmluy,1,t1vxzayz2wtcgluk2rrlctxr5ivjzzfmluy,-
1326,minted,t1aphfzzmcujqhuenxl5odscmyv97ti5dwv,1,t1aphfzzmcujqhuenxl5odscmyv97ti5dwv,-
1327,minted,t1xkb2xu5cytyrh46mgtxqe9rbuvcwmdxbw,1,t1xkb2xu5cytyrh46mgtxqe9rbuvcwmdxbw,-
1329,minted,t1plr7emfb4ptjr3ydgkxtvvcx88vipczbg,1,t1plr7emfb4ptjr3ydgkxtvvcx88vipczbg,-
1330,minted,t1nmcjpeuqab3ghpbqpfzg7xypw3th4krnp,1,t1nmcjpeuqab3ghpbqpfzg7xypw3th4krnp,-
1331,minted,t1zvfc8q8ritdcmiyfuo4k1sytbf7fgtggs,1,t1zvfc8q8ritdcmiyfuo4k1sytbf7fgtggs,-
1334,minted,t1xszkmqptzube3nardgsxf4pdcctb5lac2,1,t1xszkmqptzube3nardgsxf4pdcctb5lac2,-
1336,minted,t1tdwjklmpx8k3pykwzyamcydtw24agjuus,1,t1tdwjklmpx8k3pykwzyamcydtw24agjuus,-
1337,minted,t1nmcjpeuqab3ghpbqpfzg7xypw3th4krnp,1,t1nmcjpeuqab3ghpbqpfzg7xypw3th4krnp,-
1338,minted,t1k1k3lvujfthpw1rx5gye1wt1w3nfffkuz,1,t1k1k3lvujfthpw1rx5gye1wt1w3nfffkuz,-
1339,minted,t1xyrfax3c7zbwfxmqcfsqxbmtngrnjhygh,1,t1xyrfax3c7zbwfxmqcfsqxbmtngrnjhygh,-
1340,minted,t1wmvgymhcviohvrozfxtkvmemy5bmuintt,1,t1wmvgymhcviohvrozfxtkvmemy5bmuintt,-
1345,minted,t1utwwsaslf2xhdaec4hnfbewky6k9e6yqi,1,t1utwwsaslf2xhdaec4hnfbewky6k9e6yqi,-
1347,minted,t1xkjq7z7dq1s1ksfux7qnk9l8a5rtjxapu,1,t1xkjq7z7dq1s1ksfux7qnk9l8a5rtjxapu,-
1348,minted,t1ry1amqjxbasfn4g54vejjhgfwhqyau6kq,1,t1ry1amqjxbasfn4g54vejjhgfwhqyau6kq,-
1349,minted,t1dfjru8b7hjg8t7zxhdcuctfffw7b71alt,1,t1dfjru8b7hjg8t7zxhdcuctfffw7b71alt,-
1351,minted,t1fygwxb9m6az4j3jftu52yeg2btdajqw5j,1,t1fygwxb9m6az4j3jftu52yeg2btdajqw5j,-
1353,minted,t1k1k3lvujfthpw1rx5gye1wt1w3nfffkuz,1,t1k1k3lvujfthpw1rx5gye1wt1w3nfffkuz,-
1355,minted,t1kcuw1npvr56on7dbzkddjob41akjlwe2h,1,t1kcuw1npvr56on7dbzkddjob41akjlwe2h,-
1356,minted,t1xyrfax3c7zbwfxmqcfsqxbmtngrnjhygh,1,t1xyrfax3c7zbwfxmqcfsqxbmtngrnjhygh,-
1358,minted,t1tk5exioia8at4ohgcguhdesvivbdmjfj5,1,t1tk5exioia8at4ohgcguhdesvivbdmjfj5,-
1362,minted,t1wsohyjrazyhjmzfvbxtrbwh1fo9iypbqx,1,t1wsohyjrazyhjmzfvbxtrbwh1fo9iypbqx,-
1363,minted,t1kwrij5yvuj3a1paujxjjzxm9mhyz53t1e,1,t1kwrij5yvuj3a1paujxjjzxm9mhyz53t1e,-
1364,minted,t1rn9twhetr1qorngpsri97eljaymkuz6ez,1,t1rn9twhetr1qorngpsri97eljaymkuz6ez,-
1365,minted,t1geadqaiqyvgaoog8vhocum1sq6scajdbe,1,t1geadqaiqyvgaoog8vhocum1sq6scajdbe,-
1369,minted,t1phbzxzsn1drjjezf6wmsujgxayy9h5daz,1,t1phbzxzsn1drjjezf6wmsujgxayy9h5daz,-
1372,minted,t1zpzocw6bnvu4bekcg29cokyno37dmuuck,1,t1zpzocw6bnvu4bekcg29cokyno37dmuuck,-
1373,minted,t1gfxpmbrdeohuwrzcrms99tghjuw7fufyu,1,t1gfxpmbrdeohuwrzcrms99tghjuw7fufyu,-
1376,minted,t1gfxpmbrdeohuwrzcrms99tghjuw7fufyu,1,t1gfxpmbrdeohuwrzcrms99tghjuw7fufyu,-
1377,minted,t1wdk8ftmqhutjtpqoftehpxunlkfuvyspm,1,t1wdk8ftmqhutjtpqoftehpxunlkfuvyspm,-
1378,minted,t1rjxectx3e63ydhaerxyynqck71mp117ty,1,t1rjxectx3e63ydhaerxyynqck71mp117ty,-
1380,minted,t1y7dtde9rxmxgbxrqlk9vsraqztczp89m1,1,t1y7dtde9rxmxgbxrqlk9vsraqztczp89m1,-
1381,minted,t1utwwsaslf2xhdaec4hnfbewky6k9e6yqi,1,t1utwwsaslf2xhdaec4hnfbewky6k9e6yqi,-
1382,minted,t1sn6q8wbuc1a2s7tjdbjzcqcti8uqutseq,1,t1sn6q8wbuc1a2s7tjdbjzcqcti8uqutseq,-
1385,failed,t1b4xybydvhinc2qasg9zgtdrqmxqyb6ax7,1,-,-
1388,minted,t1qunysptkw1jvmv2abfvljustmikybvfiy,1,t1qunysptkw1jvmv2abfvljustmikybvfiy,-
1389,minted,t1k1k3lvujfthpw1rx5gye1wt1w3nfffkuz,1,t1k1k3lvujfthpw1rx5gye1wt1w3nfffkuz,-
1391,minted,t1yvnhrmuhezqczspzi71yd8xk4xfywy5vg,1,t1yvnhrmuhezqczspzi71yd8xk4xfywy5vg,-
1392,minted,t1c3ko29zefpjjtwe5bqs44hkfzmmshqzj2,1,t1c3ko29zefpjjtwe5bqs44hkfzmmshqzj2,-
1393,minted,t1pwsn53ukb4e4zbf22ebcxlb7mw548bnjw,1,t1pwsn53ukb4e4zbf22ebcxlb7mw548bnjw,-
1395,minted,t1qupqtxglgncbo4msuegxdvjmbyunvptdb,1,t1qupqtxglgncbo4msuegxdvjmbyunvptdb,-
1396,minted,t1b4xybydvhinc2qasg9zgtdrqmxqyb6ax7,1,t1b4xybydvhinc2qasg9zgtdrqmxqyb6ax7,-
1400,minted,t1sjbaodtmts94hhndm1g6gsxs9r56r3fmi,1,t1sjbaodtmts94hhndm1g6gsxs9r56r3fmi,-
1401,minted,t1vimk2cvlaf4yf1cpkyw9zw2vqglla6pw9,1,t1vimk2cvlaf4yf1cpkyw9zw2vqglla6pw9,-
1403,minted,t1qbjuqt1hbqzrjjz9u4532oitwefqemvtp,1,t1qbjuqt1hbqzrjjz9u4532oitwefqemvtp,-
1404,minted,t1aphfzzmcujqhuenxl5odscmyv97ti5dwv,1,t1aphfzzmcujqhuenxl5odscmyv97ti5dwv,-
1407,minted,t1aphfzzmcujqhuenxl5odscmyv97ti5dwv,1,t1aphfzzmcujqhuenxl5odscmyv97ti5dwv,-
1408,minted,t1zuffvd1tk6pux9r8zbojyoajsmip5awra,1,t1zuffvd1tk6pux9r8zbojyoajsmip5awra,-
1409,minted,t1n9vkjsqqpvji45dbmsyqbf3oms6efzbav,1,t1n9vkjsqqpvji45dbmsyqbf3oms6efzbav,-
1410,minted,t1lckeea2rgmgawzafrvsyj5fnsbvejxujp,1,t1lckeea2rgmgawzafrvsyj5fnsbvejxujp,-
1411,minted,t1lzpx1jbaka9jlgu26bfufmqgkbk9vhhyq,1,t1lzpx1jbaka9jlgu26bfufmqgkbk9vhhyq,-
1412,minted,t1wsplngf6kmka6fx1n2bs7bgy6r1rsbzff,1,t1wsplngf6kmka6fx1n2bs7bgy6r1rsbzff,-
1413,minted,t1k1k3lvujfthpw1rx5gye1wt1w3nfffkuz,1,t1k1k3lvujfthpw1rx5gye1wt1w3nfffkuz,-
1414,minted,t1rnjbkm81ui7zsy2z2udyi7bil5xvjspvh,1,t1rnjbkm81ui7zsy2z2udyi7bil5xvjspvh,-
1415,minted,t1c3ko29zefpjjtwe5bqs44hkfzmmshqzj2,1,t1c3ko29zefpjjtwe5bqs44hkfzmmshqzj2,-
1416,minted,t1ackjtwvbsfgafminnbmneegdypv9g3gca,1,t1ackjtwvbsfgafminnbmneegdypv9g3gca,-
1419,minted,t1jcrlwwbsdkoj516dbtutc3ieofszgt8b6,1,t1jcrlwwbsdkoj516dbtutc3ieofszgt8b6,-
1420,minted,t1wwe8mf17ryho7niz6wlhriaxac5f8qymi,1,t1wwe8mf17ryho7niz6wlhriaxac5f8qymi,-
1421,minted,t1z2bqfbjjxavofvagz4s2l3asowczytznu,1,t1z2bqfbjjxavofvagz4s2l3asowczytznu,-
1422,minted,t1sg7teea9tkjymwsffeq3aqyczdvpknsny,1,t1sg7teea9tkjymwsffeq3aqyczdvpknsny,-
1424,minted,t1rjxectx3e63ydhaerxyynqck71mp117ty,1,t1rjxectx3e63ydhaerxyynqck71mp117ty,-
1426,minted,t1wsohyjrazyhjmzfvbxtrbwh1fo9iypbqx,1,t1wsohyjrazyhjmzfvbxtrbwh1fo9iypbqx,-
1427,minted,t1vnqzdvmveogfsmvu2hqbadttvlfre5fcr,1,t1vnqzdvmveogfsmvu2hqbadttvlfre5fcr,-
1429,minted,t1qr45sgpxm8tmdkcpb2ntxbkacl6mqdopq,1,t1qr45sgpxm8tmdkcpb2ntxbkacl6mqdopq,-
1430,minted,t1kcuw1npvr56on7dbzkddjob41akjlwe2h,1,t1kcuw1npvr56on7dbzkddjob41akjlwe2h,-
1431,minted,t1lckeea2rgmgawzafrvsyj5fnsbvejxujp,1,t1lckeea2rgmgawzafrvsyj5fnsbvejxujp,-
1432,minted,t1aphfzzmcujqhuenxl5odscmyv97ti5dwv,1,t1aphfzzmcujqhuenxl5odscmyv97ti5dwv,-
1434,minted,t1y6h9es3tkbe9cdahmrr6egahbim8n3zcs,1,t1y6h9es3tkbe9cdahmrr6egahbim8n3zcs,-
1435,minted,t1tdwjklmpx8k3pykwzyamcydtw24agjuus,1,t1tdwjklmpx8k3pykwzyamcydtw24agjuus,-
1436,minted,t1kcuw1npvr56on7dbzkddjob41akjlwe2h,1,t1kcuw1npvr56on7dbzkddjob41akjlwe2h,-
1437,minted,t1vnqzdvmveogfsmvu2hqbadttvlfre5fcr,1,t1vnqzdvmveogfsmvu2hqbadttvlfre5fcr,-
1438,minted,t1qr45sgpxm8tmdkcpb2ntxbkacl6mqdopq,1,t1qr45sgpxm8tmdkcpb2ntxbkacl6mqdopq,-
1439,minted,t1qlpbfcgqthby7gtqlcxjemd3unmdc17p9,1,t1qlpbfcgqthby7gtqlcxjemd3unmdc17p9,-
1441,minted,t1wdk8ftmqhutjtpqoftehpxunlkfuvyspm,1,t1wdk8ftmqhutjtpqoftehpxunlkfuvyspm,-
1443,minted,t1nveuzt6vcr9tm2p2xd1gxdbnwyo6rrd39,1,t1nveuzt6vcr9tm2p2xd1gxdbnwyo6rrd39,-
1444,minted,t1cufblk8osimwlfkpnt815kcsllnjqetwk,1,t1cufblk8osimwlfkpnt815kcsllnjqetwk,-
1446,minted,t1plr7emfb4ptjr3ydgkxtvvcx88vipczbg,1,t1plr7emfb4ptjr3ydgkxtvvcx88vipczbg,-
1447,minted,t1d7guc3dpm6udkueebf5lxbazbetnavxv3,1,t1d7guc3dpm6udkueebf5lxbazbetnavxv3,-
1448,minted,t1kcuw1npvr56on7dbzkddjob41akjlwe2h,1,t1kcuw1npvr56on7dbzkddjob41akjlwe2h,-
1449,minted,t1dggdv9xnrzge2juzmaxew28j7e217yu3g,1,t1dggdv9xnrzge2juzmaxew28j7e217yu3g,-
1451,minted,t1c3ko29zefpjjtwe5bqs44hkfzmmshqzj2,1,t1c3ko29zefpjjtwe5bqs44hkfzmmshqzj2,-
1454,minted,t1phbzxzsn1drjjezf6wmsujgxayy9h5daz,1,t1phbzxzsn1drjjezf6wmsujgxayy9h5daz,-
1455,minted,t1px7hlrau7co9lk3k81jcrntnilhrwgoxj,1,t1px7hlrau7co9lk3k81jcrntnilhrwgoxj,-
1456,minted,t1k1k3lvujfthpw1rx5gye1wt1w3nfffkuz,1,t1k1k3lvujfthpw1rx5gye1wt1w3nfffkuz,-
1458,minted,t1rnjbkm81ui7zsy2z2udyi7bil5xvjspvh,1,t1rnjbkm81ui7zsy2z2udyi7bil5xvjspvh,-
1459,minted,t1ldpz7hjrtq2ungknph3lf8ihehlsmebsv,1,t1ldpz7hjrtq2ungknph3lf8ihehlsmebsv,-
1461,minted,t1yfgvhdolzlcwgbxa54mnc4hzjhm9jiteh,1,t1yfgvhdolzlcwgbxa54mnc4hzjhm9jiteh,-
1462,minted,t1swxdgrkwwzgzchaqrn1u8n5sr6gsjtt11,1,t1swxdgrkwwzgzchaqrn1u8n5sr6gsjtt11,-
1463,minted,t1wdk8ftmqhutjtpqoftehpxunlkfuvyspm,1,t1wdk8ftmqhutjtpqoftehpxunlkfuvyspm,-
1464,minted,t1p5vrsuo2qdsnk3npp3scfrsayer2cnxqu,1,t1p5vrsuo2qdsnk3npp3scfrsayer2cnxqu,-
1466,minted,t1zuffvd1tk6pux9r8zbojyoajsmip5awra,1,t1zuffvd1tk6pux9r8zbojyoajsmip5awra,-
1468,minted,t1vf4k61qeseulhxpzkjch3nb3q1vw6fvx9,1,t1vf4k61qeseulhxpzkjch3nb3q1vw6fvx9,-
1469,minted,t1egohrhbvkcebhmzf9xvxfy86njvkjkssa,1,t1egohrhbvkcebhmzf9xvxfy86njvkjkssa,-
1470,minted,t1qbjuqt1hbqzrjjz9u4532oitwefqemvtp,1,t1qbjuqt1hbqzrjjz9u4532oitwefqemvtp,-
1472,minted,t1j5gnyyoqkpwqvxwnmrifakdbgg9syf4q1,1,t1j5gnyyoqkpwqvxwnmrifakdbgg9syf4q1,-
1477,minted,t1tskumd6v3roqqj5pg91uwdqjodnozds8l,1,t1tskumd6v3roqqj5pg91uwdqjodnozds8l,-
1478,minted,t1rjxectx3e63ydhaerxyynqck71mp117ty,1,t1rjxectx3e63ydhaerxyynqck71mp117ty,-
1479,minted,t1nveuzt6vcr9tm2p2xd1gxdbnwyo6rrd39,1,t1nveuzt6vcr9tm2p2xd1gxdbnwyo6rrd39,-
1480,minted,t1rximgyakaxnwqz9asp6bbnkwfkfbif1fc,1,t1rximgyakaxnwqz9asp6bbnkwfkfbif1fc,-
1481,minted,t1sv5yhhefkgqyxnf6v2dzteuwr9fth5otq,1,t1sv5yhhefkgqyxnf6v2dzteuwr9fth5otq,-
1482,minted,t1tm4ukzttclqbius6oqzhbb5wla9soo3ii,1,t1tm4ukzttclqbius6oqzhbb5wla9soo3ii,-
1483,minted,t1cufblk8osimwlfkpnt815kcsllnjqetwk,1,t1cufblk8osimwlfkpnt815kcsllnjqetwk,-
1484,minted,t1cufblk8osimwlfkpnt815kcsllnjqetwk,1,t1cufblk8osimwlfkpnt815kcsllnjqetwk,-
1488,minted,t1jdsfjfc6ydm63jvp9jtmykdxyyxrrtqek,1,t1jdsfjfc6ydm63jvp9jtmykdxyyxrrtqek,-
1489,minted,t1rivrni4ifxjxgjcn8zu5kqqf5s3omngkl,1,t1rivrni4ifxjxgjcn8zu5kqqf5s3omngkl,-
1490,minted,t1bzl1asatjjcpee5t3hsqdmpvhw39rmzan,1,t1bzl1asatjjcpee5t3hsqdmpvhw39rmzan,-
1491,minted,t1xszkmqptzube3nardgsxf4pdcctb5lac2,1,t1xszkmqptzube3nardgsxf4pdcctb5lac2,-
1496,minted,t1fulu1jlxahglec9lbpiuydcd9w89sbfvr,1,t1fulu1jlxahglec9lbpiuydcd9w89sbfvr,-
1497,minted,t1egohrhbvkcebhmzf9xvxfy86njvkjkssa,1,t1egohrhbvkcebhmzf9xvxfy86njvkjkssa,-
1498,minted,t1wsohyjrazyhjmzfvbxtrbwh1fo9iypbqx,1,t1wsohyjrazyhjmzfvbxtrbwh1fo9iypbqx,-
1499,minted,t1vimk2cvlaf4yf1cpkyw9zw2vqglla6pw9,1,t1vimk2cvlaf4yf1cpkyw9zw2vqglla6pw9,-
1501,minted,t1kcuw1npvr56on7dbzkddjob41akjlwe2h,1,t1kcuw1npvr56on7dbzkddjob41akjlwe2h,-
1504,minted,t1z6wmzrucnzzeytapanyucbttqraopcsxz,1,t1z6wmzrucnzzeytapanyucbttqraopcsxz,-
1506,minted,t1zvfc8q8ritdcmiyfuo4k1sytbf7fgtggs,1,t1zvfc8q8ritdcmiyfuo4k1sytbf7fgtggs,-
1507,minted,t1pudhqtsiqkwcge7gr3yo48b8ihw7s76ko,1,t1pudhqtsiqkwcge7gr3yo48b8ihw7s76ko,-
1510,minted,t1ezmafcocld3avqj6clnp9ecyjeey3bbgn,1,t1ezmafcocld3avqj6clnp9ecyjeey3bbgn,-
1511,minted,t1nmcjpeuqab3ghpbqpfzg7xypw3th4krnp,1,t1nmcjpeuqab3ghpbqpfzg7xypw3th4krnp,-
1512,minted,t1tuhpqkrnvjpjkj3yaenccecenarccfwgv,1,t1tuhpqkrnvjpjkj3yaenccecenarccfwgv,-
1513,minted,t1jdsfjfc6ydm63jvp9jtmykdxyyxrrtqek,1,t1jdsfjfc6ydm63jvp9jtmykdxyyxrrtqek,-
1514,minted,t1egohrhbvkcebhmzf9xvxfy86njvkjkssa,1,t1egohrhbvkcebhmzf9xvxfy86njvkjkssa,-
1516,minted,t1c3ko29zefpjjtwe5bqs44hkfzmmshqzj2,1,t1c3ko29zefpjjtwe5bqs44hkfzmmshqzj2,-
1520,minted,t1bqz7lcv5ca65pcubguiqdjfy4qhsvzbzz,1,t1bqz7lcv5ca65pcubguiqdjfy4qhsvzbzz,-
1521,minted,t1d1phzjprbfb6l3z7bpobkqdzjlavru3zb,1,t1d1phzjprbfb6l3z7bpobkqdzjlavru3zb,-
1522,minted,t1fcmnktgqtxnnsq9llfxityrj12uteieuk,1,t1fcmnktgqtxnnsq9llfxityrj12uteieuk,-
1523,minted,t1zvfc8q8ritdcmiyfuo4k1sytbf7fgtggs,1,t1zvfc8q8ritdcmiyfuo4k1sytbf7fgtggs,-
1524,minted,t1k6zlqemuuuh7y2tzmnybqtkztmzt4kz5z,1,t1k6zlqemuuuh7y2tzmnybqtkztmzt4kz5z,-
1525,minted,t1dvmn42ahlgqhk4eaqcg8hticmc7sdu4mn,1,t1dvmn42ahlgqhk4eaqcg8hticmc7sdu4mn,-
1526,minted,t1xkjq7z7dq1s1ksfux7qnk9l8a5rtjxapu,1,t1xkjq7z7dq1s1ksfux7qnk9l8a5rtjxapu,-
1528,minted,t1ls3lszpnhsc73sva1vxdteuwkprr9xwmv,1,t1ls3lszpnhsc73sva1vxdteuwkprr9xwmv,-
1531,minted,t1a6nwf5tjdprzfwhaduw1brvoybqbnquso,1,t1a6nwf5tjdprzfwhaduw1brvoybqbnquso,-
1532,minted,t1qpeclgkhmw4xgk2v6kaixumhjf5pehox1,1,t1qpeclgkhmw4xgk2v6kaixumhjf5pehox1,-
1536,minted,t1sn6q8wbuc1a2s7tjdbjzcqcti8uqutseq,1,t1sn6q8wbuc1a2s7tjdbjzcqcti8uqutseq,-
1538,minted,t1gfxpmbrdeohuwrzcrms99tghjuw7fufyu,1,t1gfxpmbrdeohuwrzcrms99tghjuw7fufyu,-
1540,minted,t1nmcjpeuqab3ghpbqpfzg7xypw3th4krnp,1,t1nmcjpeuqab3ghpbqpfzg7xypw3th4krnp,-
1541,minted,t1lz7kt1duyahmqzcuxp8jvrcvy1ps6so6e,1,t1lz7kt1duyahmqzcuxp8jvrcvy1ps6so6e,-
1543,minted,t1ad5mp7aux3fxfv5hwtjfeiihcdtb71smg,1,t1ad5mp7aux3fxfv5hwtjfeiihcdtb71smg,-
1544,minted,t1qr5zva26etiovwiahfuqv2ay8d9jltdan,1,t1qr5zva26etiovwiahfuqv2ay8d9jltdan,-
1546,minted,t1ls3lszpnhsc73sva1vxdteuwkprr9xwmv,1,t1ls3lszpnhsc73sva1vxdteuwkprr9xwmv,-
1547,minted,t1zuffvd1tk6pux9r8zbojyoajsmip5awra,1,t1zuffvd1tk6pux9r8zbojyoajsmip5awra,-
1554,minted,t1ceuykreawgbzptq5b4crcjswqgk3iwcvu,1,t1ceuykreawgbzptq5b4crcjswqgk3iwcvu,-
1555,minted,t1xkb2xu5cytyrh46mgtxqe9rbuvcwmdxbw,1,t1xkb2xu5cytyrh46mgtxqe9rbuvcwmdxbw,-
1556,minted,t1wjymzb8eklefe8jcxdxijvxwrbxybmig5,1,t1wjymzb8eklefe8jcxdxijvxwrbxybmig5,-
1557,minted,t1s7eadhhq5jufr1tkzgphgucbyjtja8ee1,1,t1s7eadhhq5jufr1tkzgphgucbyjtja8ee1,-
1559,minted,t1fcmnktgqtxnnsq9llfxityrj12uteieuk,1,t1fcmnktgqtxnnsq9llfxityrj12uteieuk,-
1561,minted,t1ezmafcocld3avqj6clnp9ecyjeey3bbgn,1,t1ezmafcocld3avqj6clnp9ecyjeey3bbgn,-
1564,minted,t1y7dtde9rxmxgbxrqlk9vsraqztczp89m1,1,t1y7dtde9rxmxgbxrqlk9vsraqztczp89m1,-
1565,minted,t1nmcjpeuqab3ghpbqpfzg7xypw3th4krnp,1,t1nmcjpeuqab3ghpbqpfzg7xypw3th4krnp,-
1566,minted,t1lhzuuduqgkqm4dppbwnmhb5jhlmjuz7qn,1,t1lhzuuduqgkqm4dppbwnmhb5jhlmjuz7qn,-
1567,minted,t1zuffvd1tk6pux9r8zbojyoajsmip5awra,1,t1zuffvd1tk6pux9r8zbojyoajsmip5awra,-
1568,minted,t1pcjiaepled7najcti7vxpgjjzhji5m3fg,1,t1pcjiaepled7najcti7vxpgjjzhji5m3fg,-
1571,minted,t1ncm6d3y4b2mggbds5anvzs1cgvzjoch5k,1,t1ncm6d3y4b2mggbds5anvzs1cgvzjoch5k,-
1573,minted,t1lakakmmjky8le5cmznkgdvcvvtnrkac8a,1,t1lakakmmjky8le5cmznkgdvcvvtnrkac8a,-
1574,minted,t1zvfc8q8ritdcmiyfuo4k1sytbf7fgtggs,1,t1zvfc8q8ritdcmiyfuo4k1sytbf7fgtggs,-
1579,minted,t1neyegc8iskf9j5jpaaax6f2gvphtcft7s,1,t1neyegc8iskf9j5jpaaax6f2gvphtcft7s,-
1580,minted,t1hd8yo89x2kkepbmtnc4sigq5uohoqpfjc,1,t1hd8yo89x2kkepbmtnc4sigq5uohoqpfjc,-
1581,minted,t1bqz7lcv5ca65pcubguiqdjfy4qhsvzbzz,1,t1bqz7lcv5ca65pcubguiqdjfy4qhsvzbzz,-
1582,minted,t1ezmafcocld3avqj6clnp9ecyjeey3bbgn,1,t1ezmafcocld3avqj6clnp9ecyjeey3bbgn,-
1584,minted,t1lz7kt1duyahmqzcuxp8jvrcvy1ps6so6e,1,t1lz7kt1duyahmqzcuxp8jvrcvy1ps6so6e,-
1586,minted,t1qz52qxsvz7coou2jjbkhuqhagui85j8sx,1,t1qz52qxsvz7coou2jjbkhuqhagui85j8sx,-
1587,minted,t1rzuxxwngrsk2wjkaaa5npsgm9x3dawtcf,1,t1rzuxxwngrsk2wjkaaa5npsgm9x3dawtcf,-
1589,minted,t1uwhgycnxruf62kfea3wefuetqlahxttqv,1,t1uwhgycnxruf62kfea3wefuetqlahxttqv,-
1590,minted,t1wsohyjrazyhjmzfvbxtrbwh1fo9iypbqx,1,t1wsohyjrazyhjmzfvbxtrbwh1fo9iypbqx,-
1591,minted,t1plr7emfb4ptjr3ydgkxtvvcx88vipczbg,1,t1plr7emfb4ptjr3ydgkxtvvcx88vipczbg,-
1594,minted,t1egohrhbvkcebhmzf9xvxfy86njvkjkssa,1,t1egohrhbvkcebhmzf9xvxfy86njvkjkssa,-
1597,minted,t1vimk2cvlaf4yf1cpkyw9zw2vqglla6pw9,1,t1vimk2cvlaf4yf1cpkyw9zw2vqglla6pw9,-
1598,minted,t1k1k3lvujfthpw1rx5gye1wt1w3nfffkuz,1,t1k1k3lvujfthpw1rx5gye1wt1w3nfffkuz,-
1600,minted,t1sn6q8wbuc1a2s7tjdbjzcqcti8uqutseq,1,t1sn6q8wbuc1a2s7tjdbjzcqcti8uqutseq,-
1602,minted,t1cmaavjvkvscj1adavejjh5ndq9zgzj7yq,1,t1cmaavjvkvscj1adavejjh5ndq9zgzj7yq,-
1604,minted,t1ra5rzwpgv2h197mszzuczzh3sqdq7yssl,1,t1ra5rzwpgv2h197mszzuczzh3sqdq7yssl,-
1605,minted,t1d7guc3dpm6udkueebf5lxbazbetnavxv3,1,t1d7guc3dpm6udkueebf5lxbazbetnavxv3,-
1607,minted,t1plzelr9uehatsdzm1kb57wz8bnd9p1hdl,1,t1plzelr9uehatsdzm1kb57wz8bnd9p1hdl,-
1608,minted,t1px7hlrau7co9lk3k81jcrntnilhrwgoxj,1,t1px7hlrau7co9lk3k81jcrntnilhrwgoxj,-
1609,minted,t1harykyjfctqhcswkwobfnqydrtpybcusz,1,t1harykyjfctqhcswkwobfnqydrtpybcusz,-
1610,minted,t1b3zgxvh3pagwffnadb6adlat9lgwdc1sd,1,t1b3zgxvh3pagwffnadb6adlat9lgwdc1sd,-
1611,minted,t1jdsfjfc6ydm63jvp9jtmykdxyyxrrtqek,1,t1jdsfjfc6ydm63jvp9jtmykdxyyxrrtqek,-
1612,minted,t1wup8b6wsaeewjbzszy5kfnvessbm8dhdj,1,t1wup8b6wsaeewjbzszy5kfnvessbm8dhdj,-
1613,minted,t1c9zdg3amocc9xwk4s522bp5c9ye5x4d6p,1,t1c9zdg3amocc9xwk4s522bp5c9ye5x4d6p,-
1614,minted,t1sg7teea9tkjymwsffeq3aqyczdvpknsny,1,t1sg7teea9tkjymwsffeq3aqyczdvpknsny,-
1615,minted,t1keyd75eld8bvhtjn9r2sqxsomd4uksy3q,1,t1keyd75eld8bvhtjn9r2sqxsomd4uksy3q,-
1617,minted,t1bnbdl7zusefkhvhgzfad5jq6e3d1fg3hz,1,t1bnbdl7zusefkhvhgzfad5jq6e3d1fg3hz,-
1619,minted,t1ceuykreawgbzptq5b4crcjswqgk3iwcvu,1,t1ceuykreawgbzptq5b4crcjswqgk3iwcvu,-
1622,minted,t1uijcpndrzgcmqlg67y8ld8xailbijq9ku,1,t1uijcpndrzgcmqlg67y8ld8xailbijq9ku,-
1623,minted,t1keyd75eld8bvhtjn9r2sqxsomd4uksy3q,1,t1keyd75eld8bvhtjn9r2sqxsomd4uksy3q,-
1624,minted,t1qr45sgpxm8tmdkcpb2ntxbkacl6mqdopq,1,t1qr45sgpxm8tmdkcpb2ntxbkacl6mqdopq,-
1625,minted,t1geadqaiqyvgaoog8vhocum1sq6scajdbe,1,t1geadqaiqyvgaoog8vhocum1sq6scajdbe,-
1628,minted,t1jdsfjfc6ydm63jvp9jtmykdxyyxrrtqek,1,t1jdsfjfc6ydm63jvp9jtmykdxyyxrrtqek,-
1629,minted,t1feeekduec8liqgczgjjrdeg8hegncfduw,1,t1feeekduec8liqgczgjjrdeg8hegncfduw,-
1631,minted,t1wxlkbsuqmtd6nzburphdhp5bfhgajllps,1,t1wxlkbsuqmtd6nzburphdhp5bfhgajllps,-
1632,minted,t1relemkcagbfnehud1r1jsu9dhpqwybapn,1,t1relemkcagbfnehud1r1jsu9dhpqwybapn,-
1634,minted,t1fygwxb9m6az4j3jftu52yeg2btdajqw5j,1,t1fygwxb9m6az4j3jftu52yeg2btdajqw5j,-
1635,minted,t1cufblk8osimwlfkpnt815kcsllnjqetwk,1,t1cufblk8osimwlfkpnt815kcsllnjqetwk,-
1636,minted,t1keyd75eld8bvhtjn9r2sqxsomd4uksy3q,1,t1keyd75eld8bvhtjn9r2sqxsomd4uksy3q,-
1638,minted,t1vf4k61qeseulhxpzkjch3nb3q1vw6fvx9,1,t1vf4k61qeseulhxpzkjch3nb3q1vw6fvx9,-
1639,minted,t1mn1hixkseswrzwe7jbk82flewryugjtc9,1,t1mn1hixkseswrzwe7jbk82flewryugjtc9,-
1642,minted,t1lz7kt1duyahmqzcuxp8jvrcvy1ps6so6e,1,t1lz7kt1duyahmqzcuxp8jvrcvy1ps6so6e,-
1643,minted,t1tm4ukzttclqbius6oqzhbb5wla9soo3ii,1,t1tm4ukzttclqbius6oqzhbb5wla9soo3ii,-
1644,minted,t1d1phzjprbfb6l3z7bpobkqdzjlavru3zb,1,t1d1phzjprbfb6l3z7bpobkqdzjlavru3zb,-
1646,minted,t1ntc76ehbxiqujv2dfaffwaeugj8tmvwzw,1,t1ntc76ehbxiqujv2dfaffwaeugj8tmvwzw,-
1648,minted,t1b3zgxvh3pagwffnadb6adlat9lgwdc1sd,1,t1b3zgxvh3pagwffnadb6adlat9lgwdc1sd,-
1651,minted,t1qunysptkw1jvmv2abfvljustmikybvfiy,1,t1qunysptkw1jvmv2abfvljustmikybvfiy,-
1652,minted,t1zmyf5bw92ud3ow3vyhphvkdenjbxvy5j1,1,t1zmyf5bw92ud3ow3vyhphvkdenjbxvy5j1,-
1656,minted,t1ugnmmfgvei3prgchynzyhugd5qysjpdcd,1,t1ugnmmfgvei3prgchynzyhugd5qysjpdcd,-
1659,minted,t1mn1hixkseswrzwe7jbk82flewryugjtc9,1,t1mn1hixkseswrzwe7jbk82flewryugjtc9,-
1660,minted,t1khhgjrucrrbn1jhnlz8ibmtok9tpidfui,1,t1khhgjrucrrbn1jhnlz8ibmtok9tpidfui,-
1662,minted,t1xyrfax3c7zbwfxmqcfsqxbmtngrnjhygh,1,t1xyrfax3c7zbwfxmqcfsqxbmtngrnjhygh,-
1665,minted,t1feeekduec8liqgczgjjrdeg8hegncfduw,1,t1feeekduec8liqgczgjjrdeg8hegncfduw,-
1666,minted,t1ls3lszpnhsc73sva1vxdteuwkprr9xwmv,1,t1ls3lszpnhsc73sva1vxdteuwkprr9xwmv,-
1667,minted,t1keyd75eld8bvhtjn9r2sqxsomd4uksy3q,1,t1keyd75eld8bvhtjn9r2sqxsomd4uksy3q,-
1670,minted,t1lzi24jydjzsfib29wpm2jvp83kwlnkcrb,1,t1lzi24jydjzsfib29wpm2jvp83kwlnkcrb,-
1672,minted,t1mvix48bopzmn6hzee6azqqklzp7loguff,1,t1mvix48bopzmn6hzee6azqqklzp7loguff,-
1674,minted,t1vf4k61qeseulhxpzkjch3nb3q1vw6fvx9,1,t1vf4k61qeseulhxpzkjch3nb3q1vw6fvx9,-
1675,minted,t1qbjuqt1hbqzrjjz9u4532oitwefqemvtp,1,t1qbjuqt1hbqzrjjz9u4532oitwefqemvtp,-
1676,minted,t1k1k3lvujfthpw1rx5gye1wt1w3nfffkuz,1,t1k1k3lvujfthpw1rx5gye1wt1w3nfffkuz,-
1677,minted,t1xkb2xu5cytyrh46mgtxqe9rbuvcwmdxbw,1,t1xkb2xu5cytyrh46mgtxqe9rbuvcwmdxbw,-
1678,minted,t1ad5mp7aux3fxfv5hwtjfeiihcdtb71smg,1,t1ad5mp7aux3fxfv5hwtjfeiihcdtb71smg,-
1679,minted,t1umuzozkqrbtaknbascznhnpqj7dxixrvq,1,t1umuzozkqrbtaknbascznhnpqj7dxixrvq,-
1680,minted,t1qunysptkw1jvmv2abfvljustmikybvfiy,1,t1qunysptkw1jvmv2abfvljustmikybvfiy,-
1682,minted,t1tk5exioia8at4ohgcguhdesvivbdmjfj5,1,t1tk5exioia8at4ohgcguhdesvivbdmjfj5,-
1683,minted,t1fym6ponzmhqgj1azpaimmy1wzligfzdwt,1,t1fym6ponzmhqgj1azpaimmy1wzligfzdwt,-
1685,minted,t1ugnmmfgvei3prgchynzyhugd5qysjpdcd,1,t1ugnmmfgvei3prgchynzyhugd5qysjpdcd,-
1686,minted,t1ad5mp7aux3fxfv5hwtjfeiihcdtb71smg,1,t1ad5mp7aux3fxfv5hwtjfeiihcdtb71smg,-
1687,minted,t1kcuw1npvr56on7dbzkddjob41akjlwe2h,1,t1kcuw1npvr56on7dbzkddjob41akjlwe2h,-
1688,minted,t1ceuykreawgbzptq5b4crcjswqgk3iwcvu,1,t1ceuykreawgbzptq5b4crcjswqgk3iwcvu,-
1689,minted,t1edeayny2lzdrdyy65r37opkpnkhaoeazy,1,t1edeayny2lzdrdyy65r37opkpnkhaoeazy,-
1692,minted,t1tm4ukzttclqbius6oqzhbb5wla9soo3ii,1,t1tm4ukzttclqbius6oqzhbb5wla9soo3ii,-
1693,minted,t1geadqaiqyvgaoog8vhocum1sq6scajdbe,1,t1geadqaiqyvgaoog8vhocum1sq6scajdbe,-
1695,minted,t1mhq2en1mz5gges8ywfszckbkms2fgq65h,1,t1mhq2en1mz5gges8ywfszckbkms2fgq65h,-
1696,minted,t1jdsfjfc6ydm63jvp9jtmykdxyyxrrtqek,1,t1jdsfjfc6ydm63jvp9jtmykdxyyxrrtqek,-
1697,minted,t1uwhgycnxruf62kfea3wefuetqlahxttqv,1,t1uwhgycnxruf62kfea3wefuetqlahxttqv,-
1700,minted,t1kpwnwxtu8wf5g5twdruqbnh4bi6tohrtn,1,t1kpwnwxtu8wf5g5twdruqbnh4bi6tohrtn,-
1704,minted,t1wmgffiauhm7a7ynhwr3z4gukbvayvtal4,1,t1wmgffiauhm7a7ynhwr3z4gukbvayvtal4,-
1707,minted,t1keyd75eld8bvhtjn9r2sqxsomd4uksy3q,1,t1keyd75eld8bvhtjn9r2sqxsomd4uksy3q,-
1708,minted,t1k6zlqemuuuh7y2tzmnybqtkztmzt4kz5z,1,t1k6zlqemuuuh7y2tzmnybqtkztmzt4kz5z,-
1711,minted,t1ugnmmfgvei3prgchynzyhugd5qysjpdcd,1,t1ugnmmfgvei3prgchynzyhugd5qysjpdcd,-
1712,minted,t1fym6ponzmhqgj1azpaimmy1wzligfzdwt,1,t1fym6ponzmhqgj1azpaimmy1wzligfzdwt,-
1713,minted,t1rximgyakaxnwqz9asp6bbnkwfkfbif1fc,1,t1rximgyakaxnwqz9asp6bbnkwfkfbif1fc,-
1714,minted,t1pwsn53ukb4e4zbf22ebcxlb7mw548bnjw,1,t1pwsn53ukb4e4zbf22ebcxlb7mw548bnjw,-
1716,minted,t1b4xybydvhinc2qasg9zgtdrqmxqyb6ax7,1,t1b4xybydvhinc2qasg9zgtdrqmxqyb6ax7,-
1717,minted,t1d1phzjprbfb6l3z7bpobkqdzjlavru3zb,1,t1d1phzjprbfb6l3z7bpobkqdzjlavru3zb,-
1718,minted,t1plr7emfb4ptjr3ydgkxtvvcx88vipczbg,1,t1plr7emfb4ptjr3ydgkxtvvcx88vipczbg,-
1720,minted,t1ry1amqjxbasfn4g54vejjhgfwhqyau6kq,1,t1ry1amqjxbasfn4g54vejjhgfwhqyau6kq,-
1721,minted,t1tm4ukzttclqbius6oqzhbb5wla9soo3ii,1,t1tm4ukzttclqbius6oqzhbb5wla9soo3ii,-
1722,minted,t1sjbaodtmts94hhndm1g6gsxs9r56r3fmi,1,t1sjbaodtmts94hhndm1g6gsxs9r56r3fmi,-
1724,minted,t1px7hlrau7co9lk3k81jcrntnilhrwgoxj,1,t1px7hlrau7co9lk3k81jcrntnilhrwgoxj,-
1725,minted,t1ls3lszpnhsc73sva1vxdteuwkprr9xwmv,1,t1ls3lszpnhsc73sva1vxdteuwkprr9xwmv,-
1727,minted,t1k6zlqemuuuh7y2tzmnybqtkztmzt4kz5z,1,t1k6zlqemuuuh7y2tzmnybqtkztmzt4kz5z,-
1729,minted,t1dvmn42ahlgqhk4eaqcg8hticmc7sdu4mn,1,t1dvmn42ahlgqhk4eaqcg8hticmc7sdu4mn,-
1731,minted,t1jts8xyoc3stscbtkbkpdspd3detcnfb4u,1,t1jts8xyoc3stscbtkbkpdspd3detcnfb4u,-
1732,minted,t1fcmnktgqtxnnsq9llfxityrj12uteieuk,1,t1fcmnktgqtxnnsq9llfxityrj12uteieuk,-
1735,minted,t1wwe8mf17ryho7niz6wlhriaxac5f8qymi,1,t1wwe8mf17ryho7niz6wlhriaxac5f8qymi,-
1738,minted,t1ugnmmfgvei3prgchynzyhugd5qysjpdcd,1,t1ugnmmfgvei3prgchynzyhugd5qysjpdcd,-
1739,minted,t1uijcpndrzgcmqlg67y8ld8xailbijq9ku,1,t1uijcpndrzgcmqlg67y8ld8xailbijq9ku,-
1740,minted,t1fcmnktgqtxnnsq9llfxityrj12uteieuk,1,t1fcmnktgqtxnnsq9llfxityrj12uteieuk,-
1742,minted,t1swxdgrkwwzgzchaqrn1u8n5sr6gsjtt11,1,t1swxdgrkwwzgzchaqrn1u8n5sr6gsjtt11,-
1744,minted,t1geadqaiqyvgaoog8vhocum1sq6scajdbe,1,t1geadqaiqyvgaoog8vhocum1sq6scajdbe,-
1745,minted,t1rgw6g813bmzoyvyd37iaewney6hditzvq,1,t1rgw6g813bmzoyvyd37iaewney6hditzvq,-
1746,minted,t1sn6q8wbuc1a2s7tjdbjzcqcti8uqutseq,1,t1sn6q8wbuc1a2s7tjdbjzcqcti8uqutseq,-
1749,minted,t1zvfc8q8ritdcmiyfuo4k1sytbf7fgtggs,1,t1zvfc8q8ritdcmiyfuo4k1sytbf7fgtggs,-
1750,minted,t1umuzozkqrbtaknbascznhnpqj7dxixrvq,1,t1umuzozkqrbtaknbascznhnpqj7dxixrvq,-
1753,minted,t1feeekduec8liqgczgjjrdeg8hegncfduw,1,t1feeekduec8liqgczgjjrdeg8hegncfduw,-
1755,minted,t1e2bpm8rpa4ig4anqfyqjdeghsh3ib4ybt,1,t1e2bpm8rpa4ig4anqfyqjdeghsh3ib4ybt,-
1756,minted,t1yngvmowkpxsp3nj9daxiekeilrnsmwb14,1,t1yngvmowkpxsp3nj9daxiekeilrnsmwb14,-
1758,minted,t1lzi24jydjzsfib29wpm2jvp83kwlnkcrb,1,t1lzi24jydjzsfib29wpm2jvp83kwlnkcrb,-
1759,minted,t1neyegc8iskf9j5jpaaax6f2gvphtcft7s,1,t1neyegc8iskf9j5jpaaax6f2gvphtcft7s,-
1760,minted,t1phbzxzsn1drjjezf6wmsujgxayy9h5daz,1,t1phbzxzsn1drjjezf6wmsujgxayy9h5daz,-
1761,minted,t1lz7kt1duyahmqzcuxp8jvrcvy1ps6so6e,1,t1lz7kt1duyahmqzcuxp8jvrcvy1ps6so6e,-
1762,minted,t1v8hzyynuwi6qemeow5afq87uozcmkbs4w,1,t1v8hzyynuwi6qemeow5afq87uozcmkbs4w,-
1764,minted,t1lz7kt1duyahmqzcuxp8jvrcvy1ps6so6e,1,t1lz7kt1duyahmqzcuxp8jvrcvy1ps6so6e,-
1765,minted,t1fcmnktgqtxnnsq9llfxityrj12uteieuk,1,t1fcmnktgqtxnnsq9llfxityrj12uteieuk,-
1767,minted,t1plr7emfb4ptjr3ydgkxtvvcx88vipczbg,1,t1plr7emfb4ptjr3ydgkxtvvcx88vipczbg,-
1768,minted,t1jvt6adsbpyma35n5p6zjiyjntu8abhw4z,1,t1jvt6adsbpyma35n5p6zjiyjntu8abhw4z,-
1770,minted,t1c4j1rmlwwpelu6xcjqb9zheujusethjcx,1,t1c4j1rmlwwpelu6xcjqb9zheujusethjcx,-
1771,minted,t1pz9x6j8sb26cgnnjbeenxwnmmthvjrfxy,1,t1pz9x6j8sb26cgnnjbeenxwnmmthvjrfxy,-
1772,minted,t1wmvgymhcviohvrozfxtkvmemy5bmuintt,1,t1wmvgymhcviohvrozfxtkvmemy5bmuintt,-
1776,minted,t1qupqtxglgncbo4msuegxdvjmbyunvptdb,1,t1qupqtxglgncbo4msuegxdvjmbyunvptdb,-
1779,minted,t1k6zlqemuuuh7y2tzmnybqtkztmzt4kz5z,1,t1k6zlqemuuuh7y2tzmnybqtkztmzt4kz5z,-
1781,minted,t1lz7kt1duyahmqzcuxp8jvrcvy1ps6so6e,1,t1lz7kt1duyahmqzcuxp8jvrcvy1ps6so6e,-
1782,minted,t1ackjtwvbsfgafminnbmneegdypv9g3gca,1,t1ackjtwvbsfgafminnbmneegdypv9g3gca,-
1785,minted,t1tm4ukzttclqbius6oqzhbb5wla9soo3ii,1,t1tm4ukzttclqbius6oqzhbb5wla9soo3ii,-
1786,minted,t1lz7kt1duyahmqzcuxp8jvrcvy1ps6so6e,1,t1lz7kt1duyahmqzcuxp8jvrcvy1ps6so6e,-
1792,minted,t1lakakmmjky8le5cmznkgdvcvvtnrkac8a,1,t1lakakmmjky8le5cmznkgdvcvvtnrkac8a,-
1793,minted,t1px7hlrau7co9lk3k81jcrntnilhrwgoxj,1,t1px7hlrau7co9lk3k81jcrntnilhrwgoxj,-
1794,minted,t1qpeclgkhmw4xgk2v6kaixumhjf5pehox1,1,t1qpeclgkhmw4xgk2v6kaixumhjf5pehox1,-
1799,minted,t1uijcpndrzgcmqlg67y8ld8xailbijq9ku,1,t1uijcpndrzgcmqlg67y8ld8xailbijq9ku,-
1800,minted,t1nm4oskqee2qkltjqghsfc9fgqroet3h6y,1,t1nm4oskqee2qkltjqghsfc9fgqroet3h6y,-
1801,minted,t1relemkcagbfnehud1r1jsu9dhpqwybapn,1,t1relemkcagbfnehud1r1jsu9dhpqwybapn,-
1803,minted,t1plzelr9uehatsdzm1kb57wz8bnd9p1hdl,1,t1plzelr9uehatsdzm1kb57wz8bnd9p1hdl,-
1806,minted,t1qpeclgkhmw4xgk2v6kaixumhjf5pehox1,1,t1qpeclgkhmw4xgk2v6kaixumhjf5pehox1,-
1807,minted,t1wdk8ftmqhutjtpqoftehpxunlkfuvyspm,1,t1wdk8ftmqhutjtpqoftehpxunlkfuvyspm,-
1808,minted,t1qpeclgkhmw4xgk2v6kaixumhjf5pehox1,1,t1qpeclgkhmw4xgk2v6kaixumhjf5pehox1,-
1810,minted,t1uwhgycnxruf62kfea3wefuetqlahxttqv,1,t1uwhgycnxruf62kfea3wefuetqlahxttqv,-
1814,minted,t1b4xybydvhinc2qasg9zgtdrqmxqyb6ax7,1,t1b4xybydvhinc2qasg9zgtdrqmxqyb6ax7,-
1815,minted,t1nveuzt6vcr9tm2p2xd1gxdbnwyo6rrd39,1,t1nveuzt6vcr9tm2p2xd1gxdbnwyo6rrd39,-
1817,minted,t1zvfc8q8ritdcmiyfuo4k1sytbf7fgtggs,1,t1zvfc8q8ritdcmiyfuo4k1sytbf7fgtggs,-
1818,minted,t1wdk8ftmqhutjtpqoftehpxunlkfuvyspm,1,t1wdk8ftmqhutjtpqoftehpxunlkfuvyspm,-
1819,minted,t1rgw6g813bmzoyvyd37iaewney6hditzvq,1,t1rgw6g813bmzoyvyd37iaewney6hditzvq,-
1822,minted,t1fcmnktgqtxnnsq9llfxityrj12uteieuk,1,t1fcmnktgqtxnnsq9llfxityrj12uteieuk,-
1823,minted,t1plr7emfb4ptjr3ydgkxtvvcx88vipczbg,1,t1plr7emfb4ptjr3ydgkxtvvcx88vipczbg,-
1825,minted,t1rzuxxwngrsk2wjkaaa5npsgm9x3dawtcf,1,t1rzuxxwngrsk2wjkaaa5npsgm9x3dawtcf,-
1831,minted,t1wjymzb8eklefe8jcxdxijvxwrbxybmig5,1,t1wjymzb8eklefe8jcxdxijvxwrbxybmig5,-
1832,minted,t1uwhgycnxruf62kfea3wefuetqlahxttqv,1,t1uwhgycnxruf62kfea3wefuetqlahxttqv,-
1833,minted,t1ceuykreawgbzptq5b4crcjswqgk3iwcvu,1,t1ceuykreawgbzptq5b4crcjswqgk3iwcvu,-
1834,minted,t1nmcjpeuqab3ghpbqpfzg7xypw3th4krnp,1,t1nmcjpeuqab3ghpbqpfzg7xypw3th4krnp,-
1836,minted,t1ackjtwvbsfgafminnbmneegdypv9g3gca,1,t1ackjtwvbsfgafminnbmneegdypv9g3gca,-
1838,minted,t1uijcpndrzgcmqlg67y8ld8xailbijq9ku,1,t1uijcpndrzgcmqlg67y8ld8xailbijq9ku,-
1840,minted,t1c9zdg3amocc9xwk4s522bp5c9ye5x4d6p,1,t1c9zdg3amocc9xwk4s522bp5c9ye5x4d6p,-
1841,minted,t1utwwsaslf2xhdaec4hnfbewky6k9e6yqi,1,t1utwwsaslf2xhdaec4hnfbewky6k9e6yqi,-
1844,minted,t1lzi24jydjzsfib29wpm2jvp83kwlnkcrb,1,t1lzi24jydjzsfib29wpm2jvp83kwlnkcrb,-
1845,minted,t1bqz7lcv5ca65pcubguiqdjfy4qhsvzbzz,1,t1bqz7lcv5ca65pcubguiqdjfy4qhsvzbzz,-
1846,minted,t1sjbaodtmts94hhndm1g6gsxs9r56r3fmi,1,t1sjbaodtmts94hhndm1g6gsxs9r56r3fmi,-
1847,minted,t1uwhgycnxruf62kfea3wefuetqlahxttqv,1,t1uwhgycnxruf62kfea3wefuetqlahxttqv,-
1849,minted,t1uwhgycnxruf62kfea3wefuetqlahxttqv,1,t1uwhgycnxruf62kfea3wefuetqlahxttqv,-
1850,minted,t1ldpz7hjrtq2ungknph3lf8ihehlsmebsv,1,t1ldpz7hjrtq2ungknph3lf8ihehlsmebsv,-
1851,minted,t1tdx3jecge1dd9pmzxuaphvjm5hyq2c7wn,1,t1tdx3jecge1dd9pmzxuaphvjm5hyq2c7wn,-
1854,minted,t1b4xybydvhinc2qasg9zgtdrqmxqyb6ax7,1,t1b4xybydvhinc2qasg9zgtdrqmxqyb6ax7,-
1855,minted,t1ugnmmfgvei3prgchynzyhugd5qysjpdcd,1,t1ugnmmfgvei3prgchynzyhugd5qysjpdcd,-
1857,minted,t1z2bqfbjjxavofvagz4s2l3asowczytznu,1,t1z2bqfbjjxavofvagz4s2l3asowczytznu,-
1861,minted,t1plzelr9uehatsdzm1kb57wz8bnd9p1hdl,1,t1plzelr9uehatsdzm1kb57wz8bnd9p1hdl,-
1862,minted,t1mhq2en1mz5gges8ywfszckbkms2fgq65h,1,t1mhq2en1mz5gges8ywfszckbkms2fgq65h,-
1863,minted,t1b4xybydvhinc2qasg9zgtdrqmxqyb6ax7,1,t1b4xybydvhinc2qasg9zgtdrqmxqyb6ax7,-
1864,minted,t1wdk8ftmqhutjtpqoftehpxunlkfuvyspm,1,t1wdk8ftmqhutjtpqoftehpxunlkfuvyspm,-
1865,minted,t1keyd75eld8bvhtjn9r2sqxsomd4uksy3q,1,t1keyd75eld8bvhtjn9r2sqxsomd4uksy3q,-
1866,minted,t1px7hlrau7co9lk3k81jcrntnilhrwgoxj,1,t1px7hlrau7co9lk3k81jcrntnilhrwgoxj,-
1867,minted,t1tm4ukzttclqbius6oqzhbb5wla9soo3ii,1,t1tm4ukzttclqbius6oqzhbb5wla9soo3ii,-
1870,minted,t1bqz7lcv5ca65pcubguiqdjfy4qhsvzbzz,1,t1bqz7lcv5ca65pcubguiqdjfy4qhsvzbzz,-
1871,minted,t1xyrfax3c7zbwfxmqcfsqxbmtngrnjhygh,1,t1xyrfax3c7zbwfxmqcfsqxbmtngrnjhygh,-
1872,minted,t1ldpz7hjrtq2ungknph3lf8ihehlsmebsv,1,t1ldpz7hjrtq2ungknph3lf8ihehlsmebsv,-
1873,minted,t1qhrzywphn7sbgbnrqfdohtkg6kjojogfd,1,t1qhrzywphn7sbgbnrqfdohtkg6kjojogfd,-
1874,minted,t1vaehdcmet6fn2nqxc2wufegjj9tnizcz1,1,t1vaehdcmet6fn2nqxc2wufegjj9tnizcz1,-
1876,minted,t1plr7emfb4ptjr3ydgkxtvvcx88vipczbg,1,t1plr7emfb4ptjr3ydgkxtvvcx88vipczbg,-
1877,minted,t1kwrij5yvuj3a1paujxjjzxm9mhyz53t1e,1,t1kwrij5yvuj3a1paujxjjzxm9mhyz53t1e,-
1882,minted,t1tk5exioia8at4ohgcguhdesvivbdmjfj5,1,t1tk5exioia8at4ohgcguhdesvivbdmjfj5,-
1883,minted,t1ugnmmfgvei3prgchynzyhugd5qysjpdcd,1,t1ugnmmfgvei3prgchynzyhugd5qysjpdcd,-
1884,minted,t1plzelr9uehatsdzm1kb57wz8bnd9p1hdl,1,t1plzelr9uehatsdzm1kb57wz8bnd9p1hdl,-
1888,minted,t1qupqtxglgncbo4msuegxdvjmbyunvptdb,1,t1qupqtxglgncbo4msuegxdvjmbyunvptdb,-
1890,minted,t1uijcpndrzgcmqlg67y8ld8xailbijq9ku,1,t1uijcpndrzgcmqlg67y8ld8xailbijq9ku,-
1893,minted,t1nmcjpeuqab3ghpbqpfzg7xypw3th4krnp,1,t1nmcjpeuqab3ghpbqpfzg7xypw3th4krnp,-
1894,minted,t1sg7teea9tkjymwsffeq3aqyczdvpknsny,1,t1sg7teea9tkjymwsffeq3aqyczdvpknsny,-
1896,minted,t1cufblk8osimwlfkpnt815kcsllnjqetwk,1,t1cufblk8osimwlfkpnt815kcsllnjqetwk,-
1898,minted,t1cufblk8osimwlfkpnt815kcsllnjqetwk,1,t1cufblk8osimwlfkpnt815kcsllnjqetwk,-
1900,minted,t1gfxpmbrdeohuwrzcrms99tghjuw7fufyu,1,t1gfxpmbrdeohuwrzcrms99tghjuw7fufyu,-
1901,minted,t1qunysptkw1jvmv2abfvljustmikybvfiy,1,t1qunysptkw1jvmv2abfvljustmikybvfiy,-
1904,minted,t1plr7emfb4ptjr3ydgkxtvvcx88vipczbg,1,t1plr7emfb4ptjr3ydgkxtvvcx88vipczbg,-
1906,minted,t1relemkcagbfnehud1r1jsu9dhpqwybapn,1,t1relemkcagbfnehud1r1jsu9dhpqwybapn,-
1907,minted,t1psnfhk4ildwruk9t5s955rcsdypgkzlch,1,t1psnfhk4ildwruk9t5s955rcsdypgkzlch,-
1909,minted,t1ranm3flfnubmddbgbmdajw4ia9arknlzu,1,t1ranm3flfnubmddbgbmdajw4ia9arknlzu,-
1914,minted,t1d7guc3dpm6udkueebf5lxbazbetnavxv3,1,t1d7guc3dpm6udkueebf5lxbazbetnavxv3,-
1915,minted,t1fcmnktgqtxnnsq9llfxityrj12uteieuk,1,t1fcmnktgqtxnnsq9llfxityrj12uteieuk,-
1916,minted,t1utwwsaslf2xhdaec4hnfbewky6k9e6yqi,1,t1utwwsaslf2xhdaec4hnfbewky6k9e6yqi,-
1918,minted,t1sn6q8wbuc1a2s7tjdbjzcqcti8uqutseq,1,t1sn6q8wbuc1a2s7tjdbjzcqcti8uqutseq,-
1920,minted,t1dfjru8b7hjg8t7zxhdcuctfffw7b71alt,1,t1dfjru8b7hjg8t7zxhdcuctfffw7b71alt,-
1924,minted,t1rmhswkzucw9ub1owuggjwv6lbrvbfxczv,1,t1rmhswkzucw9ub1owuggjwv6lbrvbfxczv,-
1925,minted,t1fe6njgmixpvrodtzjcj2svsoety6uu7wf,1,t1fe6njgmixpvrodtzjcj2svsoety6uu7wf,-
1928,minted,t1vxzayz2wtcgluk2rrlctxr5ivjzzfmluy,1,t1vxzayz2wtcgluk2rrlctxr5ivjzzfmluy,-
1929,minted,t1xkb2xu5cytyrh46mgtxqe9rbuvcwmdxbw,1,t1xkb2xu5cytyrh46mgtxqe9rbuvcwmdxbw,-
1931,minted,t1y6h9es3tkbe9cdahmrr6egahbim8n3zcs,1,t1y6h9es3tkbe9cdahmrr6egahbim8n3zcs,-
1934,minted,t1zmyf5bw92ud3ow3vyhphvkdenjbxvy5j1,1,t1zmyf5bw92ud3ow3vyhphvkdenjbxvy5j1,-
1935,minted,t1swxdgrkwwzgzchaqrn1u8n5sr6gsjtt11,1,t1swxdgrkwwzgzchaqrn1u8n5sr6gsjtt11,-
1937,minted,t1jts8xyoc3stscbtkbkpdspd3detcnfb4u,1,t1jts8xyoc3stscbtkbkpdspd3detcnfb4u,-
1938,minted,t1fe6njgmixpvrodtzjcj2svsoety6uu7wf,1,t1fe6njgmixpvrodtzjcj2svsoety6uu7wf,-
1940,minted,t1qbjuqt1hbqzrjjz9u4532oitwefqemvtp,1,t1qbjuqt1hbqzrjjz9u4532oitwefqemvtp,-
1943,minted,t1g797iuz3hzgkyxzuxjlukm7a8juqndwnv,1,t1g797iuz3hzgkyxzuxjlukm7a8juqndwnv,-
1944,minted,t1tuhpqkrnvjpjkj3yaenccecenarccfwgv,1,t1tuhpqkrnvjpjkj3yaenccecenarccfwgv,-
1950,minted,t1sjbaodtmts94hhndm1g6gsxs9r56r3fmi,1,t1sjbaodtmts94hhndm1g6gsxs9r56r3fmi,-
1951,minted,t1sn6q8wbuc1a2s7tjdbjzcqcti8uqutseq,1,t1sn6q8wbuc1a2s7tjdbjzcqcti8uqutseq,-
1952,minted,t1qr5zva26etiovwiahfuqv2ay8d9jltdan,1,t1qr5zva26etiovwiahfuqv2ay8d9jltdan,-
1956,minted,t1n9vkjsqqpvji45dbmsyqbf3oms6efzbav,1,t1n9vkjsqqpvji45dbmsyqbf3oms6efzbav,-
1959,minted,t1roxdrmb2qgdvzwejbtpl7assozek7uhnb,1,t1roxdrmb2qgdvzwejbtpl7assozek7uhnb,-
1961,minted,t1rivrni4ifxjxgjcn8zu5kqqf5s3omngkl,1,t1rivrni4ifxjxgjcn8zu5kqqf5s3omngkl,-
1962,minted,t1harykyjfctqhcswkwobfnqydrtpybcusz,1,t1harykyjfctqhcswkwobfnqydrtpybcusz,-
1964,minted,t1nmcjpeuqab3ghpbqpfzg7xypw3th4krnp,1,t1nmcjpeuqab3ghpbqpfzg7xypw3th4krnp,-
1965,minted,t1fym6ponzmhqgj1azpaimmy1wzligfzdwt,1,t1fym6ponzmhqgj1azpaimmy1wzligfzdwt,-
1968,minted,t1qunysptkw1jvmv2abfvljustmikybvfiy,1,t1qunysptkw1jvmv2abfvljustmikybvfiy,-
1969,minted,t1c4j1rmlwwpelu6xcjqb9zheujusethjcx,1,t1c4j1rmlwwpelu6xcjqb9zheujusethjcx,-
1971,minted,t1nveuzt6vcr9tm2p2xd1gxdbnwyo6rrd39,1,t1nveuzt6vcr9tm2p2xd1gxdbnwyo6rrd39,-
1973,minted,t1geadqaiqyvgaoog8vhocum1sq6scajdbe,1,t1geadqaiqyvgaoog8vhocum1sq6scajdbe,-
1975,minted,t1ra5rzwpgv2h197mszzuczzh3sqdq7yssl,1,t1ra5rzwpgv2h197mszzuczzh3sqdq7yssl,-
1979,minted,t1uijcpndrzgcmqlg67y8ld8xailbijq9ku,1,t1uijcpndrzgcmqlg67y8ld8xailbijq9ku,-
1980,minted,t1kcuw1npvr56on7dbzkddjob41akjlwe2h,1,t1kcuw1npvr56on7dbzkddjob41akjlwe2h,-
1981,minted,t1bnbdl7zusefkhvhgzfad5jq6e3d1fg3hz,1,t1bnbdl7zusefkhvhgzfad5jq6e3d1fg3hz,-
1985,minted,t1lz7kt1duyahmqzcuxp8jvrcvy1ps6so6e,1,t1lz7kt1duyahmqzcuxp8jvrcvy1ps6so6e,-
1987,minted,t1kl4fasdmwjcjpikeb4yrog6uddknzw5fv,1,t1kl4fasdmwjcjpikeb4yrog6uddknzw5fv,-
1988,minted,t1umuzozkqrbtaknbascznhnpqj7dxixrvq,1,t1umuzozkqrbtaknbascznhnpqj7dxixrvq,-
1989,minted,t1uijcpndrzgcmqlg67y8ld8xailbijq9ku,1,t1uijcpndrzgcmqlg67y8ld8xailbijq9ku,-
1990,minted,t1egohrhbvkcebhmzf9xvxfy86njvkjkssa,1,t1egohrhbvkcebhmzf9xvxfy86njvkjkssa,-
1992,minted,t1ry1amqjxbasfn4g54vejjhgfwhqyau6kq,1,t1ry1amqjxbasfn4g54vejjhgfwhqyau6kq,-
1993,minted,t1rgw6g813bmzoyvyd37iaewney6hditzvq,1,t1rgw6g813bmzoyvyd37iaewney6hditzvq,-
1995,minted,t1vf4k61qeseulhxpzkjch3nb3q1vw6fvx9,1,t1vf4k61qeseulhxpzkjch3nb3q1vw6fvx9,-
1996,minted,t1plzelr9uehatsdzm1kb57wz8bnd9p1hdl,1,t1plzelr9uehatsdzm1kb57wz8bnd9p1hdl,-
1998,minted,t1tqcxffgu5zraefnaa33hbh4bsfjjbv9rv,1,t1tqcxffgu5zraefnaa33hbh4bsfjjbv9rv,-
1999,minted,t1txjy2pkqzgyamblaeqkfjox5cszkk2fn4,1,t1txjy2pkqzgyamblaeqkfjox5cszkk2fn4,-
2001,minted,t1b4xybydvhinc2qasg9zgtdrqmxqyb6ax7,1,t1b4xybydvhinc2qasg9zgtdrqmxqyb6ax7,-
2004,minted,t1qunysptkw1jvmv2abfvljustmikybvfiy,1,t1qunysptkw1jvmv2abfvljustmikybvfiy,-
2005,minted,t1fcmnktgqtxnnsq9llfxityrj12uteieuk,1,t1fcmnktgqtxnnsq9llfxityrj12uteieuk,-
2008,minted,t1kcuw1npvr56on7dbzkddjob41akjlwe2h,1,t1kcuw1npvr56on7dbzkddjob41akjlwe2h,-
2009,minted,t1qpeclgkhmw4xgk2v6kaixumhjf5pehox1,1,t1qpeclgkhmw4xgk2v6kaixumhjf5pehox1,-
2010,minted,t1c9zdg3amocc9xwk4s522bp5c9ye5x4d6p,1,t1c9zdg3amocc9xwk4s522bp5c9ye5x4d6p,-
2012,minted,t1k1k3lvujfthpw1rx5gye1wt1w3nfffkuz,1,t1k1k3lvujfthpw1rx5gye1wt1w3nfffkuz,-
2013,minted,t1c3ko29zefpjjtwe5bqs44hkfzmmshqzj2,1,t1c3ko29zefpjjtwe5bqs44hkfzmmshqzj2,-
2015,minted,t1nveuzt6vcr9tm2p2xd1gxdbnwyo6rrd39,1,t1nveuzt6vcr9tm2p2xd1gxdbnwyo6rrd39,-
2019,minted,t1ad5mp7aux3fxfv5hwtjfeiihcdtb71smg,1,t1ad5mp7aux3fxfv5hwtjfeiihcdtb71smg,-
2023,minted,t1t954bo5mpnjpjqri544hnaazmwxuvgpmh,1,t1t954bo5mpnjpjqri544hnaazmwxuvgpmh,-
2024,minted,t1uwhgycnxruf62kfea3wefuetqlahxttqv,1,t1uwhgycnxruf62kfea3wefuetqlahxttqv,-
2025,minted,t1jdsfjfc6ydm63jvp9jtmykdxyyxrrtqek,1,t1jdsfjfc6ydm63jvp9jtmykdxyyxrrtqek,-
2026,minted,t1y7dtde9rxmxgbxrqlk9vsraqztczp89m1,1,t1y7dtde9rxmxgbxrqlk9vsraqztczp89m1,-
2029,minted,t1vnqzdvmveogfsmvu2hqbadttvlfre5fcr,1,t1vnqzdvmveogfsmvu2hqbadttvlfre5fcr,-
2031,minted,t1t954bo5mpnjpjqri544hnaazmwxuvgpmh,1,t1t954bo5mpnjpjqri544hnaazmwxuvgpmh,-
2032,minted,t1rnjbkm81ui7zsy2z2udyi7bil5xvjspvh,1,t1rnjbkm81ui7zsy2z2udyi7bil5xvjspvh,-
2034,minted,t1ry1amqjxbasfn4g54vejjhgfwhqyau6kq,1,t1ry1amqjxbasfn4g54vejjhgfwhqyau6kq,-
2037,minted,t1fcmnktgqtxnnsq9llfxityrj12uteieuk,1,t1fcmnktgqtxnnsq9llfxityrj12uteieuk,-
2041,minted,t1dggdv9xnrzge2juzmaxew28j7e217yu3g,1,t1dggdv9xnrzge2juzmaxew28j7e217yu3g,-
2043,minted,t1uijcpndrzgcmqlg67y8ld8xailbijq9ku,1,t1uijcpndrzgcmqlg67y8ld8xailbijq9ku,-
2044,minted,t1rjxectx3e63ydhaerxyynqck71mp117ty,1,t1rjxectx3e63ydhaerxyynqck71mp117ty,-
2045,minted,t1vnqzdvmveogfsmvu2hqbadttvlfre5fcr,1,t1vnqzdvmveogfsmvu2hqbadttvlfre5fcr,-
2050,minted,t1wmgffiauhm7a7ynhwr3z4gukbvayvtal4,1,t1wmgffiauhm7a7ynhwr3z4gukbvayvtal4,-
2051,minted,t1kcuw1npvr56on7dbzkddjob41akjlwe2h,1,t1kcuw1npvr56on7dbzkddjob41akjlwe2h,-
2052,minted,t1p9jplm6rkwlnnfe4b2ruvfngsqj38cmrz,1,t1p9jplm6rkwlnnfe4b2ruvfngsqj38cmrz,-
2053,minted,t1c3ko29zefpjjtwe5bqs44hkfzmmshqzj2,1,t1c3ko29zefpjjtwe5bqs44hkfzmmshqzj2,-
2055,minted,t1b4xybydvhinc2qasg9zgtdrqmxqyb6ax7,1,t1b4xybydvhinc2qasg9zgtdrqmxqyb6ax7,-
2057,minted,t1rgw6g813bmzoyvyd37iaewney6hditzvq,1,t1rgw6g813bmzoyvyd37iaewney6hditzvq,-
2058,minted,t1swxdgrkwwzgzchaqrn1u8n5sr6gsjtt11,1,t1swxdgrkwwzgzchaqrn1u8n5sr6gsjtt11,-
2059,minted,t1dmzxbvj7kqrftvwd2pugsrkaeqfuwtjrl,1,t1dmzxbvj7kqrftvwd2pugsrkaeqfuwtjrl,-
2061,minted,t1ev9bumx5osibnkbe22pqnkad7sbnv5qgo,1,t1ev9bumx5osibnkbe22pqnkad7sbnv5qgo,-
2063,minted,t1sjbaodtmts94hhndm1g6gsxs9r56r3fmi,1,t1sjbaodtmts94hhndm1g6gsxs9r56r3fmi,-
2065,minted,t1plzelr9uehatsdzm1kb57wz8bnd9p1hdl,1,t1plzelr9uehatsdzm1kb57wz8bnd9p1hdl,-
2069,minted,t1a7hvjbrse6vvorjndlqrau7kyjzcgqnk5,1,t1a7hvjbrse6vvorjndlqrau7kyjzcgqnk5,-
2070,minted,t1uufoxnydajnj5x2jxumh4qmu2wrfagbnu,1,t1uufoxnydajnj5x2jxumh4qmu2wrfagbnu,-
2071,minted,t1plzelr9uehatsdzm1kb57wz8bnd9p1hdl,1,t1plzelr9uehatsdzm1kb57wz8bnd9p1hdl,-
2072,minted,t1dggdv9xnrzge2juzmaxew28j7e217yu3g,1,t1dggdv9xnrzge2juzmaxew28j7e217yu3g,-
2073,minted,t1tdx3jecge1dd9pmzxuaphvjm5hyq2c7wn,1,t1tdx3jecge1dd9pmzxuaphvjm5hyq2c7wn,-
2074,minted,t1x3y1a1mjibencqksuu4yugyhjk7xednho,1,t1x3y1a1mjibencqksuu4yugyhjk7xednho,-
2078,minted,t1ezmafcocld3avqj6clnp9ecyjeey3bbgn,1,t1ezmafcocld3avqj6clnp9ecyjeey3bbgn,-
2079,minted,t1tdwjklmpx8k3pykwzyamcydtw24agjuus,1,t1tdwjklmpx8k3pykwzyamcydtw24agjuus,-
2080,minted,t1ev9bumx5osibnkbe22pqnkad7sbnv5qgo,1,t1ev9bumx5osibnkbe22pqnkad7sbnv5qgo,-
2081,minted,t1sl65eqxvgabrlsxfdtthepd4tjrvyneab,1,t1sl65eqxvgabrlsxfdtthepd4tjrvyneab,-
2082,minted,t1ugnmmfgvei3prgchynzyhugd5qysjpdcd,1,t1ugnmmfgvei3prgchynzyhugd5qysjpdcd,-
2083,minted,t1ncm6d3y4b2mggbds5anvzs1cgvzjoch5k,1,t1ncm6d3y4b2mggbds5anvzs1cgvzjoch5k,-
2084,minted,t1tm4ukzttclqbius6oqzhbb5wla9soo3ii,1,t1tm4ukzttclqbius6oqzhbb5wla9soo3ii,-
2085,minted,t1plr7emfb4ptjr3ydgkxtvvcx88vipczbg,1,t1plr7emfb4ptjr3ydgkxtvvcx88vipczbg,-
2086,minted,t1sjbaodtmts94hhndm1g6gsxs9r56r3fmi,1,t1sjbaodtmts94hhndm1g6gsxs9r56r3fmi,-
2087,minted,t1ceuykreawgbzptq5b4crcjswqgk3iwcvu,1,t1ceuykreawgbzptq5b4crcjswqgk3iwcvu,-
2091,minted,t1ranm3flfnubmddbgbmdajw4ia9arknlzu,1,t1ranm3flfnubmddbgbmdajw4ia9arknlzu,-
2093,minted,t1wjymzb8eklefe8jcxdxijvxwrbxybmig5,1,t1wjymzb8eklefe8jcxdxijvxwrbxybmig5,-
2098,minted,t1wmvgymhcviohvrozfxtkvmemy5bmuintt,1,t1wmvgymhcviohvrozfxtkvmemy5bmuintt,-
2101,minted,t1kqn6lrzaaqmy4vetlswnmpucd71ltoesq,1,t1kqn6lrzaaqmy4vetlswnmpucd71ltoesq,-
2102,minted,t1wdk8ftmqhutjtpqoftehpxunlkfuvyspm,1,t1wdk8ftmqhutjtpqoftehpxunlkfuvyspm,-
2103,minted,t1sv5yhhefkgqyxnf6v2dzteuwr9fth5otq,1,t1sv5yhhefkgqyxnf6v2dzteuwr9fth5otq,-
2104,minted,t1c4j1rmlwwpelu6xcjqb9zheujusethjcx,1,t1c4j1rmlwwpelu6xcjqb9zheujusethjcx,-
2107,minted,t1wdk8ftmqhutjtpqoftehpxunlkfuvyspm,1,t1wdk8ftmqhutjtpqoftehpxunlkfuvyspm,-
2108,minted,t1uwhgycnxruf62kfea3wefuetqlahxttqv,1,t1uwhgycnxruf62kfea3wefuetqlahxttqv,-
2109,minted,t1wsplngf6kmka6fx1n2bs7bgy6r1rsbzff,1,t1wsplngf6kmka6fx1n2bs7bgy6r1rsbzff,-
2111,minted,t1k1k3lvujfthpw1rx5gye1wt1w3nfffkuz,1,t1k1k3lvujfthpw1rx5gye1wt1w3nfffkuz,-
2112,minted,t1vnqzdvmveogfsmvu2hqbadttvlfre5fcr,1,t1vnqzdvmveogfsmvu2hqbadttvlfre5fcr,-
2116,minted,t1plr7emfb4ptjr3ydgkxtvvcx88vipczbg,1,t1plr7emfb4ptjr3ydgkxtvvcx88vipczbg,-
2119,minted,t1a6nwf5tjdprzfwhaduw1brvoybqbnquso,1,t1a6nwf5tjdprzfwhaduw1brvoybqbnquso,-
2120,minted,t1kcuw1npvr56on7dbzkddjob41akjlwe2h,1,t1kcuw1npvr56on7dbzkddjob41akjlwe2h,-
2121,minted,t1sg7teea9tkjymwsffeq3aqyczdvpknsny,1,t1sg7teea9tkjymwsffeq3aqyczdvpknsny,-
2122,minted,t1wuc9smduamu6tphqqkn5nhkq9jcfwljzv,1,t1wuc9smduamu6tphqqkn5nhkq9jcfwljzv,-
2126,minted,t1y7dtde9rxmxgbxrqlk9vsraqztczp89m1,1,t1y7dtde9rxmxgbxrqlk9vsraqztczp89m1,-
2129,minted,t1qbjuqt1hbqzrjjz9u4532oitwefqemvtp,1,t1qbjuqt1hbqzrjjz9u4532oitwefqemvtp,-
2130,minted,t1vxzayz2wtcgluk2rrlctxr5ivjzzfmluy,1,t1vxzayz2wtcgluk2rrlctxr5ivjzzfmluy,-
2131,minted,t1ezmafcocld3avqj6clnp9ecyjeey3bbgn,1,t1ezmafcocld3avqj6clnp9ecyjeey3bbgn,-
2132,minted,t1y7dtde9rxmxgbxrqlk9vsraqztczp89m1,1,t1y7dtde9rxmxgbxrqlk9vsraqztczp89m1,-
2133,minted,t1pwsn53ukb4e4zbf22ebcxlb7mw548bnjw,1,t1pwsn53ukb4e4zbf22ebcxlb7mw548bnjw,-
2134,minted,t1ajuljsbupivq2cpeden4qvgvxnodyv75g,1,t1ajuljsbupivq2cpeden4qvgvxnodyv75g,-
2135,minted,t1ackjtwvbsfgafminnbmneegdypv9g3gca,1,t1ackjtwvbsfgafminnbmneegdypv9g3gca,-
2137,minted,t1fym6ponzmhqgj1azpaimmy1wzligfzdwt,1,t1fym6ponzmhqgj1azpaimmy1wzligfzdwt,-
2139,minted,t1qunysptkw1jvmv2abfvljustmikybvfiy,1,t1qunysptkw1jvmv2abfvljustmikybvfiy,-
2140,minted,t1rnjbkm81ui7zsy2z2udyi7bil5xvjspvh,1,t1rnjbkm81ui7zsy2z2udyi7bil5xvjspvh,-
2141,minted,t1pcjiaepled7najcti7vxpgjjzhji5m3fg,1,t1pcjiaepled7najcti7vxpgjjzhji5m3fg,-
2143,minted,t1kcuw1npvr56on7dbzkddjob41akjlwe2h,1,t1kcuw1npvr56on7dbzkddjob41akjlwe2h,-
2144,minted,t1e8ngofffiypiaep6pvacscj6g3y1ircr8,1,t1e8ngofffiypiaep6pvacscj6g3y1ircr8,-
2146,minted,t1kcuw1npvr56on7dbzkddjob41akjlwe2h,1,t1kcuw1npvr56on7dbzkddjob41akjlwe2h,-
2148,minted,t1ugnmmfgvei3prgchynzyhugd5qysjpdcd,1,t1ugnmmfgvei3prgchynzyhugd5qysjpdcd,-
2149,minted,t1alunes1f8r7ps4wmmmecqrg2jdhgcryqk,1,t1alunes1f8r7ps4wmmmecqrg2jdhgcryqk,-
2152,minted,t1jts8xyoc3stscbtkbkpdspd3detcnfb4u,1,t1jts8xyoc3stscbtkbkpdspd3detcnfb4u,-
2153,minted,t1feeekduec8liqgczgjjrdeg8hegncfduw,1,t1feeekduec8liqgczgjjrdeg8hegncfduw,-
2155,minted,t1gfxpmbrdeohuwrzcrms99tghjuw7fufyu,1,t1gfxpmbrdeohuwrzcrms99tghjuw7fufyu,-
2156,minted,t1cufblk8osimwlfkpnt815kcsllnjqetwk,1,t1cufblk8osimwlfkpnt815kcsllnjqetwk,-
2157,minted,t1utwwsaslf2xhdaec4hnfbewky6k9e6yqi,1,t1utwwsaslf2xhdaec4hnfbewky6k9e6yqi,-
2158,minted,t1tdwjklmpx8k3pykwzyamcydtw24agjuus,1,t1tdwjklmpx8k3pykwzyamcydtw24agjuus,-
2159,minted,t1keyd75eld8bvhtjn9r2sqxsomd4uksy3q,1,t1keyd75eld8bvhtjn9r2sqxsomd4uksy3q,-
2160,minted,t1ry1amqjxbasfn4g54vejjhgfwhqyau6kq,1,t1ry1amqjxbasfn4g54vejjhgfwhqyau6kq,-
2161,minted,t1ezmafcocld3avqj6clnp9ecyjeey3bbgn,1,t1ezmafcocld3avqj6clnp9ecyjeey3bbgn,-
2162,minted,t1vf4k61qeseulhxpzkjch3nb3q1vw6fvx9,1,t1vf4k61qeseulhxpzkjch3nb3q1vw6fvx9,-
2164,minted,t1wdk8ftmqhutjtpqoftehpxunlkfuvyspm,1,t1wdk8ftmqhutjtpqoftehpxunlkfuvyspm,-
2168,minted,t1ugnmmfgvei3prgchynzyhugd5qysjpdcd,1,t1ugnmmfgvei3prgchynzyhugd5qysjpdcd,-
2169,minted,t1zqvsuwkcpsatkemvfpzharvucbz7b9sq4,1,t1zqvsuwkcpsatkemvfpzharvucbz7b9sq4,-
2171,minted,t1lzi24jydjzsfib29wpm2jvp83kwlnkcrb,1,t1lzi24jydjzsfib29wpm2jvp83kwlnkcrb,-
2172,minted,t1ad5mp7aux3fxfv5hwtjfeiihcdtb71smg,1,t1ad5mp7aux3fxfv5hwtjfeiihcdtb71smg,-
2174,minted,t1yezkfeppcwa16xtjkhfes91yzlcvkauvm,1,t1yezkfeppcwa16xtjkhfes91yzlcvkauvm,-
2176,minted,t1c4j1rmlwwpelu6xcjqb9zheujusethjcx,1,t1c4j1rmlwwpelu6xcjqb9zheujusethjcx,-
2177,minted,t1x8y4rmom1vwjsnddyczrx9aphsx9mdo3k,1,t1x8y4rmom1vwjsnddyczrx9aphsx9mdo3k,-
2178,minted,t1px7hlrau7co9lk3k81jcrntnilhrwgoxj,1,t1px7hlrau7co9lk3k81jcrntnilhrwgoxj,-
2179,minted,t1qpeclgkhmw4xgk2v6kaixumhjf5pehox1,1,t1qpeclgkhmw4xgk2v6kaixumhjf5pehox1,-
2180,minted,t1keyd75eld8bvhtjn9r2sqxsomd4uksy3q,1,t1keyd75eld8bvhtjn9r2sqxsomd4uksy3q,-
2182,minted,t1gfxpmbrdeohuwrzcrms99tghjuw7fufyu,1,t1gfxpmbrdeohuwrzcrms99tghjuw7fufyu,-
2183,minted,t1tqmu6mujknd7ieks9wpikrwswzdcxkdfc,1,t1tqmu6mujknd7ieks9wpikrwswzdcxkdfc,-
2184,minted,t1edeayny2lzdrdyy65r37opkpnkhaoeazy,1,t1edeayny2lzdrdyy65r37opkpnkhaoeazy,-
2185,minted,t1k6zlqemuuuh7y2tzmnybqtkztmzt4kz5z,1,t1k6zlqemuuuh7y2tzmnybqtkztmzt4kz5z,-
2188,minted,t1sl65eqxvgabrlsxfdtthepd4tjrvyneab,1,t1sl65eqxvgabrlsxfdtthepd4tjrvyneab,-
2194,minted,t1txjy2pkqzgyamblaeqkfjox5cszkk2fn4,1,t1txjy2pkqzgyamblaeqkfjox5cszkk2fn4,-
2196,minted,t1vimk2cvlaf4yf1cpkyw9zw2vqglla6pw9,1,t1vimk2cvlaf4yf1cpkyw9zw2vqglla6pw9,-
2198,minted,t1px7hlrau7co9lk3k81jcrntnilhrwgoxj,1,t1px7hlrau7co9lk3k81jcrntnilhrwgoxj,-
2199,minted,t1keyd75eld8bvhtjn9r2sqxsomd4uksy3q,1,t1keyd75eld8bvhtjn9r2sqxsomd4uksy3q,-
2203,minted,t1c9zdg3amocc9xwk4s522bp5c9ye5x4d6p,1,t1c9zdg3amocc9xwk4s522bp5c9ye5x4d6p,-
2205,minted,t1neyegc8iskf9j5jpaaax6f2gvphtcft7s,1,t1neyegc8iskf9j5jpaaax6f2gvphtcft7s,-
2206,minted,t1qpeclgkhmw4xgk2v6kaixumhjf5pehox1,1,t1qpeclgkhmw4xgk2v6kaixumhjf5pehox1,-
2207,minted,t1xkjq7z7dq1s1ksfux7qnk9l8a5rtjxapu,1,t1xkjq7z7dq1s1ksfux7qnk9l8a5rtjxapu,-
2208,minted,t1ra5rzwpgv2h197mszzuczzh3sqdq7yssl,1,t1ra5rzwpgv2h197mszzuczzh3sqdq7yssl,-
2209,minted,t1rzuxxwngrsk2wjkaaa5npsgm9x3dawtcf,1,t1rzuxxwngrsk2wjkaaa5npsgm9x3dawtcf,-
2210,minted,t1plr7emfb4ptjr3ydgkxtvvcx88vipczbg,1,t1plr7emfb4ptjr3ydgkxtvvcx88vipczbg,-
2211,minted,t1wsohyjrazyhjmzfvbxtrbwh1fo9iypbqx,1,t1wsohyjrazyhjmzfvbxtrbwh1fo9iypbqx,-
2213,minted,t1a6nwf5tjdprzfwhaduw1brvoybqbnquso,1,t1a6nwf5tjdprzfwhaduw1brvoybqbnquso,-
2217,minted,t1rjxectx3e63ydhaerxyynqck71mp117ty,1,t1rjxectx3e63ydhaerxyynqck71mp117ty,-
2220,minted,t1wsohyjrazyhjmzfvbxtrbwh1fo9iypbqx,1,t1wsohyjrazyhjmzfvbxtrbwh1fo9iypbqx,-
2221,minted,t1plzelr9uehatsdzm1kb57wz8bnd9p1hdl,1,t1plzelr9uehatsdzm1kb57wz8bnd9p1hdl,-
2222,minted,t1wjymzb8eklefe8jcxdxijvxwrbxybmig5,1,t1wjymzb8eklefe8jcxdxijvxwrbxybmig5,-
2225,minted,t1xugqv2svc6pygv3vukasyehzoefvgvr21,1,t1xugqv2svc6pygv3vukasyehzoefvgvr21,-
2226,minted,t1r3hxhgsvfbvtne3zjhlur18rmjwjz4qvg,1,t1r3hxhgsvfbvtne3zjhlur18rmjwjz4qvg,-
2230,minted,t1aphfzzmcujqhuenxl5odscmyv97ti5dwv,1,t1aphfzzmcujqhuenxl5odscmyv97ti5dwv,-
2231,minted,t1dggdv9xnrzge2juzmaxew28j7e217yu3g,1,t1dggdv9xnrzge2juzmaxew28j7e217yu3g,-
2232,minted,t1c3ko29zefpjjtwe5bqs44hkfzmmshqzj2,1,t1c3ko29zefpjjtwe5bqs44hkfzmmshqzj2,-
2234,minted,t1tm4ukzttclqbius6oqzhbb5wla9soo3ii,1,t1tm4ukzttclqbius6oqzhbb5wla9soo3ii,-
2235,minted,t1lakakmmjky8le5cmznkgdvcvvtnrkac8a,1,t1lakakmmjky8le5cmznkgdvcvvtnrkac8a,-
2236,minted,t1gwmsjkr1uxwsyds4czjewvm6r3vm2rq7o,1,t1gwmsjkr1uxwsyds4czjewvm6r3vm2rq7o,-
2237,minted,t1rzuxxwngrsk2wjkaaa5npsgm9x3dawtcf,1,t1rzuxxwngrsk2wjkaaa5npsgm9x3dawtcf,-
2238,minted,t1g797iuz3hzgkyxzuxjlukm7a8juqndwnv,1,t1g797iuz3hzgkyxzuxjlukm7a8juqndwnv,-
2239,failed,t1b4xybydvhinc2qasg9zgtdrqmxqyb6ax7,1,-,-
2240,minted,t1cmaavjvkvscj1adavejjh5ndq9zgzj7yq,1,t1cmaavjvkvscj1adavejjh5ndq9zgzj7yq,-
2241,minted,t1keyd75eld8bvhtjn9r2sqxsomd4uksy3q,1,t1keyd75eld8bvhtjn9r2sqxsomd4uksy3q,-
2242,minted,t1jm1xmajucrm1gnvg5wwuzvng3aspx2mnb,1,t1jm1xmajucrm1gnvg5wwuzvng3aspx2mnb,-
2244,minted,t1geadqaiqyvgaoog8vhocum1sq6scajdbe,1,t1geadqaiqyvgaoog8vhocum1sq6scajdbe,-
2246,minted,t1qyfewbckpqy1q8ck5f5g2yv69urgdtdab,1,t1qyfewbckpqy1q8ck5f5g2yv69urgdtdab,-
2247,minted,t1cmaavjvkvscj1adavejjh5ndq9zgzj7yq,1,t1cmaavjvkvscj1adavejjh5ndq9zgzj7yq,-
2248,minted,t1fcmnktgqtxnnsq9llfxityrj12uteieuk,1,t1fcmnktgqtxnnsq9llfxityrj12uteieuk,-
2249,minted,t1dfjru8b7hjg8t7zxhdcuctfffw7b71alt,1,t1dfjru8b7hjg8t7zxhdcuctfffw7b71alt,-
2254,minted,t1jvt6adsbpyma35n5p6zjiyjntu8abhw4z,1,t1jvt6adsbpyma35n5p6zjiyjntu8abhw4z,-
2255,minted,t1b3zgxvh3pagwffnadb6adlat9lgwdc1sd,1,t1b3zgxvh3pagwffnadb6adlat9lgwdc1sd,-
2257,minted,t1d1phzjprbfb6l3z7bpobkqdzjlavru3zb,1,t1d1phzjprbfb6l3z7bpobkqdzjlavru3zb,-
2258,minted,t1sl65eqxvgabrlsxfdtthepd4tjrvyneab,1,t1sl65eqxvgabrlsxfdtthepd4tjrvyneab,-
2260,minted,t1zvfc8q8ritdcmiyfuo4k1sytbf7fgtggs,1,t1zvfc8q8ritdcmiyfuo4k1sytbf7fgtggs,-
2262,minted,t1n9vkjsqqpvji45dbmsyqbf3oms6efzbav,1,t1n9vkjsqqpvji45dbmsyqbf3oms6efzbav,-
2265,minted,t1dvmn42ahlgqhk4eaqcg8hticmc7sdu4mn,1,t1dvmn42ahlgqhk4eaqcg8hticmc7sdu4mn,-
2267,minted,t1vimk2cvlaf4yf1cpkyw9zw2vqglla6pw9,1,t1vimk2cvlaf4yf1cpkyw9zw2vqglla6pw9,-
2268,minted,t1sg7teea9tkjymwsffeq3aqyczdvpknsny,1,t1sg7teea9tkjymwsffeq3aqyczdvpknsny,-
2270,minted,t1vlqp3zm55bd1ltecwhwyceev4gtkgfhyh,1,t1vlqp3zm55bd1ltecwhwyceev4gtkgfhyh,-
2271,minted,t1nmcjpeuqab3ghpbqpfzg7xypw3th4krnp,1,t1nmcjpeuqab3ghpbqpfzg7xypw3th4krnp,-
2273,minted,t1utwwsaslf2xhdaec4hnfbewky6k9e6yqi,1,t1utwwsaslf2xhdaec4hnfbewky6k9e6yqi,-
2274,minted,t1zuffvd1tk6pux9r8zbojyoajsmip5awra,1,t1zuffvd1tk6pux9r8zbojyoajsmip5awra,-
2276,minted,t1wuc9smduamu6tphqqkn5nhkq9jcfwljzv,1,t1wuc9smduamu6tphqqkn5nhkq9jcfwljzv,-
2277,minted,t1uijcpndrzgcmqlg67y8ld8xailbijq9ku,1,t1uijcpndrzgcmqlg67y8ld8xailbijq9ku,-
2279,minted,t1phbzxzsn1drjjezf6wmsujgxayy9h5daz,1,t1phbzxzsn1drjjezf6wmsujgxayy9h5daz,-
2284,minted,t1ad5mp7aux3fxfv5hwtjfeiihcdtb71smg,1,t1ad5mp7aux3fxfv5hwtjfeiihcdtb71smg,-
2285,minted,t1tm4ukzttclqbius6oqzhbb5wla9soo3ii,1,t1tm4ukzttclqbius6oqzhbb5wla9soo3ii,-
2289,minted,t1k6zlqemuuuh7y2tzmnybqtkztmzt4kz5z,1,t1k6zlqemuuuh7y2tzmnybqtkztmzt4kz5z,-
2290,minted,t1ugnmmfgvei3prgchynzyhugd5qysjpdcd,1,t1ugnmmfgvei3prgchynzyhugd5qysjpdcd,-
2291,minted,t1sjbaodtmts94hhndm1g6gsxs9r56r3fmi,1,t1sjbaodtmts94hhndm1g6gsxs9r56r3fmi,-
2293,minted,t1uwhgycnxruf62kfea3wefuetqlahxttqv,1,t1uwhgycnxruf62kfea3wefuetqlahxttqv,-
2294,minted,t1p5vrsuo2qdsnk3npp3scfrsayer2cnxqu,1,t1p5vrsuo2qdsnk3npp3scfrsayer2cnxqu,-
2295,minted,t1utwwsaslf2xhdaec4hnfbewky6k9e6yqi,1,t1utwwsaslf2xhdaec4hnfbewky6k9e6yqi,-
2296,minted,t1fe6njgmixpvrodtzjcj2svsoety6uu7wf,1,t1fe6njgmixpvrodtzjcj2svsoety6uu7wf,-
2298,minted,t1ry1amqjxbasfn4g54vejjhgfwhqyau6kq,1,t1ry1amqjxbasfn4g54vejjhgfwhqyau6kq,-
2299,minted,t1tm4ukzttclqbius6oqzhbb5wla9soo3ii,1,t1tm4ukzttclqbius6oqzhbb5wla9soo3ii,-
2301,minted,t1bnbdl7zusefkhvhgzfad5jq6e3d1fg3hz,1,t1bnbdl7zusefkhvhgzfad5jq6e3d1fg3hz,-
2302,minted,t1gtptcbamzdtc583kadl9r6xgycqhq4pq8,1,t1gtptcbamzdtc583kadl9r6xgycqhq4pq8,-
2303,minted,t1gfxpmbrdeohuwrzcrms99tghjuw7fufyu,1,t1gfxpmbrdeohuwrzcrms99tghjuw7fufyu,-
2304,minted,t1geadqaiqyvgaoog8vhocum1sq6scajdbe,1,t1geadqaiqyvgaoog8vhocum1sq6scajdbe,-
2305,minted,t1a6nwf5tjdprzfwhaduw1brvoybqbnquso,1,t1a6nwf5tjdprzfwhaduw1brvoybqbnquso,-
2306,minted,t1rnjbkm81ui7zsy2z2udyi7bil5xvjspvh,1,t1rnjbkm81ui7zsy2z2udyi7bil5xvjspvh,-
2307,minted,t1geadqaiqyvgaoog8vhocum1sq6scajdbe,1,t1geadqaiqyvgaoog8vhocum1sq6scajdbe,-
2308,minted,t1harykyjfctqhcswkwobfnqydrtpybcusz,1,t1harykyjfctqhcswkwobfnqydrtpybcusz,-
2310,minted,t1vnqzdvmveogfsmvu2hqbadttvlfre5fcr,1,t1vnqzdvmveogfsmvu2hqbadttvlfre5fcr,-
2314,minted,t1vxzayz2wtcgluk2rrlctxr5ivjzzfmluy,1,t1vxzayz2wtcgluk2rrlctxr5ivjzzfmluy,-
2315,minted,t1k6zlqemuuuh7y2tzmnybqtkztmzt4kz5z,1,t1k6zlqemuuuh7y2tzmnybqtkztmzt4kz5z,-
2316,minted,t1nfyrv6drbsn6wshd38rjz9mvtjet434ng,1,t1nfyrv6drbsn6wshd38rjz9mvtjet434ng,-
2320,minted,t1k1k3lvujfthpw1rx5gye1wt1w3nfffkuz,1,t1k1k3lvujfthpw1rx5gye1wt1w3nfffkuz,-
2321,minted,t1wdk8ftmqhutjtpqoftehpxunlkfuvyspm,1,t1wdk8ftmqhutjtpqoftehpxunlkfuvyspm,-
2323,minted,t1lyxeaoefs951bbawlt2j6fkes2suuhhwq,1,t1lyxeaoefs951bbawlt2j6fkes2suuhhwq,-
2324,minted,t1sqqn7d3fhvj1adwgfip6ebxtqjcngrwff,1,t1sqqn7d3fhvj1adwgfip6ebxtqjcngrwff,-
2325,minted,t1f7k2fz5f9bqjbysmxxncdfy7vbcatlv71,1,t1f7k2fz5f9bqjbysmxxncdfy7vbcatlv71,-
2326,minted,t1zvfc8q8ritdcmiyfuo4k1sytbf7fgtggs,1,t1zvfc8q8ritdcmiyfuo4k1sytbf7fgtggs,-
2327,minted,t1sn6q8wbuc1a2s7tjdbjzcqcti8uqutseq,1,t1sn6q8wbuc1a2s7tjdbjzcqcti8uqutseq,-
2329,minted,t1ceuykreawgbzptq5b4crcjswqgk3iwcvu,1,t1ceuykreawgbzptq5b4crcjswqgk3iwcvu,-
2330,minted,t1neyegc8iskf9j5jpaaax6f2gvphtcft7s,1,t1neyegc8iskf9j5jpaaax6f2gvphtcft7s,-
2331,minted,t1ls3lszpnhsc73sva1vxdteuwkprr9xwmv,1,t1ls3lszpnhsc73sva1vxdteuwkprr9xwmv,-
2332,minted,t1ra5rzwpgv2h197mszzuczzh3sqdq7yssl,1,t1ra5rzwpgv2h197mszzuczzh3sqdq7yssl,-
2333,minted,t1sl65eqxvgabrlsxfdtthepd4tjrvyneab,1,t1sl65eqxvgabrlsxfdtthepd4tjrvyneab,-
2337,minted,t1xkb2xu5cytyrh46mgtxqe9rbuvcwmdxbw,1,t1xkb2xu5cytyrh46mgtxqe9rbuvcwmdxbw,-
2338,minted,t1k1k3lvujfthpw1rx5gye1wt1w3nfffkuz,1,t1k1k3lvujfthpw1rx5gye1wt1w3nfffkuz,-
2339,minted,t1fcmnktgqtxnnsq9llfxityrj12uteieuk,1,t1fcmnktgqtxnnsq9llfxityrj12uteieuk,-
2340,minted,t1zvfc8q8ritdcmiyfuo4k1sytbf7fgtggs,1,t1zvfc8q8ritdcmiyfuo4k1sytbf7fgtggs,-
2341,minted,t1hd8yo89x2kkepbmtnc4sigq5uohoqpfjc,1,t1hd8yo89x2kkepbmtnc4sigq5uohoqpfjc,-
2342,minted,t1v8hzyynuwi6qemeow5afq87uozcmkbs4w,1,t1v8hzyynuwi6qemeow5afq87uozcmkbs4w,-
2345,minted,t1bqz7lcv5ca65pcubguiqdjfy4qhsvzbzz,1,t1bqz7lcv5ca65pcubguiqdjfy4qhsvzbzz,-
2347,minted,t1k1k3lvujfthpw1rx5gye1wt1w3nfffkuz,1,t1k1k3lvujfthpw1rx5gye1wt1w3nfffkuz,-
2348,minted,t1qunysptkw1jvmv2abfvljustmikybvfiy,1,t1qunysptkw1jvmv2abfvljustmikybvfiy,-
2349,minted,t1px7hlrau7co9lk3k81jcrntnilhrwgoxj,1,t1px7hlrau7co9lk3k81jcrntnilhrwgoxj,-
2350,minted,t1vf4k61qeseulhxpzkjch3nb3q1vw6fvx9,1,t1vf4k61qeseulhxpzkjch3nb3q1vw6fvx9,-
2351,minted,t1sjbaodtmts94hhndm1g6gsxs9r56r3fmi,1,t1sjbaodtmts94hhndm1g6gsxs9r56r3fmi,-
2352,minted,t1fym6ponzmhqgj1azpaimmy1wzligfzdwt,1,t1fym6ponzmhqgj1azpaimmy1wzligfzdwt,-
2353,minted,t1c4j1rmlwwpelu6xcjqb9zheujusethjcx,1,t1c4j1rmlwwpelu6xcjqb9zheujusethjcx,-
2354,minted,t1eqrq34pr3zkecprjvanrxmpdpxt32j8tv,1,t1eqrq34pr3zkecprjvanrxmpdpxt32j8tv,-
2357,minted,t1lckeea2rgmgawzafrvsyj5fnsbvejxujp,1,t1lckeea2rgmgawzafrvsyj5fnsbvejxujp,-
2360,minted,t1fh3uhheogqg7ztvzx5dkqjayxutgz3p5q,1,t1fh3uhheogqg7ztvzx5dkqjayxutgz3p5q,-
2361,minted,t1g797iuz3hzgkyxzuxjlukm7a8juqndwnv,1,t1g797iuz3hzgkyxzuxjlukm7a8juqndwnv,-
2362,minted,t1edeayny2lzdrdyy65r37opkpnkhaoeazy,1,t1edeayny2lzdrdyy65r37opkpnkhaoeazy,-
2363,minted,t1utwwsaslf2xhdaec4hnfbewky6k9e6yqi,1,t1utwwsaslf2xhdaec4hnfbewky6k9e6yqi,-
2364,minted,t1uijcpndrzgcmqlg67y8ld8xailbijq9ku,1,t1uijcpndrzgcmqlg67y8ld8xailbijq9ku,-
2365,minted,t1fcmnktgqtxnnsq9llfxityrj12uteieuk,1,t1fcmnktgqtxnnsq9llfxityrj12uteieuk,-
2366,minted,t1ykuy6z2glmjaashy5n38v1oglewysbcnz,1,t1ykuy6z2glmjaashy5n38v1oglewysbcnz,-
2368,minted,t1b4xybydvhinc2qasg9zgtdrqmxqyb6ax7,1,t1b4xybydvhinc2qasg9zgtdrqmxqyb6ax7,-
2371,minted,t1lakakmmjky8le5cmznkgdvcvvtnrkac8a,1,t1lakakmmjky8le5cmznkgdvcvvtnrkac8a,-
2372,minted,t1ceuykreawgbzptq5b4crcjswqgk3iwcvu,1,t1ceuykreawgbzptq5b4crcjswqgk3iwcvu,-
2373,minted,t1tuhpqkrnvjpjkj3yaenccecenarccfwgv,1,t1tuhpqkrnvjpjkj3yaenccecenarccfwgv,-
2374,minted,t1keyd75eld8bvhtjn9r2sqxsomd4uksy3q,1,t1keyd75eld8bvhtjn9r2sqxsomd4uksy3q,-
2375,minted,t1fcmnktgqtxnnsq9llfxityrj12uteieuk,1,t1fcmnktgqtxnnsq9llfxityrj12uteieuk,-
2378,minted,t1gwmsjkr1uxwsyds4czjewvm6r3vm2rq7o,1,t1gwmsjkr1uxwsyds4czjewvm6r3vm2rq7o,-
2379,minted,t1wjymzb8eklefe8jcxdxijvxwrbxybmig5,1,t1wjymzb8eklefe8jcxdxijvxwrbxybmig5,-
2380,minted,t1vnqzdvmveogfsmvu2hqbadttvlfre5fcr,1,t1vnqzdvmveogfsmvu2hqbadttvlfre5fcr,-
2381,minted,t1dggdv9xnrzge2juzmaxew28j7e217yu3g,1,t1dggdv9xnrzge2juzmaxew28j7e217yu3g,-
2382,minted,t1px7hlrau7co9lk3k81jcrntnilhrwgoxj,1,t1px7hlrau7co9lk3k81jcrntnilhrwgoxj,-
2384,minted,t1sqqn7d3fhvj1adwgfip6ebxtqjcngrwff,1,t1sqqn7d3fhvj1adwgfip6ebxtqjcngrwff,-
2385,minted,t1rgw6g813bmzoyvyd37iaewney6hditzvq,1,t1rgw6g813bmzoyvyd37iaewney6hditzvq,-
2386,minted,t1plr7emfb4ptjr3ydgkxtvvcx88vipczbg,1,t1plr7emfb4ptjr3ydgkxtvvcx88vipczbg,-
2387,minted,t1px7hlrau7co9lk3k81jcrntnilhrwgoxj,1,t1px7hlrau7co9lk3k81jcrntnilhrwgoxj,-
2388,minted,t1plr7emfb4ptjr3ydgkxtvvcx88vipczbg,1,t1plr7emfb4ptjr3ydgkxtvvcx88vipczbg,-
2389,minted,t1cufblk8osimwlfkpnt815kcsllnjqetwk,1,t1cufblk8osimwlfkpnt815kcsllnjqetwk,-
2390,minted,t1geadqaiqyvgaoog8vhocum1sq6scajdbe,1,t1geadqaiqyvgaoog8vhocum1sq6scajdbe,-
2392,minted,t1x8y4rmom1vwjsnddyczrx9aphsx9mdo3k,1,t1x8y4rmom1vwjsnddyczrx9aphsx9mdo3k,-
2393,minted,t1urpiavkof3253qofgncv8fwp6zaihlsua,1,t1urpiavkof3253qofgncv8fwp6zaihlsua,-
2396,minted,t1lzi24jydjzsfib29wpm2jvp83kwlnkcrb,1,t1lzi24jydjzsfib29wpm2jvp83kwlnkcrb,-
2399,minted,t1a6nwf5tjdprzfwhaduw1brvoybqbnquso,1,t1a6nwf5tjdprzfwhaduw1brvoybqbnquso,-
2401,minted,t1xkjq7z7dq1s1ksfux7qnk9l8a5rtjxapu,1,t1xkjq7z7dq1s1ksfux7qnk9l8a5rtjxapu,-
2406,minted,t1vnqzdvmveogfsmvu2hqbadttvlfre5fcr,1,t1vnqzdvmveogfsmvu2hqbadttvlfre5fcr,-
2407,minted,t1neyegc8iskf9j5jpaaax6f2gvphtcft7s,1,t1neyegc8iskf9j5jpaaax6f2gvphtcft7s,-
2410,minted,t1mbrhhk6cqac6m4qboz9muv9bkinymot5w,1,t1mbrhhk6cqac6m4qboz9muv9bkinymot5w,-
2413,minted,t1wjymzb8eklefe8jcxdxijvxwrbxybmig5,1,t1wjymzb8eklefe8jcxdxijvxwrbxybmig5,-
2414,minted,t1k6zlqemuuuh7y2tzmnybqtkztmzt4kz5z,1,t1k6zlqemuuuh7y2tzmnybqtkztmzt4kz5z,-
2417,minted,t1wuectyqkzkva4j5zsek9syopzzgxxmdua,1,t1wuectyqkzkva4j5zsek9syopzzgxxmdua,-
2418,minted,t1neyegc8iskf9j5jpaaax6f2gvphtcft7s,1,t1neyegc8iskf9j5jpaaax6f2gvphtcft7s,-
2419,minted,t1ra5rzwpgv2h197mszzuczzh3sqdq7yssl,1,t1ra5rzwpgv2h197mszzuczzh3sqdq7yssl,-
2420,minted,t1lakakmmjky8le5cmznkgdvcvvtnrkac8a,1,t1lakakmmjky8le5cmznkgdvcvvtnrkac8a,-
2421,minted,t1lakakmmjky8le5cmznkgdvcvvtnrkac8a,1,t1lakakmmjky8le5cmznkgdvcvvtnrkac8a,-
2426,minted,t1utwwsaslf2xhdaec4hnfbewky6k9e6yqi,1,t1utwwsaslf2xhdaec4hnfbewky6k9e6yqi,-
2427,minted,t1zvfc8q8ritdcmiyfuo4k1sytbf7fgtggs,1,t1zvfc8q8ritdcmiyfuo4k1sytbf7fgtggs,-
2428,minted,t1zvfc8q8ritdcmiyfuo4k1sytbf7fgtggs,1,t1zvfc8q8ritdcmiyfuo4k1sytbf7fgtggs,-
2431,minted,t1ackjtwvbsfgafminnbmneegdypv9g3gca,1,t1ackjtwvbsfgafminnbmneegdypv9g3gca,-
2432,minted,t1uwhgycnxruf62kfea3wefuetqlahxttqv,1,t1uwhgycnxruf62kfea3wefuetqlahxttqv,-
2434,minted,t1jdsfjfc6ydm63jvp9jtmykdxyyxrrtqek,1,t1jdsfjfc6ydm63jvp9jtmykdxyyxrrtqek,-
2436,minted,t1sjbaodtmts94hhndm1g6gsxs9r56r3fmi,1,t1sjbaodtmts94hhndm1g6gsxs9r56r3fmi,-
2437,minted,t1gubfunujh7opq9ax1wohmpvsuv5p7hzab,1,t1gubfunujh7opq9ax1wohmpvsuv5p7hzab,-
2438,minted,t1bzl1asatjjcpee5t3hsqdmpvhw39rmzan,1,t1bzl1asatjjcpee5t3hsqdmpvhw39rmzan,-
2439,minted,t1d7guc3dpm6udkueebf5lxbazbetnavxv3,1,t1d7guc3dpm6udkueebf5lxbazbetnavxv3,-
2440,minted,t1eeycfbwbu2fm3fztxs4iufljukzbnqpdg,1,t1eeycfbwbu2fm3fztxs4iufljukzbnqpdg,-
2447,minted,t1sjbaodtmts94hhndm1g6gsxs9r56r3fmi,1,t1sjbaodtmts94hhndm1g6gsxs9r56r3fmi,-
2451,minted,t1zuffvd1tk6pux9r8zbojyoajsmip5awra,1,t1zuffvd1tk6pux9r8zbojyoajsmip5awra,-
2452,minted,t1yezkfeppcwa16xtjkhfes91yzlcvkauvm,1,t1yezkfeppcwa16xtjkhfes91yzlcvkauvm,-
2453,minted,t1tuhpqkrnvjpjkj3yaenccecenarccfwgv,1,t1tuhpqkrnvjpjkj3yaenccecenarccfwgv,-
2455,minted,t1qupqtxglgncbo4msuegxdvjmbyunvptdb,1,t1qupqtxglgncbo4msuegxdvjmbyunvptdb,-
2456,minted,t1nmcjpeuqab3ghpbqpfzg7xypw3th4krnp,1,t1nmcjpeuqab3ghpbqpfzg7xypw3th4krnp,-
2457,minted,t1tm4ukzttclqbius6oqzhbb5wla9soo3ii,1,t1tm4ukzttclqbius6oqzhbb5wla9soo3ii,-
2458,minted,t1lzi24jydjzsfib29wpm2jvp83kwlnkcrb,1,t1lzi24jydjzsfib29wpm2jvp83kwlnkcrb,-
2459,minted,t1fcmnktgqtxnnsq9llfxityrj12uteieuk,1,t1fcmnktgqtxnnsq9llfxityrj12uteieuk,-
2461,minted,t1y8g4khzqcpxsvmp5mw9kctngda2g9e4z6,1,t1y8g4khzqcpxsvmp5mw9kctngda2g9e4z6,-
2464,minted,t1rjxectx3e63ydhaerxyynqck71mp117ty,1,t1rjxectx3e63ydhaerxyynqck71mp117ty,-
2465,minted,t1mbpptgk2u1whfogrhk3b38npfymyf1ckz,1,t1mbpptgk2u1whfogrhk3b38npfymyf1ckz,-
2467,minted,t1jdsfjfc6ydm63jvp9jtmykdxyyxrrtqek,1,t1jdsfjfc6ydm63jvp9jtmykdxyyxrrtqek,-
2468,minted,t1n9vkjsqqpvji45dbmsyqbf3oms6efzbav,1,t1n9vkjsqqpvji45dbmsyqbf3oms6efzbav,-
2469,minted,t1ad5mp7aux3fxfv5hwtjfeiihcdtb71smg,1,t1ad5mp7aux3fxfv5hwtjfeiihcdtb71smg,-
2470,minted,t1c9zdg3amocc9xwk4s522bp5c9ye5x4d6p,1,t1c9zdg3amocc9xwk4s522bp5c9ye5x4d6p,-
2471,minted,t1gvchfhecde9hjz5sqkitjjsc1ojqpdpak,1,t1gvchfhecde9hjz5sqkitjjsc1ojqpdpak,-
2477,minted,t1yhhkhqqqgtgr7fqa2ce1pcagqxwt5xwcy,1,t1yhhkhqqqgtgr7fqa2ce1pcagqxwt5xwcy,-
2479,minted,t1b1z3bebcxfyggqlyrwzq1sthvxyskbubo,1,t1b1z3bebcxfyggqlyrwzq1sthvxyskbubo,-
2480,minted,t1fulu1jlxahglec9lbpiuydcd9w89sbfvr,1,t1fulu1jlxahglec9lbpiuydcd9w89sbfvr,-
2481,minted,t1e8ngofffiypiaep6pvacscj6g3y1ircr8,1,t1e8ngofffiypiaep6pvacscj6g3y1ircr8,-
2482,minted,t1qupqtxglgncbo4msuegxdvjmbyunvptdb,1,t1qupqtxglgncbo4msuegxdvjmbyunvptdb,-
2483,minted,t1qpeclgkhmw4xgk2v6kaixumhjf5pehox1,1,t1qpeclgkhmw4xgk2v6kaixumhjf5pehox1,-
2484,minted,t1qr45sgpxm8tmdkcpb2ntxbkacl6mqdopq,1,t1qr45sgpxm8tmdkcpb2ntxbkacl6mqdopq,-
2486,minted,t1keyd75eld8bvhtjn9r2sqxsomd4uksy3q,1,t1keyd75eld8bvhtjn9r2sqxsomd4uksy3q,-
2490,minted,t1nveuzt6vcr9tm2p2xd1gxdbnwyo6rrd39,1,t1nveuzt6vcr9tm2p2xd1gxdbnwyo6rrd39,-
2492,minted,t1xkb2xu5cytyrh46mgtxqe9rbuvcwmdxbw,1,t1xkb2xu5cytyrh46mgtxqe9rbuvcwmdxbw,-
2494,minted,t1xgramzt5zp1cjwno2hzuyp66g3lhojpn4,1,t1xgramzt5zp1cjwno2hzuyp66g3lhojpn4,-
2495,minted,t1lzi24jydjzsfib29wpm2jvp83kwlnkcrb,1,t1lzi24jydjzsfib29wpm2jvp83kwlnkcrb,-
2497,minted,t1qr5zva26etiovwiahfuqv2ay8d9jltdan,1,t1qr5zva26etiovwiahfuqv2ay8d9jltdan,-
2499,minted,t1uwhgycnxruf62kfea3wefuetqlahxttqv,1,t1uwhgycnxruf62kfea3wefuetqlahxttqv,-
2500,minted,t1yezkfeppcwa16xtjkhfes91yzlcvkauvm,1,t1yezkfeppcwa16xtjkhfes91yzlcvkauvm,-
2503,minted,t1n2xu9lwtm2ht86utphhhi1umgppn6lfw5,1,t1n2xu9lwtm2ht86utphhhi1umgppn6lfw5,-
2505,minted,t1khhgjrucrrbn1jhnlz8ibmtok9tpidfui,1,t1khhgjrucrrbn1jhnlz8ibmtok9tpidfui,-
2506,minted,t1qupqtxglgncbo4msuegxdvjmbyunvptdb,1,t1qupqtxglgncbo4msuegxdvjmbyunvptdb,-
2507,minted,t1c9zdg3amocc9xwk4s522bp5c9ye5x4d6p,1,t1c9zdg3amocc9xwk4s522bp5c9ye5x4d6p,-
2510,minted,t1c9zdg3amocc9xwk4s522bp5c9ye5x4d6p,1,t1c9zdg3amocc9xwk4s522bp5c9ye5x4d6p,-
2511,minted,t1vnqzdvmveogfsmvu2hqbadttvlfre5fcr,1,t1vnqzdvmveogfsmvu2hqbadttvlfre5fcr,-
2513,minted,t1rnjbkm81ui7zsy2z2udyi7bil5xvjspvh,1,t1rnjbkm81ui7zsy2z2udyi7bil5xvjspvh,-
2514,minted,t1t6vyuq11ez6hmc5cfwwtwo4dxkcq49wcj,1,t1t6vyuq11ez6hmc5cfwwtwo4dxkcq49wcj,-
2515,minted,t1zpzocw6bnvu4bekcg29cokyno37dmuuck,1,t1zpzocw6bnvu4bekcg29cokyno37dmuuck,-
2516,minted,t1ry1amqjxbasfn4g54vejjhgfwhqyau6kq,1,t1ry1amqjxbasfn4g54vejjhgfwhqyau6kq,-
2519,minted,t1lfz9vt9gfkylljtzctsvpqdjdsfnp5ths,1,t1lfz9vt9gfkylljtzctsvpqdjdsfnp5ths,-
2520,minted,t1uijcpndrzgcmqlg67y8ld8xailbijq9ku,1,t1uijcpndrzgcmqlg67y8ld8xailbijq9ku,-
2521,minted,t1jqulpn6dhcced5yhrbcesogxt3t5366jo,1,t1jqulpn6dhcced5yhrbcesogxt3t5366jo,-
2523,minted,t1e8ngofffiypiaep6pvacscj6g3y1ircr8,1,t1e8ngofffiypiaep6pvacscj6g3y1ircr8,-
2525,minted,t1uijcpndrzgcmqlg67y8ld8xailbijq9ku,1,t1uijcpndrzgcmqlg67y8ld8xailbijq9ku,-
2527,minted,t1xgramzt5zp1cjwno2hzuyp66g3lhojpn4,1,t1xgramzt5zp1cjwno2hzuyp66g3lhojpn4,-
2529,minted,t1tm4ukzttclqbius6oqzhbb5wla9soo3ii,1,t1tm4ukzttclqbius6oqzhbb5wla9soo3ii,-
2532,minted,t1dmol5cxocwndah9cyqydl3ntxv3kh4ysd,1,t1dmol5cxocwndah9cyqydl3ntxv3kh4ysd,-
2534,minted,t1ad5mp7aux3fxfv5hwtjfeiihcdtb71smg,1,t1ad5mp7aux3fxfv5hwtjfeiihcdtb71smg,-
2535,minted,t1ad5mp7aux3fxfv5hwtjfeiihcdtb71smg,1,t1ad5mp7aux3fxfv5hwtjfeiihcdtb71smg,-
2540,minted,t1fcmnktgqtxnnsq9llfxityrj12uteieuk,1,t1fcmnktgqtxnnsq9llfxityrj12uteieuk,-
2543,minted,t1fe6njgmixpvrodtzjcj2svsoety6uu7wf,1,t1fe6njgmixpvrodtzjcj2svsoety6uu7wf,-
2545,minted,t1qbjuqt1hbqzrjjz9u4532oitwefqemvtp,1,t1qbjuqt1hbqzrjjz9u4532oitwefqemvtp,-
2546,minted,t1px7hlrau7co9lk3k81jcrntnilhrwgoxj,1,t1px7hlrau7co9lk3k81jcrntnilhrwgoxj,-
2547,minted,t1c4j1rmlwwpelu6xcjqb9zheujusethjcx,1,t1c4j1rmlwwpelu6xcjqb9zheujusethjcx,-
2548,minted,t1rbb2dc8ytb7ceuwjr3vuspcmdr5k2epnb,1,t1rbb2dc8ytb7ceuwjr3vuspcmdr5k2epnb,-
2549,minted,t1d1phzjprbfb6l3z7bpobkqdzjlavru3zb,1,t1d1phzjprbfb6l3z7bpobkqdzjlavru3zb,-
2552,minted,t1duxpx3u12gqyl7j9sxh7mvs8ogbvrxfwv,1,t1duxpx3u12gqyl7j9sxh7mvs8ogbvrxfwv,-
2554,minted,t1aphfzzmcujqhuenxl5odscmyv97ti5dwv,1,t1aphfzzmcujqhuenxl5odscmyv97ti5dwv,-
2558,minted,t1lckeea2rgmgawzafrvsyj5fnsbvejxujp,1,t1lckeea2rgmgawzafrvsyj5fnsbvejxujp,-
2559,minted,t1z6wmzrucnzzeytapanyucbttqraopcsxz,1,t1z6wmzrucnzzeytapanyucbttqraopcsxz,-
2560,minted,t1umuzozkqrbtaknbascznhnpqj7dxixrvq,1,t1umuzozkqrbtaknbascznhnpqj7dxixrvq,-
2561,minted,t1plr7emfb4ptjr3ydgkxtvvcx88vipczbg,1,t1plr7emfb4ptjr3ydgkxtvvcx88vipczbg,-
2567,minted,t1fcmnktgqtxnnsq9llfxityrj12uteieuk,1,t1fcmnktgqtxnnsq9llfxityrj12uteieuk,-
2570,minted,t1upzl3anjphpushv5l1phfr3x9agyvfwmg,1,t1upzl3anjphpushv5l1phfr3x9agyvfwmg,-
2572,minted,t1utwwsaslf2xhdaec4hnfbewky6k9e6yqi,1,t1utwwsaslf2xhdaec4hnfbewky6k9e6yqi,-
2577,minted,t1uijcpndrzgcmqlg67y8ld8xailbijq9ku,1,t1uijcpndrzgcmqlg67y8ld8xailbijq9ku,-
2579,minted,t1utwwsaslf2xhdaec4hnfbewky6k9e6yqi,1,t1utwwsaslf2xhdaec4hnfbewky6k9e6yqi,-
2581,minted,t1yhhkhqqqgtgr7fqa2ce1pcagqxwt5xwcy,1,t1yhhkhqqqgtgr7fqa2ce1pcagqxwt5xwcy,-
2585,minted,t1k6zlqemuuuh7y2tzmnybqtkztmzt4kz5z,1,t1k6zlqemuuuh7y2tzmnybqtkztmzt4kz5z,-
2587,minted,t1k1k3lvujfthpw1rx5gye1wt1w3nfffkuz,1,t1k1k3lvujfthpw1rx5gye1wt1w3nfffkuz,-
2589,minted,t1mn1hixkseswrzwe7jbk82flewryugjtc9,1,t1mn1hixkseswrzwe7jbk82flewryugjtc9,-
2590,minted,t1cufblk8osimwlfkpnt815kcsllnjqetwk,1,t1cufblk8osimwlfkpnt815kcsllnjqetwk,-
2591,minted,t1lakakmmjky8le5cmznkgdvcvvtnrkac8a,1,t1lakakmmjky8le5cmznkgdvcvvtnrkac8a,-
2592,minted,t1c4j1rmlwwpelu6xcjqb9zheujusethjcx,1,t1c4j1rmlwwpelu6xcjqb9zheujusethjcx,-
2597,minted,t1k6zlqemuuuh7y2tzmnybqtkztmzt4kz5z,1,t1k6zlqemuuuh7y2tzmnybqtkztmzt4kz5z,-
2598,minted,t1sv5yhhefkgqyxnf6v2dzteuwr9fth5otq,1,t1sv5yhhefkgqyxnf6v2dzteuwr9fth5otq,-
2599,minted,t1wjymzb8eklefe8jcxdxijvxwrbxybmig5,1,t1wjymzb8eklefe8jcxdxijvxwrbxybmig5,-
2600,minted,t1fcmnktgqtxnnsq9llfxityrj12uteieuk,1,t1fcmnktgqtxnnsq9llfxityrj12uteieuk,-
2601,minted,t1rmhswkzucw9ub1owuggjwv6lbrvbfxczv,1,t1rmhswkzucw9ub1owuggjwv6lbrvbfxczv,-
2602,minted,t1y7dtde9rxmxgbxrqlk9vsraqztczp89m1,1,t1y7dtde9rxmxgbxrqlk9vsraqztczp89m1,-
2604,minted,t1dggdv9xnrzge2juzmaxew28j7e217yu3g,1,t1dggdv9xnrzge2juzmaxew28j7e217yu3g,-
2605,minted,t1n9vkjsqqpvji45dbmsyqbf3oms6efzbav,1,t1n9vkjsqqpvji45dbmsyqbf3oms6efzbav,-
2606,minted,t1wjymzb8eklefe8jcxdxijvxwrbxybmig5,1,t1wjymzb8eklefe8jcxdxijvxwrbxybmig5,-
2609,minted,t1kqn6lrzaaqmy4vetlswnmpucd71ltoesq,1,t1kqn6lrzaaqmy4vetlswnmpucd71ltoesq,-
2613,minted,t1tm4ukzttclqbius6oqzhbb5wla9soo3ii,1,t1tm4ukzttclqbius6oqzhbb5wla9soo3ii,-
2614,minted,t1b4xybydvhinc2qasg9zgtdrqmxqyb6ax7,1,t1b4xybydvhinc2qasg9zgtdrqmxqyb6ax7,-
2617,minted,t1plr7emfb4ptjr3ydgkxtvvcx88vipczbg,1,t1plr7emfb4ptjr3ydgkxtvvcx88vipczbg,-
2619,minted,t1px7hlrau7co9lk3k81jcrntnilhrwgoxj,1,t1px7hlrau7co9lk3k81jcrntnilhrwgoxj,-
2620,minted,t1ra5rzwpgv2h197mszzuczzh3sqdq7yssl,1,t1ra5rzwpgv2h197mszzuczzh3sqdq7yssl,-
2621,minted,t1wdk8ftmqhutjtpqoftehpxunlkfuvyspm,1,t1wdk8ftmqhutjtpqoftehpxunlkfuvyspm,-
2623,minted,t1vlqp3zm55bd1ltecwhwyceev4gtkgfhyh,1,t1vlqp3zm55bd1ltecwhwyceev4gtkgfhyh,-
2625,minted,t1eeycfbwbu2fm3fztxs4iufljukzbnqpdg,1,t1eeycfbwbu2fm3fztxs4iufljukzbnqpdg,-
2626,minted,t1nveuzt6vcr9tm2p2xd1gxdbnwyo6rrd39,1,t1nveuzt6vcr9tm2p2xd1gxdbnwyo6rrd39,-
2627,minted,t1k6zlqemuuuh7y2tzmnybqtkztmzt4kz5z,1,t1k6zlqemuuuh7y2tzmnybqtkztmzt4kz5z,-
2628,minted,t1vcwc3cycthart9cxhmse14bwj8wdpdqpk,1,t1vcwc3cycthart9cxhmse14bwj8wdpdqpk,-
2629,minted,t1g797iuz3hzgkyxzuxjlukm7a8juqndwnv,1,t1g797iuz3hzgkyxzuxjlukm7a8juqndwnv,-
2638,minted,t1ackjtwvbsfgafminnbmneegdypv9g3gca,1,t1ackjtwvbsfgafminnbmneegdypv9g3gca,-
2643,minted,t1bk11iorabhu61dwycja26k5xamq2x5efb,1,t1bk11iorabhu61dwycja26k5xamq2x5efb,-
2648,minted,t1swxdgrkwwzgzchaqrn1u8n5sr6gsjtt11,1,t1swxdgrkwwzgzchaqrn1u8n5sr6gsjtt11,-
2650,minted,t1uwhgycnxruf62kfea3wefuetqlahxttqv,1,t1uwhgycnxruf62kfea3wefuetqlahxttqv,-
2653,minted,t1pk1uc5ma3yfs7jwim8pje8jqiv36b5eds,1,t1pk1uc5ma3yfs7jwim8pje8jqiv36b5eds,-
2654,minted,t1pudhqtsiqkwcge7gr3yo48b8ihw7s76ko,1,t1pudhqtsiqkwcge7gr3yo48b8ihw7s76ko,-
2658,minted,t1sntdtkq4sbsk3socy6uzrbxvjwdn1x7cm,1,t1sntdtkq4sbsk3socy6uzrbxvjwdn1x7cm,-
2659,minted,t1b4xybydvhinc2qasg9zgtdrqmxqyb6ax7,1,t1b4xybydvhinc2qasg9zgtdrqmxqyb6ax7,-
2660,minted,t1wjymzb8eklefe8jcxdxijvxwrbxybmig5,1,t1wjymzb8eklefe8jcxdxijvxwrbxybmig5,-
2661,minted,t1umuzozkqrbtaknbascznhnpqj7dxixrvq,1,t1umuzozkqrbtaknbascznhnpqj7dxixrvq,-
2663,minted,t1qpeclgkhmw4xgk2v6kaixumhjf5pehox1,1,t1qpeclgkhmw4xgk2v6kaixumhjf5pehox1,-
2664,minted,t1kcuw1npvr56on7dbzkddjob41akjlwe2h,1,t1kcuw1npvr56on7dbzkddjob41akjlwe2h,-
2666,minted,t1uijcpndrzgcmqlg67y8ld8xailbijq9ku,1,t1uijcpndrzgcmqlg67y8ld8xailbijq9ku,-
2667,minted,t1v8hzyynuwi6qemeow5afq87uozcmkbs4w,1,t1v8hzyynuwi6qemeow5afq87uozcmkbs4w,-
2668,minted,t1sg7teea9tkjymwsffeq3aqyczdvpknsny,1,t1sg7teea9tkjymwsffeq3aqyczdvpknsny,-
2669,minted,t1utwwsaslf2xhdaec4hnfbewky6k9e6yqi,1,t1utwwsaslf2xhdaec4hnfbewky6k9e6yqi,-
2670,minted,t1rbb2dc8ytb7ceuwjr3vuspcmdr5k2epnb,1,t1rbb2dc8ytb7ceuwjr3vuspcmdr5k2epnb,-
2671,minted,t1ceuykreawgbzptq5b4crcjswqgk3iwcvu,1,t1ceuykreawgbzptq5b4crcjswqgk3iwcvu,-
2672,minted,t1edeayny2lzdrdyy65r37opkpnkhaoeazy,1,t1edeayny2lzdrdyy65r37opkpnkhaoeazy,-
2673,minted,t1sn6q8wbuc1a2s7tjdbjzcqcti8uqutseq,1,t1sn6q8wbuc1a2s7tjdbjzcqcti8uqutseq,-
2674,minted,t1cmaavjvkvscj1adavejjh5ndq9zgzj7yq,1,t1cmaavjvkvscj1adavejjh5ndq9zgzj7yq,-
2676,minted,t1ls3lszpnhsc73sva1vxdteuwkprr9xwmv,1,t1ls3lszpnhsc73sva1vxdteuwkprr9xwmv,-
2679,minted,t1kqn6lrzaaqmy4vetlswnmpucd71ltoesq,1,t1kqn6lrzaaqmy4vetlswnmpucd71ltoesq,-
2680,minted,t1k6yc47blup7xpfvsassvk9xa4b2zd2yxq,1,t1k6yc47blup7xpfvsassvk9xa4b2zd2yxq,-
2681,minted,t1nmcjpeuqab3ghpbqpfzg7xypw3th4krnp,1,t1nmcjpeuqab3ghpbqpfzg7xypw3th4krnp,-
2682,minted,t1uijcpndrzgcmqlg67y8ld8xailbijq9ku,1,t1uijcpndrzgcmqlg67y8ld8xailbijq9ku,-
2684,minted,t1keyd75eld8bvhtjn9r2sqxsomd4uksy3q,1,t1keyd75eld8bvhtjn9r2sqxsomd4uksy3q,-
2688,minted,t1ad5mp7aux3fxfv5hwtjfeiihcdtb71smg,1,t1ad5mp7aux3fxfv5hwtjfeiihcdtb71smg,-
2690,minted,t1ackjtwvbsfgafminnbmneegdypv9g3gca,1,t1ackjtwvbsfgafminnbmneegdypv9g3gca,-
2692,minted,t1keyd75eld8bvhtjn9r2sqxsomd4uksy3q,1,t1keyd75eld8bvhtjn9r2sqxsomd4uksy3q,-
2694,minted,t1c9zdg3amocc9xwk4s522bp5c9ye5x4d6p,1,t1c9zdg3amocc9xwk4s522bp5c9ye5x4d6p,-
2696,minted,t1tdx3jecge1dd9pmzxuaphvjm5hyq2c7wn,1,t1tdx3jecge1dd9pmzxuaphvjm5hyq2c7wn,-
2697,minted,t1zuffvd1tk6pux9r8zbojyoajsmip5awra,1,t1zuffvd1tk6pux9r8zbojyoajsmip5awra,-
2698,minted,t1ykuy6z2glmjaashy5n38v1oglewysbcnz,1,t1ykuy6z2glmjaashy5n38v1oglewysbcnz,-
2699,minted,t1ugnmmfgvei3prgchynzyhugd5qysjpdcd,1,t1ugnmmfgvei3prgchynzyhugd5qysjpdcd,-
2700,minted,t1rbb2dc8ytb7ceuwjr3vuspcmdr5k2epnb,1,t1rbb2dc8ytb7ceuwjr3vuspcmdr5k2epnb,-
2706,minted,t1nveuzt6vcr9tm2p2xd1gxdbnwyo6rrd39,1,t1nveuzt6vcr9tm2p2xd1gxdbnwyo6rrd39,-
2711,minted,t1qbjuqt1hbqzrjjz9u4532oitwefqemvtp,1,t1qbjuqt1hbqzrjjz9u4532oitwefqemvtp,-
2712,minted,t1jrhuau8t1rw1wsv4llwox5c8vj6zdkyk6,1,t1jrhuau8t1rw1wsv4llwox5c8vj6zdkyk6,-
2713,minted,t1plr7emfb4ptjr3ydgkxtvvcx88vipczbg,1,t1plr7emfb4ptjr3ydgkxtvvcx88vipczbg,-
2714,minted,t1umuzozkqrbtaknbascznhnpqj7dxixrvq,1,t1umuzozkqrbtaknbascznhnpqj7dxixrvq,-
2716,minted,t1n9vkjsqqpvji45dbmsyqbf3oms6efzbav,1,t1n9vkjsqqpvji45dbmsyqbf3oms6efzbav,-
2718,minted,t1zvfc8q8ritdcmiyfuo4k1sytbf7fgtggs,1,t1zvfc8q8ritdcmiyfuo4k1sytbf7fgtggs,-
2719,minted,t1rhnurdntdcr2fddzya8eskfswtfpkwutf,1,t1rhnurdntdcr2fddzya8eskfswtfpkwutf,-
2720,minted,t1xkjq7z7dq1s1ksfux7qnk9l8a5rtjxapu,1,t1xkjq7z7dq1s1ksfux7qnk9l8a5rtjxapu,-
2721,minted,t1uctyrme2jmsqcg6qcjumu1yjhxnogfddj,1,t1uctyrme2jmsqcg6qcjumu1yjhxnogfddj,-
2723,minted,t1aphfzzmcujqhuenxl5odscmyv97ti5dwv,1,t1aphfzzmcujqhuenxl5odscmyv97ti5dwv,-
2725,minted,t1ls3lszpnhsc73sva1vxdteuwkprr9xwmv,1,t1ls3lszpnhsc73sva1vxdteuwkprr9xwmv,-
2726,minted,t1plr7emfb4ptjr3ydgkxtvvcx88vipczbg,1,t1plr7emfb4ptjr3ydgkxtvvcx88vipczbg,-
2730,minted,t1sg7teea9tkjymwsffeq3aqyczdvpknsny,1,t1sg7teea9tkjymwsffeq3aqyczdvpknsny,-
2731,minted,t1sjbaodtmts94hhndm1g6gsxs9r56r3fmi,1,t1sjbaodtmts94hhndm1g6gsxs9r56r3fmi,-
2733,minted,t1eqrq34pr3zkecprjvanrxmpdpxt32j8tv,1,t1eqrq34pr3zkecprjvanrxmpdpxt32j8tv,-
2734,minted,t1xkb2xu5cytyrh46mgtxqe9rbuvcwmdxbw,1,t1xkb2xu5cytyrh46mgtxqe9rbuvcwmdxbw,-
2735,minted,t1keyd75eld8bvhtjn9r2sqxsomd4uksy3q,1,t1keyd75eld8bvhtjn9r2sqxsomd4uksy3q,-
2736,minted,t1c9zdg3amocc9xwk4s522bp5c9ye5x4d6p,1,t1c9zdg3amocc9xwk4s522bp5c9ye5x4d6p,-
2737,minted,t1mhq2en1mz5gges8ywfszckbkms2fgq65h,1,t1mhq2en1mz5gges8ywfszckbkms2fgq65h,-
2739,minted,t1g797iuz3hzgkyxzuxjlukm7a8juqndwnv,1,t1g797iuz3hzgkyxzuxjlukm7a8juqndwnv,-
2740,minted,t1plr7emfb4ptjr3ydgkxtvvcx88vipczbg,1,t1plr7emfb4ptjr3ydgkxtvvcx88vipczbg,-
2743,minted,t1zuffvd1tk6pux9r8zbojyoajsmip5awra,1,t1zuffvd1tk6pux9r8zbojyoajsmip5awra,-
2744,minted,t1ls3lszpnhsc73sva1vxdteuwkprr9xwmv,1,t1ls3lszpnhsc73sva1vxdteuwkprr9xwmv,-
2745,minted,t1fcmnktgqtxnnsq9llfxityrj12uteieuk,1,t1fcmnktgqtxnnsq9llfxityrj12uteieuk,-
2748,minted,t1rjxectx3e63ydhaerxyynqck71mp117ty,1,t1rjxectx3e63ydhaerxyynqck71mp117ty,-
2749,minted,t1harykyjfctqhcswkwobfnqydrtpybcusz,1,t1harykyjfctqhcswkwobfnqydrtpybcusz,-
2751,minted,t1fygwxb9m6az4j3jftu52yeg2btdajqw5j,1,t1fygwxb9m6az4j3jftu52yeg2btdajqw5j,-
2752,minted,t1akqraypbyjua8kq2iduagz2fxswik7shh,1,t1akqraypbyjua8kq2iduagz2fxswik7shh,-
2753,minted,t1tdwjklmpx8k3pykwzyamcydtw24agjuus,1,t1tdwjklmpx8k3pykwzyamcydtw24agjuus,-
2754,minted,t1geadqaiqyvgaoog8vhocum1sq6scajdbe,1,t1geadqaiqyvgaoog8vhocum1sq6scajdbe,-
2755,minted,t1tmtfdgwqxtxoqrnvmosa6kadkayg4kf8n,1,t1tmtfdgwqxtxoqrnvmosa6kadkayg4kf8n,-
2759,minted,t1plr7emfb4ptjr3ydgkxtvvcx88vipczbg,1,t1plr7emfb4ptjr3ydgkxtvvcx88vipczbg,-
2760,minted,t1dfjru8b7hjg8t7zxhdcuctfffw7b71alt,1,t1dfjru8b7hjg8t7zxhdcuctfffw7b71alt,-
2762,minted,t1c4j1rmlwwpelu6xcjqb9zheujusethjcx,1,t1c4j1rmlwwpelu6xcjqb9zheujusethjcx,-
2764,minted,t1rgw6g813bmzoyvyd37iaewney6hditzvq,1,t1rgw6g813bmzoyvyd37iaewney6hditzvq,-
2767,minted,t1d1phzjprbfb6l3z7bpobkqdzjlavru3zb,1,t1d1phzjprbfb6l3z7bpobkqdzjlavru3zb,-
2768,minted,t1n9vkjsqqpvji45dbmsyqbf3oms6efzbav,1,t1n9vkjsqqpvji45dbmsyqbf3oms6efzbav,-
2775,minted,t1swxdgrkwwzgzchaqrn1u8n5sr6gsjtt11,1,t1swxdgrkwwzgzchaqrn1u8n5sr6gsjtt11,-
2783,minted,t1n9vkjsqqpvji45dbmsyqbf3oms6efzbav,1,t1n9vkjsqqpvji45dbmsyqbf3oms6efzbav,-
2784,minted,t1px7hlrau7co9lk3k81jcrntnilhrwgoxj,1,t1px7hlrau7co9lk3k81jcrntnilhrwgoxj,-
2785,minted,t1sjbaodtmts94hhndm1g6gsxs9r56r3fmi,1,t1sjbaodtmts94hhndm1g6gsxs9r56r3fmi,-
2786,minted,t1ezmafcocld3avqj6clnp9ecyjeey3bbgn,1,t1ezmafcocld3avqj6clnp9ecyjeey3bbgn,-
2787,minted,t1wjymzb8eklefe8jcxdxijvxwrbxybmig5,1,t1wjymzb8eklefe8jcxdxijvxwrbxybmig5,-
2789,minted,t1lakakmmjky8le5cmznkgdvcvvtnrkac8a,1,t1lakakmmjky8le5cmznkgdvcvvtnrkac8a,-
2790,minted,t1lzi24jydjzsfib29wpm2jvp83kwlnkcrb,1,t1lzi24jydjzsfib29wpm2jvp83kwlnkcrb,-
2791,minted,t1vf4k61qeseulhxpzkjch3nb3q1vw6fvx9,1,t1vf4k61qeseulhxpzkjch3nb3q1vw6fvx9,-
2792,minted,t1tqmu6mujknd7ieks9wpikrwswzdcxkdfc,1,t1tqmu6mujknd7ieks9wpikrwswzdcxkdfc,-
2793,minted,t1rn9twhetr1qorngpsri97eljaymkuz6ez,1,t1rn9twhetr1qorngpsri97eljaymkuz6ez,-
2797,minted,t1dfjru8b7hjg8t7zxhdcuctfffw7b71alt,1,t1dfjru8b7hjg8t7zxhdcuctfffw7b71alt,-
2798,minted,t1lakakmmjky8le5cmznkgdvcvvtnrkac8a,1,t1lakakmmjky8le5cmznkgdvcvvtnrkac8a,-
2803,minted,t1sn6q8wbuc1a2s7tjdbjzcqcti8uqutseq,1,t1sn6q8wbuc1a2s7tjdbjzcqcti8uqutseq,-
2805,minted,t1ad5mp7aux3fxfv5hwtjfeiihcdtb71smg,1,t1ad5mp7aux3fxfv5hwtjfeiihcdtb71smg,-
2806,minted,t1xfajxmlrekiixhygofvqhimeck96duzsb,1,t1xfajxmlrekiixhygofvqhimeck96duzsb,-
2807,minted,t1wdk8ftmqhutjtpqoftehpxunlkfuvyspm,1,t1wdk8ftmqhutjtpqoftehpxunlkfuvyspm,-
2808,minted,t1qlpbfcgqthby7gtqlcxjemd3unmdc17p9,1,t1qlpbfcgqthby7gtqlcxjemd3unmdc17p9,-
2809,minted,t1ad5mp7aux3fxfv5hwtjfeiihcdtb71smg,1,t1ad5mp7aux3fxfv5hwtjfeiihcdtb71smg,-
2810,minted,t1khhgjrucrrbn1jhnlz8ibmtok9tpidfui,1,t1khhgjrucrrbn1jhnlz8ibmtok9tpidfui,-
2813,minted,t1tm4ukzttclqbius6oqzhbb5wla9soo3ii,1,t1tm4ukzttclqbius6oqzhbb5wla9soo3ii,-
2815,minted,t1nfyrv6drbsn6wshd38rjz9mvtjet434ng,1,t1nfyrv6drbsn6wshd38rjz9mvtjet434ng,-
2816,minted,t1d1phzjprbfb6l3z7bpobkqdzjlavru3zb,1,t1d1phzjprbfb6l3z7bpobkqdzjlavru3zb,-
2818,minted,t1kcuw1npvr56on7dbzkddjob41akjlwe2h,1,t1kcuw1npvr56on7dbzkddjob41akjlwe2h,-
2819,minted,t1d1phzjprbfb6l3z7bpobkqdzjlavru3zb,1,t1d1phzjprbfb6l3z7bpobkqdzjlavru3zb,-
2820,minted,t1uijcpndrzgcmqlg67y8ld8xailbijq9ku,1,t1uijcpndrzgcmqlg67y8ld8xailbijq9ku,-
2821,minted,t1fygwxb9m6az4j3jftu52yeg2btdajqw5j,1,t1fygwxb9m6az4j3jftu52yeg2btdajqw5j,-
2824,minted,t1mesgayna3uxewakpuyhh464vyffvtchvv,1,t1mesgayna3uxewakpuyhh464vyffvtchvv,-
2826,minted,t1sn6q8wbuc1a2s7tjdbjzcqcti8uqutseq,1,t1sn6q8wbuc1a2s7tjdbjzcqcti8uqutseq,-
2828,minted,t1qupqtxglgncbo4msuegxdvjmbyunvptdb,1,t1qupqtxglgncbo4msuegxdvjmbyunvptdb,-
2831,minted,t1dgdz9egczairj78ukztzdby6au3v6sugm,1,t1dgdz9egczairj78ukztzdby6au3v6sugm,-
2834,minted,t1vxjd7iypy58chghwfrhmbnijefrkycbvn,1,t1vxjd7iypy58chghwfrhmbnijefrkycbvn,-
2835,minted,t1tm4ukzttclqbius6oqzhbb5wla9soo3ii,1,t1tm4ukzttclqbius6oqzhbb5wla9soo3ii,-
2838,minted,t1khhgjrucrrbn1jhnlz8ibmtok9tpidfui,1,t1khhgjrucrrbn1jhnlz8ibmtok9tpidfui,-
2840,minted,t1y7dtde9rxmxgbxrqlk9vsraqztczp89m1,1,t1y7dtde9rxmxgbxrqlk9vsraqztczp89m1,-
2842,minted,t1wjymzb8eklefe8jcxdxijvxwrbxybmig5,1,t1wjymzb8eklefe8jcxdxijvxwrbxybmig5,-
2845,minted,t1fym6ponzmhqgj1azpaimmy1wzligfzdwt,1,t1fym6ponzmhqgj1azpaimmy1wzligfzdwt,-
2847,minted,t1vf4k61qeseulhxpzkjch3nb3q1vw6fvx9,1,t1vf4k61qeseulhxpzkjch3nb3q1vw6fvx9,-
2849,minted,t1egohrhbvkcebhmzf9xvxfy86njvkjkssa,1,t1egohrhbvkcebhmzf9xvxfy86njvkjkssa,-
2852,minted,t1vnqzdvmveogfsmvu2hqbadttvlfre5fcr,1,t1vnqzdvmveogfsmvu2hqbadttvlfre5fcr,-
2853,minted,t1j5gnyyoqkpwqvxwnmrifakdbgg9syf4q1,1,t1j5gnyyoqkpwqvxwnmrifakdbgg9syf4q1,-
2855,minted,t1yvnhrmuhezqczspzi71yd8xk4xfywy5vg,1,t1yvnhrmuhezqczspzi71yd8xk4xfywy5vg,-
2856,minted,t1b4xybydvhinc2qasg9zgtdrqmxqyb6ax7,1,t1b4xybydvhinc2qasg9zgtdrqmxqyb6ax7,-
2858,minted,t1cufblk8osimwlfkpnt815kcsllnjqetwk,1,t1cufblk8osimwlfkpnt815kcsllnjqetwk,-
2859,minted,t1qyfewbckpqy1q8ck5f5g2yv69urgdtdab,1,t1qyfewbckpqy1q8ck5f5g2yv69urgdtdab,-
2862,minted,t1j6cf6hxanfe3cpv6silkosgyrxwvb4po1,1,t1j6cf6hxanfe3cpv6silkosgyrxwvb4po1,-
2865,minted,t1sjbaodtmts94hhndm1g6gsxs9r56r3fmi,1,t1sjbaodtmts94hhndm1g6gsxs9r56r3fmi,-
2866,minted,t1fcmnktgqtxnnsq9llfxityrj12uteieuk,1,t1fcmnktgqtxnnsq9llfxityrj12uteieuk,-
2867,minted,t1pxgcq4bsnnugrdebxgyozlvkxbdx8snoa,1,t1pxgcq4bsnnugrdebxgyozlvkxbdx8snoa,-
2870,minted,t1plr7emfb4ptjr3ydgkxtvvcx88vipczbg,1,t1plr7emfb4ptjr3ydgkxtvvcx88vipczbg,-
2871,minted,t1nveuzt6vcr9tm2p2xd1gxdbnwyo6rrd39,1,t1nveuzt6vcr9tm2p2xd1gxdbnwyo6rrd39,-
2872,minted,t1cufblk8osimwlfkpnt815kcsllnjqetwk,1,t1cufblk8osimwlfkpnt815kcsllnjqetwk,-
2877,minted,t1ad5mp7aux3fxfv5hwtjfeiihcdtb71smg,1,t1ad5mp7aux3fxfv5hwtjfeiihcdtb71smg,-
2878,minted,t1jdsfjfc6ydm63jvp9jtmykdxyyxrrtqek,1,t1jdsfjfc6ydm63jvp9jtmykdxyyxrrtqek,-
2880,minted,t1ntc76ehbxiqujv2dfaffwaeugj8tmvwzw,1,t1ntc76ehbxiqujv2dfaffwaeugj8tmvwzw,-
2882,minted,t1qbjuqt1hbqzrjjz9u4532oitwefqemvtp,1,t1qbjuqt1hbqzrjjz9u4532oitwefqemvtp,-
2883,minted,t1ub2xrhednp6xqdvpqynpkqeczlowj8z6j,1,t1ub2xrhednp6xqdvpqynpkqeczlowj8z6j,-
2887,minted,t1geadqaiqyvgaoog8vhocum1sq6scajdbe,1,t1geadqaiqyvgaoog8vhocum1sq6scajdbe,-
2889,minted,t1ad5mp7aux3fxfv5hwtjfeiihcdtb71smg,1,t1ad5mp7aux3fxfv5hwtjfeiihcdtb71smg,-
2892,minted,t1umuzozkqrbtaknbascznhnpqj7dxixrvq,1,t1umuzozkqrbtaknbascznhnpqj7dxixrvq,-
2894,minted,t1utwwsaslf2xhdaec4hnfbewky6k9e6yqi,1,t1utwwsaslf2xhdaec4hnfbewky6k9e6yqi,-
2895,minted,t1lzi24jydjzsfib29wpm2jvp83kwlnkcrb,1,t1lzi24jydjzsfib29wpm2jvp83kwlnkcrb,-
2896,minted,t1wwe8mf17ryho7niz6wlhriaxac5f8qymi,1,t1wwe8mf17ryho7niz6wlhriaxac5f8qymi,-
2900,minted,t1tm4ukzttclqbius6oqzhbb5wla9soo3ii,1,t1tm4ukzttclqbius6oqzhbb5wla9soo3ii,-
2901,minted,t1vnqzdvmveogfsmvu2hqbadttvlfre5fcr,1,t1vnqzdvmveogfsmvu2hqbadttvlfre5fcr,-
2902,minted,t1tdwjklmpx8k3pykwzyamcydtw24agjuus,1,t1tdwjklmpx8k3pykwzyamcydtw24agjuus,-
2903,minted,t1ugnmmfgvei3prgchynzyhugd5qysjpdcd,1,t1ugnmmfgvei3prgchynzyhugd5qysjpdcd,-
2905,minted,t1keyd75eld8bvhtjn9r2sqxsomd4uksy3q,1,t1keyd75eld8bvhtjn9r2sqxsomd4uksy3q,-
2909,minted,t1mbrhhk6cqac6m4qboz9muv9bkinymot5w,1,t1mbrhhk6cqac6m4qboz9muv9bkinymot5w,-
2911,minted,t1e8ngofffiypiaep6pvacscj6g3y1ircr8,1,t1e8ngofffiypiaep6pvacscj6g3y1ircr8,-
2913,minted,t1pxgcq4bsnnugrdebxgyozlvkxbdx8snoa,1,t1pxgcq4bsnnugrdebxgyozlvkxbdx8snoa,-
2914,minted,t1wuc9smduamu6tphqqkn5nhkq9jcfwljzv,1,t1wuc9smduamu6tphqqkn5nhkq9jcfwljzv,-
2917,minted,t1sjbaodtmts94hhndm1g6gsxs9r56r3fmi,1,t1sjbaodtmts94hhndm1g6gsxs9r56r3fmi,-
2921,minted,t1ad5mp7aux3fxfv5hwtjfeiihcdtb71smg,1,t1ad5mp7aux3fxfv5hwtjfeiihcdtb71smg,-
2922,minted,t1fym6ponzmhqgj1azpaimmy1wzligfzdwt,1,t1fym6ponzmhqgj1azpaimmy1wzligfzdwt,-
2923,minted,t1n2xu9lwtm2ht86utphhhi1umgppn6lfw5,1,t1n2xu9lwtm2ht86utphhhi1umgppn6lfw5,-
2924,minted,t1kcuw1npvr56on7dbzkddjob41akjlwe2h,1,t1kcuw1npvr56on7dbzkddjob41akjlwe2h,-
2925,minted,t1vu8wavcg1xe8qhdyowsmv2s9i63htj9sy,1,t1vu8wavcg1xe8qhdyowsmv2s9i63htj9sy,-
2926,minted,t1f7k2fz5f9bqjbysmxxncdfy7vbcatlv71,1,t1f7k2fz5f9bqjbysmxxncdfy7vbcatlv71,-
2928,minted,t1qyfewbckpqy1q8ck5f5g2yv69urgdtdab,1,t1qyfewbckpqy1q8ck5f5g2yv69urgdtdab,-
2930,minted,t1zefvvqfpioqts8ynnenemixu5ypmngtmd,1,t1zefvvqfpioqts8ynnenemixu5ypmngtmd,-
2931,minted,t1eqrq34pr3zkecprjvanrxmpdpxt32j8tv,1,t1eqrq34pr3zkecprjvanrxmpdpxt32j8tv,-
2932,minted,t1ackjtwvbsfgafminnbmneegdypv9g3gca,1,t1ackjtwvbsfgafminnbmneegdypv9g3gca,-
2933,minted,t1bk11iorabhu61dwycja26k5xamq2x5efb,1,t1bk11iorabhu61dwycja26k5xamq2x5efb,-
2934,minted,t1cyda4heumuz7mdpqf1e5j4dgkhcu9huy8,1,t1cyda4heumuz7mdpqf1e5j4dgkhcu9huy8,-
2936,minted,t1rnjbkm81ui7zsy2z2udyi7bil5xvjspvh,1,t1rnjbkm81ui7zsy2z2udyi7bil5xvjspvh,-
2937,minted,t1rmdxbttkgsrsb7jrhe9ehx8rbz7fdz71p,1,t1rmdxbttkgsrsb7jrhe9ehx8rbz7fdz71p,-
2939,minted,t1uwhgycnxruf62kfea3wefuetqlahxttqv,1,t1uwhgycnxruf62kfea3wefuetqlahxttqv,-
2940,minted,t1d1phzjprbfb6l3z7bpobkqdzjlavru3zb,1,t1d1phzjprbfb6l3z7bpobkqdzjlavru3zb,-
2941,minted,t1jdsfjfc6ydm63jvp9jtmykdxyyxrrtqek,1,t1jdsfjfc6ydm63jvp9jtmykdxyyxrrtqek,-
2942,minted,t1khhgjrucrrbn1jhnlz8ibmtok9tpidfui,1,t1khhgjrucrrbn1jhnlz8ibmtok9tpidfui,-
2943,minted,t1sqqn7d3fhvj1adwgfip6ebxtqjcngrwff,1,t1sqqn7d3fhvj1adwgfip6ebxtqjcngrwff,-
2947,minted,t1d1phzjprbfb6l3z7bpobkqdzjlavru3zb,1,t1d1phzjprbfb6l3z7bpobkqdzjlavru3zb,-
2950,minted,t1dfjru8b7hjg8t7zxhdcuctfffw7b71alt,1,t1dfjru8b7hjg8t7zxhdcuctfffw7b71alt,-
2951,minted,t1vf4k61qeseulhxpzkjch3nb3q1vw6fvx9,1,t1vf4k61qeseulhxpzkjch3nb3q1vw6fvx9,-
2952,minted,t1rmhswkzucw9ub1owuggjwv6lbrvbfxczv,1,t1rmhswkzucw9ub1owuggjwv6lbrvbfxczv,-
2953,minted,t1fygwxb9m6az4j3jftu52yeg2btdajqw5j,1,t1fygwxb9m6az4j3jftu52yeg2btdajqw5j,-
2955,minted,t1bqz7lcv5ca65pcubguiqdjfy4qhsvzbzz,1,t1bqz7lcv5ca65pcubguiqdjfy4qhsvzbzz,-
2956,minted,t1d7guc3dpm6udkueebf5lxbazbetnavxv3,1,t1d7guc3dpm6udkueebf5lxbazbetnavxv3,-
2957,minted,t1fe6njgmixpvrodtzjcj2svsoety6uu7wf,1,t1fe6njgmixpvrodtzjcj2svsoety6uu7wf,-
2958,minted,t1t6vyuq11ez6hmc5cfwwtwo4dxkcq49wcj,1,t1t6vyuq11ez6hmc5cfwwtwo4dxkcq49wcj,-
2959,minted,t1gfxpmbrdeohuwrzcrms99tghjuw7fufyu,1,t1gfxpmbrdeohuwrzcrms99tghjuw7fufyu,-
2960,minted,t1qbjuqt1hbqzrjjz9u4532oitwefqemvtp,1,t1qbjuqt1hbqzrjjz9u4532oitwefqemvtp,-
2961,minted,t1ranm3flfnubmddbgbmdajw4ia9arknlzu,1,t1ranm3flfnubmddbgbmdajw4ia9arknlzu,-
2964,minted,t1d1phzjprbfb6l3z7bpobkqdzjlavru3zb,1,t1d1phzjprbfb6l3z7bpobkqdzjlavru3zb,-
2968,minted,t1fym6ponzmhqgj1azpaimmy1wzligfzdwt,1,t1fym6ponzmhqgj1azpaimmy1wzligfzdwt,-
2969,minted,t1dvmn42ahlgqhk4eaqcg8hticmc7sdu4mn,1,t1dvmn42ahlgqhk4eaqcg8hticmc7sdu4mn,-
2970,minted,t1qz52qxsvz7coou2jjbkhuqhagui85j8sx,1,t1qz52qxsvz7coou2jjbkhuqhagui85j8sx,-
2971,minted,t1bqz7lcv5ca65pcubguiqdjfy4qhsvzbzz,1,t1bqz7lcv5ca65pcubguiqdjfy4qhsvzbzz,-
2972,minted,t1sn6q8wbuc1a2s7tjdbjzcqcti8uqutseq,1,t1sn6q8wbuc1a2s7tjdbjzcqcti8uqutseq,-
2973,minted,t1bzl1asatjjcpee5t3hsqdmpvhw39rmzan,1,t1bzl1asatjjcpee5t3hsqdmpvhw39rmzan,-
2974,minted,t1lckeea2rgmgawzafrvsyj5fnsbvejxujp,1,t1lckeea2rgmgawzafrvsyj5fnsbvejxujp,-
2978,minted,t1ahn537hrtes9qlcbhlq7rcztkukqh9nsz,1,t1ahn537hrtes9qlcbhlq7rcztkukqh9nsz,-
2980,minted,t1xkb2xu5cytyrh46mgtxqe9rbuvcwmdxbw,1,t1xkb2xu5cytyrh46mgtxqe9rbuvcwmdxbw,-
2983,minted,t1ugnmmfgvei3prgchynzyhugd5qysjpdcd,1,t1ugnmmfgvei3prgchynzyhugd5qysjpdcd,-
2985,minted,t1vf4k61qeseulhxpzkjch3nb3q1vw6fvx9,1,t1vf4k61qeseulhxpzkjch3nb3q1vw6fvx9,-
2986,minted,t1rnjbkm81ui7zsy2z2udyi7bil5xvjspvh,1,t1rnjbkm81ui7zsy2z2udyi7bil5xvjspvh,-
2988,minted,t1kcuw1npvr56on7dbzkddjob41akjlwe2h,1,t1kcuw1npvr56on7dbzkddjob41akjlwe2h,-
2989,minted,t1sjbaodtmts94hhndm1g6gsxs9r56r3fmi,1,t1sjbaodtmts94hhndm1g6gsxs9r56r3fmi,-
2991,minted,t1s957gnh26o9d7rzkrxft3p2zgwg1f6ztd,1,t1s957gnh26o9d7rzkrxft3p2zgwg1f6ztd,-
2992,minted,t1px7hlrau7co9lk3k81jcrntnilhrwgoxj,1,t1px7hlrau7co9lk3k81jcrntnilhrwgoxj,-
2993,minted,t1qunysptkw1jvmv2abfvljustmikybvfiy,1,t1qunysptkw1jvmv2abfvljustmikybvfiy,-
2994,minted,t1vxzayz2wtcgluk2rrlctxr5ivjzzfmluy,1,t1vxzayz2wtcgluk2rrlctxr5ivjzzfmluy,-
2995,minted,t1k6zlqemuuuh7y2tzmnybqtkztmzt4kz5z,1,t1k6zlqemuuuh7y2tzmnybqtkztmzt4kz5z,-
2996,minted,t1umuzozkqrbtaknbascznhnpqj7dxixrvq,1,t1umuzozkqrbtaknbascznhnpqj7dxixrvq,-
3001,minted,t1c4j1rmlwwpelu6xcjqb9zheujusethjcx,1,t1c4j1rmlwwpelu6xcjqb9zheujusethjcx,-
3002,minted,t1k6zlqemuuuh7y2tzmnybqtkztmzt4kz5z,1,t1k6zlqemuuuh7y2tzmnybqtkztmzt4kz5z,-
3003,failed,t1b4xybydvhinc2qasg9zgtdrqmxqyb6ax7,1,-,-
3004,minted,t1wjymzb8eklefe8jcxdxijvxwrbxybmig5,1,t1wjymzb8eklefe8jcxdxijvxwrbxybmig5,-
3006,minted,t1pwsn53ukb4e4zbf22ebcxlb7mw548bnjw,1,t1pwsn53ukb4e4zbf22ebcxlb7mw548bnjw,-
3007,minted,t1kcuw1npvr56on7dbzkddjob41akjlwe2h,1,t1kcuw1npvr56on7dbzkddjob41akjlwe2h,-
3008,minted,t1xkb2xu5cytyrh46mgtxqe9rbuvcwmdxbw,1,t1xkb2xu5cytyrh46mgtxqe9rbuvcwmdxbw,-
3009,minted,t1tm4ukzttclqbius6oqzhbb5wla9soo3ii,1,t1tm4ukzttclqbius6oqzhbb5wla9soo3ii,-
3010,minted,t1ry1amqjxbasfn4g54vejjhgfwhqyau6kq,1,t1ry1amqjxbasfn4g54vejjhgfwhqyau6kq,-
3011,minted,t1nveuzt6vcr9tm2p2xd1gxdbnwyo6rrd39,1,t1nveuzt6vcr9tm2p2xd1gxdbnwyo6rrd39,-
3012,minted,t1qpeclgkhmw4xgk2v6kaixumhjf5pehox1,1,t1qpeclgkhmw4xgk2v6kaixumhjf5pehox1,-
3013,minted,t1fcmnktgqtxnnsq9llfxityrj12uteieuk,1,t1fcmnktgqtxnnsq9llfxityrj12uteieuk,-
3016,minted,t1uwhgycnxruf62kfea3wefuetqlahxttqv,1,t1uwhgycnxruf62kfea3wefuetqlahxttqv,-
3017,minted,t1uwhgycnxruf62kfea3wefuetqlahxttqv,1,t1uwhgycnxruf62kfea3wefuetqlahxttqv,-
3018,minted,t1qbjuqt1hbqzrjjz9u4532oitwefqemvtp,1,t1qbjuqt1hbqzrjjz9u4532oitwefqemvtp,-
3021,minted,t1jcrlwwbsdkoj516dbtutc3ieofszgt8b6,1,t1jcrlwwbsdkoj516dbtutc3ieofszgt8b6,-
3022,minted,t1rbb2dc8ytb7ceuwjr3vuspcmdr5k2epnb,1,t1rbb2dc8ytb7ceuwjr3vuspcmdr5k2epnb,-
3023,minted,t1wdk8ftmqhutjtpqoftehpxunlkfuvyspm,1,t1wdk8ftmqhutjtpqoftehpxunlkfuvyspm,-
3024,minted,t1c2kcpjr9duwyeaxgkcryauwpgapspt44n,1,t1c2kcpjr9duwyeaxgkcryauwpgapspt44n,-
3027,minted,t1ad5mp7aux3fxfv5hwtjfeiihcdtb71smg,1,t1ad5mp7aux3fxfv5hwtjfeiihcdtb71smg,-
3028,minted,t1uwhgycnxruf62kfea3wefuetqlahxttqv,1,t1uwhgycnxruf62kfea3wefuetqlahxttqv,-
3030,minted,t1s7eadhhq5jufr1tkzgphgucbyjtja8ee1,1,t1s7eadhhq5jufr1tkzgphgucbyjtja8ee1,-
3031,minted,t1vulscnzrjrajkaodvbkqeomamjxnkwrsd,1,t1vulscnzrjrajkaodvbkqeomamjxnkwrsd,-
3034,minted,t1ackjtwvbsfgafminnbmneegdypv9g3gca,1,t1ackjtwvbsfgafminnbmneegdypv9g3gca,-
3035,minted,t1uijcpndrzgcmqlg67y8ld8xailbijq9ku,1,t1uijcpndrzgcmqlg67y8ld8xailbijq9ku,-
3036,minted,t1wjymzb8eklefe8jcxdxijvxwrbxybmig5,1,t1wjymzb8eklefe8jcxdxijvxwrbxybmig5,-
3037,minted,t1keyd75eld8bvhtjn9r2sqxsomd4uksy3q,1,t1keyd75eld8bvhtjn9r2sqxsomd4uksy3q,-
3038,minted,t1rmdxbttkgsrsb7jrhe9ehx8rbz7fdz71p,1,t1rmdxbttkgsrsb7jrhe9ehx8rbz7fdz71p,-
3040,minted,t1d9wxcsbbkyk74mtaak9qs1gaunuqdtrny,1,t1d9wxcsbbkyk74mtaak9qs1gaunuqdtrny,-
3041,minted,t1lckeea2rgmgawzafrvsyj5fnsbvejxujp,1,t1lckeea2rgmgawzafrvsyj5fnsbvejxujp,-
3047,minted,t1bnbdl7zusefkhvhgzfad5jq6e3d1fg3hz,1,t1bnbdl7zusefkhvhgzfad5jq6e3d1fg3hz,-
3050,minted,t1px7hlrau7co9lk3k81jcrntnilhrwgoxj,1,t1px7hlrau7co9lk3k81jcrntnilhrwgoxj,-
3051,minted,t1utwwsaslf2xhdaec4hnfbewky6k9e6yqi,1,t1utwwsaslf2xhdaec4hnfbewky6k9e6yqi,-
3052,minted,t1lzi24jydjzsfib29wpm2jvp83kwlnkcrb,1,t1lzi24jydjzsfib29wpm2jvp83kwlnkcrb,-
3053,minted,t1k1k3lvujfthpw1rx5gye1wt1w3nfffkuz,1,t1k1k3lvujfthpw1rx5gye1wt1w3nfffkuz,-
3055,minted,t1n9vkjsqqpvji45dbmsyqbf3oms6efzbav,1,t1n9vkjsqqpvji45dbmsyqbf3oms6efzbav,-
3056,minted,t1rnjbkm81ui7zsy2z2udyi7bil5xvjspvh,1,t1rnjbkm81ui7zsy2z2udyi7bil5xvjspvh,-
3057,minted,t1keyd75eld8bvhtjn9r2sqxsomd4uksy3q,1,t1keyd75eld8bvhtjn9r2sqxsomd4uksy3q,-
3058,minted,t1lckeea2rgmgawzafrvsyj5fnsbvejxujp,1,t1lckeea2rgmgawzafrvsyj5fnsbvejxujp,-
3062,minted,t1tm4ukzttclqbius6oqzhbb5wla9soo3ii,1,t1tm4ukzttclqbius6oqzhbb5wla9soo3ii,-
3063,minted,t1uijcpndrzgcmqlg67y8ld8xailbijq9ku,1,t1uijcpndrzgcmqlg67y8ld8xailbijq9ku,-
3064,minted,t1lckeea2rgmgawzafrvsyj5fnsbvejxujp,1,t1lckeea2rgmgawzafrvsyj5fnsbvejxujp,-
3065,minted,t1x8y4rmom1vwjsnddyczrx9aphsx9mdo3k,1,t1x8y4rmom1vwjsnddyczrx9aphsx9mdo3k,-
3067,minted,t1nveuzt6vcr9tm2p2xd1gxdbnwyo6rrd39,1,t1nveuzt6vcr9tm2p2xd1gxdbnwyo6rrd39,-
3068,minted,t1sjbaodtmts94hhndm1g6gsxs9r56r3fmi,1,t1sjbaodtmts94hhndm1g6gsxs9r56r3fmi,-
3075,minted,t1c9zdg3amocc9xwk4s522bp5c9ye5x4d6p,1,t1c9zdg3amocc9xwk4s522bp5c9ye5x4d6p,-
3080,minted,t1akqraypbyjua8kq2iduagz2fxswik7shh,1,t1akqraypbyjua8kq2iduagz2fxswik7shh,-
3081,minted,t1uijcpndrzgcmqlg67y8ld8xailbijq9ku,1,t1uijcpndrzgcmqlg67y8ld8xailbijq9ku,-
3083,minted,t1tm4ukzttclqbius6oqzhbb5wla9soo3ii,1,t1tm4ukzttclqbius6oqzhbb5wla9soo3ii,-
3084,minted,t1ackjtwvbsfgafminnbmneegdypv9g3gca,1,t1ackjtwvbsfgafminnbmneegdypv9g3gca,-
3086,minted,t1d7guc3dpm6udkueebf5lxbazbetnavxv3,1,t1d7guc3dpm6udkueebf5lxbazbetnavxv3,-
3087,minted,t1dfjru8b7hjg8t7zxhdcuctfffw7b71alt,1,t1dfjru8b7hjg8t7zxhdcuctfffw7b71alt,-
3088,minted,t1rnjbkm81ui7zsy2z2udyi7bil5xvjspvh,1,t1rnjbkm81ui7zsy2z2udyi7bil5xvjspvh,-
3089,minted,t1fcmnktgqtxnnsq9llfxityrj12uteieuk,1,t1fcmnktgqtxnnsq9llfxityrj12uteieuk,-
3090,minted,t1alunes1f8r7ps4wmmmecqrg2jdhgcryqk,1,t1alunes1f8r7ps4wmmmecqrg2jdhgcryqk,-
3091,minted,t1ackjtwvbsfgafminnbmneegdypv9g3gca,1,t1ackjtwvbsfgafminnbmneegdypv9g3gca,-
3093,minted,t1jvt6adsbpyma35n5p6zjiyjntu8abhw4z,1,t1jvt6adsbpyma35n5p6zjiyjntu8abhw4z,-
3094,minted,t1sl65eqxvgabrlsxfdtthepd4tjrvyneab,1,t1sl65eqxvgabrlsxfdtthepd4tjrvyneab,-
3095,minted,t1egohrhbvkcebhmzf9xvxfy86njvkjkssa,1,t1egohrhbvkcebhmzf9xvxfy86njvkjkssa,-
3098,minted,t1feeekduec8liqgczgjjrdeg8hegncfduw,1,t1feeekduec8liqgczgjjrdeg8hegncfduw,-
3104,minted,t1a7hvjbrse6vvorjndlqrau7kyjzcgqnk5,1,t1a7hvjbrse6vvorjndlqrau7kyjzcgqnk5,-
3105,minted,t1tm4ukzttclqbius6oqzhbb5wla9soo3ii,1,t1tm4ukzttclqbius6oqzhbb5wla9soo3ii,-
3106,minted,t1d1phzjprbfb6l3z7bpobkqdzjlavru3zb,1,t1d1phzjprbfb6l3z7bpobkqdzjlavru3zb,-
3110,minted,t1rgw6g813bmzoyvyd37iaewney6hditzvq,1,t1rgw6g813bmzoyvyd37iaewney6hditzvq,-
3111,minted,t1fygwxb9m6az4j3jftu52yeg2btdajqw5j,1,t1fygwxb9m6az4j3jftu52yeg2btdajqw5j,-
3112,minted,t1ceuykreawgbzptq5b4crcjswqgk3iwcvu,1,t1ceuykreawgbzptq5b4crcjswqgk3iwcvu,-
3115,minted,t1lz7kt1duyahmqzcuxp8jvrcvy1ps6so6e,1,t1lz7kt1duyahmqzcuxp8jvrcvy1ps6so6e,-
3116,minted,t1c9zdg3amocc9xwk4s522bp5c9ye5x4d6p,1,t1c9zdg3amocc9xwk4s522bp5c9ye5x4d6p,-
3117,minted,t1fym6ponzmhqgj1azpaimmy1wzligfzdwt,1,t1fym6ponzmhqgj1azpaimmy1wzligfzdwt,-
3119,minted,t1rmhswkzucw9ub1owuggjwv6lbrvbfxczv,1,t1rmhswkzucw9ub1owuggjwv6lbrvbfxczv,-
3121,minted,t1ry1amqjxbasfn4g54vejjhgfwhqyau6kq,1,t1ry1amqjxbasfn4g54vejjhgfwhqyau6kq,-
3125,minted,t1qpeclgkhmw4xgk2v6kaixumhjf5pehox1,1,t1qpeclgkhmw4xgk2v6kaixumhjf5pehox1,-
3126,minted,t1ra5rzwpgv2h197mszzuczzh3sqdq7yssl,1,t1ra5rzwpgv2h197mszzuczzh3sqdq7yssl,-
3127,minted,t1ackjtwvbsfgafminnbmneegdypv9g3gca,1,t1ackjtwvbsfgafminnbmneegdypv9g3gca,-
3129,minted,t1utwwsaslf2xhdaec4hnfbewky6k9e6yqi,1,t1utwwsaslf2xhdaec4hnfbewky6k9e6yqi,-
3130,minted,t1wsohyjrazyhjmzfvbxtrbwh1fo9iypbqx,1,t1wsohyjrazyhjmzfvbxtrbwh1fo9iypbqx,-
3131,minted,t1fygwxb9m6az4j3jftu52yeg2btdajqw5j,1,t1fygwxb9m6az4j3jftu52yeg2btdajqw5j,-
3132,minted,t1uwhgycnxruf62kfea3wefuetqlahxttqv,1,t1uwhgycnxruf62kfea3wefuetqlahxttqv,-
3134,minted,t1ra5rzwpgv2h197mszzuczzh3sqdq7yssl,1,t1ra5rzwpgv2h197mszzuczzh3sqdq7yssl,-
3136,minted,t1bqz7lcv5ca65pcubguiqdjfy4qhsvzbzz,1,t1bqz7lcv5ca65pcubguiqdjfy4qhsvzbzz,-
3137,minted,t1qunysptkw1jvmv2abfvljustmikybvfiy,1,t1qunysptkw1jvmv2abfvljustmikybvfiy,-
3138,minted,t1vxzayz2wtcgluk2rrlctxr5ivjzzfmluy,1,t1vxzayz2wtcgluk2rrlctxr5ivjzzfmluy,-
3140,minted,t1ugnmmfgvei3prgchynzyhugd5qysjpdcd,1,t1ugnmmfgvei3prgchynzyhugd5qysjpdcd,-
3141,minted,t1geadqaiqyvgaoog8vhocum1sq6scajdbe,1,t1geadqaiqyvgaoog8vhocum1sq6scajdbe,-
3143,minted,t1geadqaiqyvgaoog8vhocum1sq6scajdbe,1,t1geadqaiqyvgaoog8vhocum1sq6scajdbe,-
3144,minted,t1ev9bumx5osibnkbe22pqnkad7sbnv5qgo,1,t1ev9bumx5osibnkbe22pqnkad7sbnv5qgo,-
3145,minted,t1x8y4rmom1vwjsnddyczrx9aphsx9mdo3k,1,t1x8y4rmom1vwjsnddyczrx9aphsx9mdo3k,-
3146,minted,t1mn1hixkseswrzwe7jbk82flewryugjtc9,1,t1mn1hixkseswrzwe7jbk82flewryugjtc9,-
3148,minted,t1ad5mp7aux3fxfv5hwtjfeiihcdtb71smg,1,t1ad5mp7aux3fxfv5hwtjfeiihcdtb71smg,-
3149,minted,t1zuffvd1tk6pux9r8zbojyoajsmip5awra,1,t1zuffvd1tk6pux9r8zbojyoajsmip5awra,-
3152,minted,t1px7hlrau7co9lk3k81jcrntnilhrwgoxj,1,t1px7hlrau7co9lk3k81jcrntnilhrwgoxj,-
3153,minted,t1geadqaiqyvgaoog8vhocum1sq6scajdbe,1,t1geadqaiqyvgaoog8vhocum1sq6scajdbe,-
3155,minted,t1wjymzb8eklefe8jcxdxijvxwrbxybmig5,1,t1wjymzb8eklefe8jcxdxijvxwrbxybmig5,-
3157,minted,t1p9jplm6rkwlnnfe4b2ruvfngsqj38cmrz,1,t1p9jplm6rkwlnnfe4b2ruvfngsqj38cmrz,-
3158,minted,t1nmcjpeuqab3ghpbqpfzg7xypw3th4krnp,1,t1nmcjpeuqab3ghpbqpfzg7xypw3th4krnp,-
3160,minted,t1lakakmmjky8le5cmznkgdvcvvtnrkac8a,1,t1lakakmmjky8le5cmznkgdvcvvtnrkac8a,-
3163,minted,t1qlpbfcgqthby7gtqlcxjemd3unmdc17p9,1,t1qlpbfcgqthby7gtqlcxjemd3unmdc17p9,-
3164,minted,t1jdsfjfc6ydm63jvp9jtmykdxyyxrrtqek,1,t1jdsfjfc6ydm63jvp9jtmykdxyyxrrtqek,-
3166,minted,t1qlpbfcgqthby7gtqlcxjemd3unmdc17p9,1,t1qlpbfcgqthby7gtqlcxjemd3unmdc17p9,-
3168,minted,t1yhhkhqqqgtgr7fqa2ce1pcagqxwt5xwcy,1,t1yhhkhqqqgtgr7fqa2ce1pcagqxwt5xwcy,-
3171,minted,t1sqqn7d3fhvj1adwgfip6ebxtqjcngrwff,1,t1sqqn7d3fhvj1adwgfip6ebxtqjcngrwff,-
3172,minted,t1d1phzjprbfb6l3z7bpobkqdzjlavru3zb,1,t1d1phzjprbfb6l3z7bpobkqdzjlavru3zb,-
3174,minted,t1tmtfdgwqxtxoqrnvmosa6kadkayg4kf8n,1,t1tmtfdgwqxtxoqrnvmosa6kadkayg4kf8n,-
3175,minted,t1harykyjfctqhcswkwobfnqydrtpybcusz,1,t1harykyjfctqhcswkwobfnqydrtpybcusz,-
3176,minted,t1xkfohh7p3maxzgkou7zighxxzex8tx5tv,1,t1xkfohh7p3maxzgkou7zighxxzex8tx5tv,-
3178,minted,t1plr7emfb4ptjr3ydgkxtvvcx88vipczbg,1,t1plr7emfb4ptjr3ydgkxtvvcx88vipczbg,-
3179,minted,t1qr45sgpxm8tmdkcpb2ntxbkacl6mqdopq,1,t1qr45sgpxm8tmdkcpb2ntxbkacl6mqdopq,-
3182,minted,t1wmvgymhcviohvrozfxtkvmemy5bmuintt,1,t1wmvgymhcviohvrozfxtkvmemy5bmuintt,-
3183,minted,t1qbjuqt1hbqzrjjz9u4532oitwefqemvtp,1,t1qbjuqt1hbqzrjjz9u4532oitwefqemvtp,-
3184,minted,t1ugnmmfgvei3prgchynzyhugd5qysjpdcd,1,t1ugnmmfgvei3prgchynzyhugd5qysjpdcd,-
3189,minted,t1d7guc3dpm6udkueebf5lxbazbetnavxv3,1,t1d7guc3dpm6udkueebf5lxbazbetnavxv3,-
3192,minted,t1nveuzt6vcr9tm2p2xd1gxdbnwyo6rrd39,1,t1nveuzt6vcr9tm2p2xd1gxdbnwyo6rrd39,-
3193,minted,t1c9zdg3amocc9xwk4s522bp5c9ye5x4d6p,1,t1c9zdg3amocc9xwk4s522bp5c9ye5x4d6p,-
3195,minted,t1etsdpxd64kfqkr1jhgrjwaummz8gbfuuy,1,t1etsdpxd64kfqkr1jhgrjwaummz8gbfuuy,-
3199,minted,t1uwhgycnxruf62kfea3wefuetqlahxttqv,1,t1uwhgycnxruf62kfea3wefuetqlahxttqv,-
3203,minted,t1gfxpmbrdeohuwrzcrms99tghjuw7fufyu,1,t1gfxpmbrdeohuwrzcrms99tghjuw7fufyu,-
3204,minted,t1vnqzdvmveogfsmvu2hqbadttvlfre5fcr,1,t1vnqzdvmveogfsmvu2hqbadttvlfre5fcr,-
3205,minted,t1fcmnktgqtxnnsq9llfxityrj12uteieuk,1,t1fcmnktgqtxnnsq9llfxityrj12uteieuk,-
3215,minted,t1dggdv9xnrzge2juzmaxew28j7e217yu3g,1,t1dggdv9xnrzge2juzmaxew28j7e217yu3g,-
3216,minted,t1yhhkhqqqgtgr7fqa2ce1pcagqxwt5xwcy,1,t1yhhkhqqqgtgr7fqa2ce1pcagqxwt5xwcy,-
3224,minted,t1dggdv9xnrzge2juzmaxew28j7e217yu3g,1,t1dggdv9xnrzge2juzmaxew28j7e217yu3g,-
3225,minted,t1tuhpqkrnvjpjkj3yaenccecenarccfwgv,1,t1tuhpqkrnvjpjkj3yaenccecenarccfwgv,-
3226,minted,t1jrhuau8t1rw1wsv4llwox5c8vj6zdkyk6,1,t1jrhuau8t1rw1wsv4llwox5c8vj6zdkyk6,-
3227,minted,t1zvfc8q8ritdcmiyfuo4k1sytbf7fgtggs,1,t1zvfc8q8ritdcmiyfuo4k1sytbf7fgtggs,-
3228,minted,t1ranm3flfnubmddbgbmdajw4ia9arknlzu,1,t1ranm3flfnubmddbgbmdajw4ia9arknlzu,-
3232,minted,t1ra5rzwpgv2h197mszzuczzh3sqdq7yssl,1,t1ra5rzwpgv2h197mszzuczzh3sqdq7yssl,-
3233,minted,t1khhgjrucrrbn1jhnlz8ibmtok9tpidfui,1,t1khhgjrucrrbn1jhnlz8ibmtok9tpidfui,-
3238,minted,t1dvmn42ahlgqhk4eaqcg8hticmc7sdu4mn,1,t1dvmn42ahlgqhk4eaqcg8hticmc7sdu4mn,-
3239,minted,t1c3ko29zefpjjtwe5bqs44hkfzmmshqzj2,1,t1c3ko29zefpjjtwe5bqs44hkfzmmshqzj2,-
3240,minted,t1tm4ukzttclqbius6oqzhbb5wla9soo3ii,1,t1tm4ukzttclqbius6oqzhbb5wla9soo3ii,-
3241,minted,t1d1phzjprbfb6l3z7bpobkqdzjlavru3zb,1,t1d1phzjprbfb6l3z7bpobkqdzjlavru3zb,-
3243,minted,t1zuffvd1tk6pux9r8zbojyoajsmip5awra,1,t1zuffvd1tk6pux9r8zbojyoajsmip5awra,-
3244,minted,t1nveuzt6vcr9tm2p2xd1gxdbnwyo6rrd39,1,t1nveuzt6vcr9tm2p2xd1gxdbnwyo6rrd39,-
3245,minted,t1qunysptkw1jvmv2abfvljustmikybvfiy,1,t1qunysptkw1jvmv2abfvljustmikybvfiy,-
3246,minted,t1sg7teea9tkjymwsffeq3aqyczdvpknsny,1,t1sg7teea9tkjymwsffeq3aqyczdvpknsny,-
3247,minted,t1yvnhrmuhezqczspzi71yd8xk4xfywy5vg,1,t1yvnhrmuhezqczspzi71yd8xk4xfywy5vg,-
3249,minted,t1n9vkjsqqpvji45dbmsyqbf3oms6efzbav,1,t1n9vkjsqqpvji45dbmsyqbf3oms6efzbav,-
3250,minted,t1pwsn53ukb4e4zbf22ebcxlb7mw548bnjw,1,t1pwsn53ukb4e4zbf22ebcxlb7mw548bnjw,-
3254,minted,t1w4yxr8rtmgzkd25jgweywxqnem3llmxwq,1,t1w4yxr8rtmgzkd25jgweywxqnem3llmxwq,-
3256,minted,t1swxdgrkwwzgzchaqrn1u8n5sr6gsjtt11,1,t1swxdgrkwwzgzchaqrn1u8n5sr6gsjtt11,-
3257,minted,t1wdk8ftmqhutjtpqoftehpxunlkfuvyspm,1,t1wdk8ftmqhutjtpqoftehpxunlkfuvyspm,-
3258,minted,t1mn1hixkseswrzwe7jbk82flewryugjtc9,1,t1mn1hixkseswrzwe7jbk82flewryugjtc9,-
3260,minted,t1zfwtzgoeynlvrhvwtnc4ubbv95imdjg5f,1,t1zfwtzgoeynlvrhvwtnc4ubbv95imdjg5f,-
3263,minted,t1d1phzjprbfb6l3z7bpobkqdzjlavru3zb,1,t1d1phzjprbfb6l3z7bpobkqdzjlavru3zb,-
3267,minted,t1jdsfjfc6ydm63jvp9jtmykdxyyxrrtqek,1,t1jdsfjfc6ydm63jvp9jtmykdxyyxrrtqek,-
3268,minted,t1rzuxxwngrsk2wjkaaa5npsgm9x3dawtcf,1,t1rzuxxwngrsk2wjkaaa5npsgm9x3dawtcf,-
3269,minted,t1plr7emfb4ptjr3ydgkxtvvcx88vipczbg,1,t1plr7emfb4ptjr3ydgkxtvvcx88vipczbg,-
3271,minted,t1px7hlrau7co9lk3k81jcrntnilhrwgoxj,1,t1px7hlrau7co9lk3k81jcrntnilhrwgoxj,-
3273,minted,t1kcuw1npvr56on7dbzkddjob41akjlwe2h,1,t1kcuw1npvr56on7dbzkddjob41akjlwe2h,-
3274,minted,t1phbzxzsn1drjjezf6wmsujgxayy9h5daz,1,t1phbzxzsn1drjjezf6wmsujgxayy9h5daz,-
3275,minted,t1c9zdg3amocc9xwk4s522bp5c9ye5x4d6p,1,t1c9zdg3amocc9xwk4s522bp5c9ye5x4d6p,-
3277,minted,t1lakakmmjky8le5cmznkgdvcvvtnrkac8a,1,t1lakakmmjky8le5cmznkgdvcvvtnrkac8a,-
3278,minted,t1yezkfeppcwa16xtjkhfes91yzlcvkauvm,1,t1yezkfeppcwa16xtjkhfes91yzlcvkauvm,-
3279,minted,t1ppp9pu3ezkzjgu7cccmx1xsnxxxp3apas,1,t1ppp9pu3ezkzjgu7cccmx1xsnxxxp3apas,-
3281,minted,t1m1yuzl9gymphvw3pg2fcutjuidaiyk2g2,1,t1m1yuzl9gymphvw3pg2fcutjuidaiyk2g2,-
3282,minted,t1pk1uc5ma3yfs7jwim8pje8jqiv36b5eds,1,t1pk1uc5ma3yfs7jwim8pje8jqiv36b5eds,-
3285,minted,t1swxdgrkwwzgzchaqrn1u8n5sr6gsjtt11,1,t1swxdgrkwwzgzchaqrn1u8n5sr6gsjtt11,-
3286,minted,t1ezmafcocld3avqj6clnp9ecyjeey3bbgn,1,t1ezmafcocld3avqj6clnp9ecyjeey3bbgn,-
3287,minted,t1c4j1rmlwwpelu6xcjqb9zheujusethjcx,1,t1c4j1rmlwwpelu6xcjqb9zheujusethjcx,-
3288,minted,t1wdk8ftmqhutjtpqoftehpxunlkfuvyspm,1,t1wdk8ftmqhutjtpqoftehpxunlkfuvyspm,-
3289,minted,t1bqz7lcv5ca65pcubguiqdjfy4qhsvzbzz,1,t1bqz7lcv5ca65pcubguiqdjfy4qhsvzbzz,-
3290,minted,t1dmol5cxocwndah9cyqydl3ntxv3kh4ysd,1,t1dmol5cxocwndah9cyqydl3ntxv3kh4ysd,-
3291,minted,t1qbjuqt1hbqzrjjz9u4532oitwefqemvtp,1,t1qbjuqt1hbqzrjjz9u4532oitwefqemvtp,-
3292,failed,t1b4xybydvhinc2qasg9zgtdrqmxqyb6ax7,1,-,-
3294,minted,t1qunysptkw1jvmv2abfvljustmikybvfiy,1,t1qunysptkw1jvmv2abfvljustmikybvfiy,-
3295,minted,t1zuffvd1tk6pux9r8zbojyoajsmip5awra,1,t1zuffvd1tk6pux9r8zbojyoajsmip5awra,-
3297,minted,t1tdx3jecge1dd9pmzxuaphvjm5hyq2c7wn,1,t1tdx3jecge1dd9pmzxuaphvjm5hyq2c7wn,-
3300,minted,t1fcmnktgqtxnnsq9llfxityrj12uteieuk,1,t1fcmnktgqtxnnsq9llfxityrj12uteieuk,-
3301,minted,t1lz7kt1duyahmqzcuxp8jvrcvy1ps6so6e,1,t1lz7kt1duyahmqzcuxp8jvrcvy1ps6so6e,-
3303,minted,t1c3ko29zefpjjtwe5bqs44hkfzmmshqzj2,1,t1c3ko29zefpjjtwe5bqs44hkfzmmshqzj2,-
3306,minted,t1aphfzzmcujqhuenxl5odscmyv97ti5dwv,1,t1aphfzzmcujqhuenxl5odscmyv97ti5dwv,-
3307,minted,t1xkb2xu5cytyrh46mgtxqe9rbuvcwmdxbw,1,t1xkb2xu5cytyrh46mgtxqe9rbuvcwmdxbw,-
3308,minted,t1rgw6g813bmzoyvyd37iaewney6hditzvq,1,t1rgw6g813bmzoyvyd37iaewney6hditzvq,-
3309,minted,t1dmol5cxocwndah9cyqydl3ntxv3kh4ysd,1,t1dmol5cxocwndah9cyqydl3ntxv3kh4ysd,-
3310,minted,t1umuzozkqrbtaknbascznhnpqj7dxixrvq,1,t1umuzozkqrbtaknbascznhnpqj7dxixrvq,-
3312,minted,t1rjxectx3e63ydhaerxyynqck71mp117ty,1,t1rjxectx3e63ydhaerxyynqck71mp117ty,-
3313,minted,t1bqz7lcv5ca65pcubguiqdjfy4qhsvzbzz,1,t1bqz7lcv5ca65pcubguiqdjfy4qhsvzbzz,-
3314,minted,t1nmcjpeuqab3ghpbqpfzg7xypw3th4krnp,1,t1nmcjpeuqab3ghpbqpfzg7xypw3th4krnp,-
3318,minted,t1c9zdg3amocc9xwk4s522bp5c9ye5x4d6p,1,t1c9zdg3amocc9xwk4s522bp5c9ye5x4d6p,-
3320,minted,t1d1phzjprbfb6l3z7bpobkqdzjlavru3zb,1,t1d1phzjprbfb6l3z7bpobkqdzjlavru3zb,-
3326,minted,t1rjxectx3e63ydhaerxyynqck71mp117ty,1,t1rjxectx3e63ydhaerxyynqck71mp117ty,-
3329,minted,t1nmcjpeuqab3ghpbqpfzg7xypw3th4krnp,1,t1nmcjpeuqab3ghpbqpfzg7xypw3th4krnp,-
3331,minted,t1khhgjrucrrbn1jhnlz8ibmtok9tpidfui,1,t1khhgjrucrrbn1jhnlz8ibmtok9tpidfui,-
3333,minted,t1kcuw1npvr56on7dbzkddjob41akjlwe2h,1,t1kcuw1npvr56on7dbzkddjob41akjlwe2h,-
3334,minted,t1zvfc8q8ritdcmiyfuo4k1sytbf7fgtggs,1,t1zvfc8q8ritdcmiyfuo4k1sytbf7fgtggs,-
3335,minted,t1qupqtxglgncbo4msuegxdvjmbyunvptdb,1,t1qupqtxglgncbo4msuegxdvjmbyunvptdb,-
3336,minted,t1kdc4eo3wd5tid6pledtetlckl7ngo9zze,1,t1kdc4eo3wd5tid6pledtetlckl7ngo9zze,-
3338,minted,t1ykuy6z2glmjaashy5n38v1oglewysbcnz,1,t1ykuy6z2glmjaashy5n38v1oglewysbcnz,-
3339,minted,t1vxzayz2wtcgluk2rrlctxr5ivjzzfmluy,1,t1vxzayz2wtcgluk2rrlctxr5ivjzzfmluy,-
3344,minted,t1nveuzt6vcr9tm2p2xd1gxdbnwyo6rrd39,1,t1nveuzt6vcr9tm2p2xd1gxdbnwyo6rrd39,-
3346,minted,t1tm4ukzttclqbius6oqzhbb5wla9soo3ii,1,t1tm4ukzttclqbius6oqzhbb5wla9soo3ii,-
3347,minted,t1dfjru8b7hjg8t7zxhdcuctfffw7b71alt,1,t1dfjru8b7hjg8t7zxhdcuctfffw7b71alt,-
3348,minted,t1yvnhrmuhezqczspzi71yd8xk4xfywy5vg,1,t1yvnhrmuhezqczspzi71yd8xk4xfywy5vg,-
3349,minted,t1jdsfjfc6ydm63jvp9jtmykdxyyxrrtqek,1,t1jdsfjfc6ydm63jvp9jtmykdxyyxrrtqek,-
3351,minted,t1uwhgycnxruf62kfea3wefuetqlahxttqv,1,t1uwhgycnxruf62kfea3wefuetqlahxttqv,-
3354,minted,t1rnjbkm81ui7zsy2z2udyi7bil5xvjspvh,1,t1rnjbkm81ui7zsy2z2udyi7bil5xvjspvh,-
3356,minted,t1rjxectx3e63ydhaerxyynqck71mp117ty,1,t1rjxectx3e63ydhaerxyynqck71mp117ty,-
3358,minted,t1sjbaodtmts94hhndm1g6gsxs9r56r3fmi,1,t1sjbaodtmts94hhndm1g6gsxs9r56r3fmi,-
3361,minted,t1xszkmqptzube3nardgsxf4pdcctb5lac2,1,t1xszkmqptzube3nardgsxf4pdcctb5lac2,-
3363,minted,t1jdsfjfc6ydm63jvp9jtmykdxyyxrrtqek,1,t1jdsfjfc6ydm63jvp9jtmykdxyyxrrtqek,-
3364,minted,t1fygwxb9m6az4j3jftu52yeg2btdajqw5j,1,t1fygwxb9m6az4j3jftu52yeg2btdajqw5j,-
3365,minted,t1geadqaiqyvgaoog8vhocum1sq6scajdbe,1,t1geadqaiqyvgaoog8vhocum1sq6scajdbe,-
3368,minted,t1fcmnktgqtxnnsq9llfxityrj12uteieuk,1,t1fcmnktgqtxnnsq9llfxityrj12uteieuk,-
3369,minted,t1kcuw1npvr56on7dbzkddjob41akjlwe2h,1,t1kcuw1npvr56on7dbzkddjob41akjlwe2h,-
3370,minted,t1roxdrmb2qgdvzwejbtpl7assozek7uhnb,1,t1roxdrmb2qgdvzwejbtpl7assozek7uhnb,-
3372,minted,t1mbrhhk6cqac6m4qboz9muv9bkinymot5w,1,t1mbrhhk6cqac6m4qboz9muv9bkinymot5w,-
3373,minted,t1c4j1rmlwwpelu6xcjqb9zheujusethjcx,1,t1c4j1rmlwwpelu6xcjqb9zheujusethjcx,-
3374,minted,t1jdsfjfc6ydm63jvp9jtmykdxyyxrrtqek,1,t1jdsfjfc6ydm63jvp9jtmykdxyyxrrtqek,-
3375,minted,t1swxdgrkwwzgzchaqrn1u8n5sr6gsjtt11,1,t1swxdgrkwwzgzchaqrn1u8n5sr6gsjtt11,-
3376,minted,t1zefvvqfpioqts8ynnenemixu5ypmngtmd,1,t1zefvvqfpioqts8ynnenemixu5ypmngtmd,-
3377,minted,t1plr7emfb4ptjr3ydgkxtvvcx88vipczbg,1,t1plr7emfb4ptjr3ydgkxtvvcx88vipczbg,-
3380,minted,t1wdk8ftmqhutjtpqoftehpxunlkfuvyspm,1,t1wdk8ftmqhutjtpqoftehpxunlkfuvyspm,-
3381,minted,t1nveuzt6vcr9tm2p2xd1gxdbnwyo6rrd39,1,t1nveuzt6vcr9tm2p2xd1gxdbnwyo6rrd39,-
3382,minted,t1ad5mp7aux3fxfv5hwtjfeiihcdtb71smg,1,t1ad5mp7aux3fxfv5hwtjfeiihcdtb71smg,-
3383,minted,t1ev9bumx5osibnkbe22pqnkad7sbnv5qgo,1,t1ev9bumx5osibnkbe22pqnkad7sbnv5qgo,-
3384,minted,t1aphfzzmcujqhuenxl5odscmyv97ti5dwv,1,t1aphfzzmcujqhuenxl5odscmyv97ti5dwv,-
3385,minted,t1ry1amqjxbasfn4g54vejjhgfwhqyau6kq,1,t1ry1amqjxbasfn4g54vejjhgfwhqyau6kq,-
3386,minted,t1kcuw1npvr56on7dbzkddjob41akjlwe2h,1,t1kcuw1npvr56on7dbzkddjob41akjlwe2h,-
3387,minted,t1roxdrmb2qgdvzwejbtpl7assozek7uhnb,1,t1roxdrmb2qgdvzwejbtpl7assozek7uhnb,-
3389,minted,t1spxtuunzq1e2xuztdsaida2afxjutkyqf,1,t1spxtuunzq1e2xuztdsaida2afxjutkyqf,-
3390,minted,t1vlqp3zm55bd1ltecwhwyceev4gtkgfhyh,1,t1vlqp3zm55bd1ltecwhwyceev4gtkgfhyh,-
3396,minted,t1wwe8mf17ryho7niz6wlhriaxac5f8qymi,1,t1wwe8mf17ryho7niz6wlhriaxac5f8qymi,-
3398,minted,t1aoyfcesrkjk1rnovuiuwqjmtyynexta6l,1,t1aoyfcesrkjk1rnovuiuwqjmtyynexta6l,-
3399,minted,t1pym9hcnf7vl6jt4lnq1f3ko2jzzcqq9om,1,t1pym9hcnf7vl6jt4lnq1f3ko2jzzcqq9om,-
3400,minted,t1nmcjpeuqab3ghpbqpfzg7xypw3th4krnp,1,t1nmcjpeuqab3ghpbqpfzg7xypw3th4krnp,-
3402,minted,t1xkb2xu5cytyrh46mgtxqe9rbuvcwmdxbw,1,t1xkb2xu5cytyrh46mgtxqe9rbuvcwmdxbw,-
3403,minted,t1pudhqtsiqkwcge7gr3yo48b8ihw7s76ko,1,t1pudhqtsiqkwcge7gr3yo48b8ihw7s76ko,-
3404,minted,t1fdta8dvjokvjh6ihzwu6vkhepfks9ay9a,1,t1fdta8dvjokvjh6ihzwu6vkhepfks9ay9a,-
3405,minted,t1vnqzdvmveogfsmvu2hqbadttvlfre5fcr,1,t1vnqzdvmveogfsmvu2hqbadttvlfre5fcr,-
3408,minted,t1swxdgrkwwzgzchaqrn1u8n5sr6gsjtt11,1,t1swxdgrkwwzgzchaqrn1u8n5sr6gsjtt11,-
3409,minted,t1wjymzb8eklefe8jcxdxijvxwrbxybmig5,1,t1wjymzb8eklefe8jcxdxijvxwrbxybmig5,-
3410,minted,t1yvnhrmuhezqczspzi71yd8xk4xfywy5vg,1,t1yvnhrmuhezqczspzi71yd8xk4xfywy5vg,-
3411,minted,t1dfjru8b7hjg8t7zxhdcuctfffw7b71alt,1,t1dfjru8b7hjg8t7zxhdcuctfffw7b71alt,-
3413,minted,t1uwhgycnxruf62kfea3wefuetqlahxttqv,1,t1uwhgycnxruf62kfea3wefuetqlahxttqv,-
3415,minted,t1d1phzjprbfb6l3z7bpobkqdzjlavru3zb,1,t1d1phzjprbfb6l3z7bpobkqdzjlavru3zb,-
3416,minted,t1vimk2cvlaf4yf1cpkyw9zw2vqglla6pw9,1,t1vimk2cvlaf4yf1cpkyw9zw2vqglla6pw9,-
3419,minted,t1mn1hixkseswrzwe7jbk82flewryugjtc9,1,t1mn1hixkseswrzwe7jbk82flewryugjtc9,-
3420,minted,t1keyd75eld8bvhtjn9r2sqxsomd4uksy3q,1,t1keyd75eld8bvhtjn9r2sqxsomd4uksy3q,-
3421,minted,t1p9jplm6rkwlnnfe4b2ruvfngsqj38cmrz,1,t1p9jplm6rkwlnnfe4b2ruvfngsqj38cmrz,-
3422,minted,t1n2xu9lwtm2ht86utphhhi1umgppn6lfw5,1,t1n2xu9lwtm2ht86utphhhi1umgppn6lfw5,-
3423,minted,t1utwwsaslf2xhdaec4hnfbewky6k9e6yqi,1,t1utwwsaslf2xhdaec4hnfbewky6k9e6yqi,-
3425,minted,t1aphfzzmcujqhuenxl5odscmyv97ti5dwv,1,t1aphfzzmcujqhuenxl5odscmyv97ti5dwv,-
3426,minted,t1lakakmmjky8le5cmznkgdvcvvtnrkac8a,1,t1lakakmmjky8le5cmznkgdvcvvtnrkac8a,-
3427,minted,t1g797iuz3hzgkyxzuxjlukm7a8juqndwnv,1,t1g797iuz3hzgkyxzuxjlukm7a8juqndwnv,-
3429,minted,t1xkb2xu5cytyrh46mgtxqe9rbuvcwmdxbw,1,t1xkb2xu5cytyrh46mgtxqe9rbuvcwmdxbw,-
3430,minted,t1nveuzt6vcr9tm2p2xd1gxdbnwyo6rrd39,1,t1nveuzt6vcr9tm2p2xd1gxdbnwyo6rrd39,-
3431,minted,t1nveuzt6vcr9tm2p2xd1gxdbnwyo6rrd39,1,t1nveuzt6vcr9tm2p2xd1gxdbnwyo6rrd39,-
3432,minted,t1rgw6g813bmzoyvyd37iaewney6hditzvq,1,t1rgw6g813bmzoyvyd37iaewney6hditzvq,-
3433,minted,t1wsplngf6kmka6fx1n2bs7bgy6r1rsbzff,1,t1wsplngf6kmka6fx1n2bs7bgy6r1rsbzff,-
3434,minted,t1bqz7lcv5ca65pcubguiqdjfy4qhsvzbzz,1,t1bqz7lcv5ca65pcubguiqdjfy4qhsvzbzz,-
3436,minted,t1vu8wavcg1xe8qhdyowsmv2s9i63htj9sy,1,t1vu8wavcg1xe8qhdyowsmv2s9i63htj9sy,-
3439,minted,t1dfjru8b7hjg8t7zxhdcuctfffw7b71alt,1,t1dfjru8b7hjg8t7zxhdcuctfffw7b71alt,-
3440,minted,t1nveuzt6vcr9tm2p2xd1gxdbnwyo6rrd39,1,t1nveuzt6vcr9tm2p2xd1gxdbnwyo6rrd39,-
3441,minted,t1k1k3lvujfthpw1rx5gye1wt1w3nfffkuz,1,t1k1k3lvujfthpw1rx5gye1wt1w3nfffkuz,-
3443,minted,t1cufblk8osimwlfkpnt815kcsllnjqetwk,1,t1cufblk8osimwlfkpnt815kcsllnjqetwk,-
3445,minted,t1swxdgrkwwzgzchaqrn1u8n5sr6gsjtt11,1,t1swxdgrkwwzgzchaqrn1u8n5sr6gsjtt11,-
3448,minted,t1sjbaodtmts94hhndm1g6gsxs9r56r3fmi,1,t1sjbaodtmts94hhndm1g6gsxs9r56r3fmi,-
3449,minted,t1lrhgxugmpqro1hz8uuzxfsxysdaqg5kup,1,t1lrhgxugmpqro1hz8uuzxfsxysdaqg5kup,-
3450,minted,t1lckeea2rgmgawzafrvsyj5fnsbvejxujp,1,t1lckeea2rgmgawzafrvsyj5fnsbvejxujp,-
3451,minted,t1gfxpmbrdeohuwrzcrms99tghjuw7fufyu,1,t1gfxpmbrdeohuwrzcrms99tghjuw7fufyu,-
3452,minted,t1gvchfhecde9hjz5sqkitjjsc1ojqpdpak,1,t1gvchfhecde9hjz5sqkitjjsc1ojqpdpak,-
3453,minted,t1cufblk8osimwlfkpnt815kcsllnjqetwk,1,t1cufblk8osimwlfkpnt815kcsllnjqetwk,-
3455,minted,t1t954bo5mpnjpjqri544hnaazmwxuvgpmh,1,t1t954bo5mpnjpjqri544hnaazmwxuvgpmh,-
3458,minted,t1rzuxxwngrsk2wjkaaa5npsgm9x3dawtcf,1,t1rzuxxwngrsk2wjkaaa5npsgm9x3dawtcf,-
3461,minted,t1ackjtwvbsfgafminnbmneegdypv9g3gca,1,t1ackjtwvbsfgafminnbmneegdypv9g3gca,-
3463,minted,t1xkb2xu5cytyrh46mgtxqe9rbuvcwmdxbw,1,t1xkb2xu5cytyrh46mgtxqe9rbuvcwmdxbw,-
3464,minted,t1qbjuqt1hbqzrjjz9u4532oitwefqemvtp,1,t1qbjuqt1hbqzrjjz9u4532oitwefqemvtp,-
3465,minted,t1fulu1jlxahglec9lbpiuydcd9w89sbfvr,1,t1fulu1jlxahglec9lbpiuydcd9w89sbfvr,-
3466,minted,t1wup8b6wsaeewjbzszy5kfnvessbm8dhdj,1,t1wup8b6wsaeewjbzszy5kfnvessbm8dhdj,-
3467,minted,t1sjbaodtmts94hhndm1g6gsxs9r56r3fmi,1,t1sjbaodtmts94hhndm1g6gsxs9r56r3fmi,-
3472,minted,t1qhrzywphn7sbgbnrqfdohtkg6kjojogfd,1,t1qhrzywphn7sbgbnrqfdohtkg6kjojogfd,-
3475,minted,t1hd8yo89x2kkepbmtnc4sigq5uohoqpfjc,1,t1hd8yo89x2kkepbmtnc4sigq5uohoqpfjc,-
3477,minted,t1nveuzt6vcr9tm2p2xd1gxdbnwyo6rrd39,1,t1nveuzt6vcr9tm2p2xd1gxdbnwyo6rrd39,-
3478,minted,t1fcmnktgqtxnnsq9llfxityrj12uteieuk,1,t1fcmnktgqtxnnsq9llfxityrj12uteieuk,-
3479,minted,t1wjymzb8eklefe8jcxdxijvxwrbxybmig5,1,t1wjymzb8eklefe8jcxdxijvxwrbxybmig5,-
3485,minted,t1qz52qxsvz7coou2jjbkhuqhagui85j8sx,1,t1qz52qxsvz7coou2jjbkhuqhagui85j8sx,-
3486,minted,t1kpwnwxtu8wf5g5twdruqbnh4bi6tohrtn,1,t1kpwnwxtu8wf5g5twdruqbnh4bi6tohrtn,-
3487,minted,t1c2kcpjr9duwyeaxgkcryauwpgapspt44n,1,t1c2kcpjr9duwyeaxgkcryauwpgapspt44n,-
3488,minted,t1b4xybydvhinc2qasg9zgtdrqmxqyb6ax7,1,t1b4xybydvhinc2qasg9zgtdrqmxqyb6ax7,-
3489,minted,t1tqcxffgu5zraefnaa33hbh4bsfjjbv9rv,1,t1tqcxffgu5zraefnaa33hbh4bsfjjbv9rv,-
3491,minted,t1eytcrhqquhq1kr1rzqyc1zracih7cpewl,1,t1eytcrhqquhq1kr1rzqyc1zracih7cpewl,-
3492,minted,t1txxs8dib7vhs5nboltuxpjqehginxucez,1,t1txxs8dib7vhs5nboltuxpjqehginxucez,-
3494,minted,t1swxdgrkwwzgzchaqrn1u8n5sr6gsjtt11,1,t1swxdgrkwwzgzchaqrn1u8n5sr6gsjtt11,-
3495,minted,t1qpeclgkhmw4xgk2v6kaixumhjf5pehox1,1,t1qpeclgkhmw4xgk2v6kaixumhjf5pehox1,-
3503,minted,t1vxjd7iypy58chghwfrhmbnijefrkycbvn,1,t1vxjd7iypy58chghwfrhmbnijefrkycbvn,-
3505,minted,t1keyd75eld8bvhtjn9r2sqxsomd4uksy3q,1,t1keyd75eld8bvhtjn9r2sqxsomd4uksy3q,-
3506,minted,t1uwhgycnxruf62kfea3wefuetqlahxttqv,1,t1uwhgycnxruf62kfea3wefuetqlahxttqv,-
3509,minted,t1ackjtwvbsfgafminnbmneegdypv9g3gca,1,t1ackjtwvbsfgafminnbmneegdypv9g3gca,-
3511,minted,t1rjxectx3e63ydhaerxyynqck71mp117ty,1,t1rjxectx3e63ydhaerxyynqck71mp117ty,-
3512,minted,t1tdwjklmpx8k3pykwzyamcydtw24agjuus,1,t1tdwjklmpx8k3pykwzyamcydtw24agjuus,-
3515,minted,t1fcmnktgqtxnnsq9llfxityrj12uteieuk,1,t1fcmnktgqtxnnsq9llfxityrj12uteieuk,-
3518,minted,t1nveuzt6vcr9tm2p2xd1gxdbnwyo6rrd39,1,t1nveuzt6vcr9tm2p2xd1gxdbnwyo6rrd39,-
3521,minted,t1sn6q8wbuc1a2s7tjdbjzcqcti8uqutseq,1,t1sn6q8wbuc1a2s7tjdbjzcqcti8uqutseq,-
3522,minted,t1kcuw1npvr56on7dbzkddjob41akjlwe2h,1,t1kcuw1npvr56on7dbzkddjob41akjlwe2h,-
3523,minted,t1qbjuqt1hbqzrjjz9u4532oitwefqemvtp,1,t1qbjuqt1hbqzrjjz9u4532oitwefqemvtp,-
3524,minted,t1ugnmmfgvei3prgchynzyhugd5qysjpdcd,1,t1ugnmmfgvei3prgchynzyhugd5qysjpdcd,-
3525,minted,t1ackjtwvbsfgafminnbmneegdypv9g3gca,1,t1ackjtwvbsfgafminnbmneegdypv9g3gca,-
3527,minted,t1fygwxb9m6az4j3jftu52yeg2btdajqw5j,1,t1fygwxb9m6az4j3jftu52yeg2btdajqw5j,-
3530,minted,t1uijcpndrzgcmqlg67y8ld8xailbijq9ku,1,t1uijcpndrzgcmqlg67y8ld8xailbijq9ku,-
3531,minted,t1uwhgycnxruf62kfea3wefuetqlahxttqv,1,t1uwhgycnxruf62kfea3wefuetqlahxttqv,-
3533,minted,t1vaehdcmet6fn2nqxc2wufegjj9tnizcz1,1,t1vaehdcmet6fn2nqxc2wufegjj9tnizcz1,-
3534,minted,t1b4xybydvhinc2qasg9zgtdrqmxqyb6ax7,1,t1b4xybydvhinc2qasg9zgtdrqmxqyb6ax7,-
3536,minted,t1cufblk8osimwlfkpnt815kcsllnjqetwk,1,t1cufblk8osimwlfkpnt815kcsllnjqetwk,-
3537,minted,t1rgw6g813bmzoyvyd37iaewney6hditzvq,1,t1rgw6g813bmzoyvyd37iaewney6hditzvq,-
3538,minted,t1vnqzdvmveogfsmvu2hqbadttvlfre5fcr,1,t1vnqzdvmveogfsmvu2hqbadttvlfre5fcr,-
3543,minted,t1pyrvmpavfagheyp743brdnnjgdyzedsn3,1,t1pyrvmpavfagheyp743brdnnjgdyzedsn3,-
3544,minted,t1uwhgycnxruf62kfea3wefuetqlahxttqv,1,t1uwhgycnxruf62kfea3wefuetqlahxttqv,-
3545,minted,t1vnqzdvmveogfsmvu2hqbadttvlfre5fcr,1,t1vnqzdvmveogfsmvu2hqbadttvlfre5fcr,-
3546,minted,t1px7hlrau7co9lk3k81jcrntnilhrwgoxj,1,t1px7hlrau7co9lk3k81jcrntnilhrwgoxj,-
3549,minted,t1rnjbkm81ui7zsy2z2udyi7bil5xvjspvh,1,t1rnjbkm81ui7zsy2z2udyi7bil5xvjspvh,-
3550,minted,t1xkb2xu5cytyrh46mgtxqe9rbuvcwmdxbw,1,t1xkb2xu5cytyrh46mgtxqe9rbuvcwmdxbw,-
3555,minted,t1uijcpndrzgcmqlg67y8ld8xailbijq9ku,1,t1uijcpndrzgcmqlg67y8ld8xailbijq9ku,-
3557,minted,t1fcmnktgqtxnnsq9llfxityrj12uteieuk,1,t1fcmnktgqtxnnsq9llfxityrj12uteieuk,-
3558,minted,t1ry1amqjxbasfn4g54vejjhgfwhqyau6kq,1,t1ry1amqjxbasfn4g54vejjhgfwhqyau6kq,-
3560,minted,t1lakakmmjky8le5cmznkgdvcvvtnrkac8a,1,t1lakakmmjky8le5cmznkgdvcvvtnrkac8a,-
3565,minted,t1sg7teea9tkjymwsffeq3aqyczdvpknsny,1,t1sg7teea9tkjymwsffeq3aqyczdvpknsny,-
3567,minted,t1pyrvmpavfagheyp743brdnnjgdyzedsn3,1,t1pyrvmpavfagheyp743brdnnjgdyzedsn3,-
3569,minted,t1z2bqfbjjxavofvagz4s2l3asowczytznu,1,t1z2bqfbjjxavofvagz4s2l3asowczytznu,-
3572,minted,t1nveuzt6vcr9tm2p2xd1gxdbnwyo6rrd39,1,t1nveuzt6vcr9tm2p2xd1gxdbnwyo6rrd39,-
3574,minted,t1k6zlqemuuuh7y2tzmnybqtkztmzt4kz5z,1,t1k6zlqemuuuh7y2tzmnybqtkztmzt4kz5z,-
3579,minted,t1cmtwxqkfufwwvtehvygzvpnbyrxc2hqdu,1,t1cmtwxqkfufwwvtehvygzvpnbyrxc2hqdu,-
3580,minted,t1khhgjrucrrbn1jhnlz8ibmtok9tpidfui,1,t1khhgjrucrrbn1jhnlz8ibmtok9tpidfui,-
3581,minted,t1rn9twhetr1qorngpsri97eljaymkuz6ez,1,t1rn9twhetr1qorngpsri97eljaymkuz6ez,-
3583,minted,t1qbjuqt1hbqzrjjz9u4532oitwefqemvtp,1,t1qbjuqt1hbqzrjjz9u4532oitwefqemvtp,-
3585,minted,t1rgw6g813bmzoyvyd37iaewney6hditzvq,1,t1rgw6g813bmzoyvyd37iaewney6hditzvq,-
3586,minted,t1uijcpndrzgcmqlg67y8ld8xailbijq9ku,1,t1uijcpndrzgcmqlg67y8ld8xailbijq9ku,-
3587,minted,t1eeycfbwbu2fm3fztxs4iufljukzbnqpdg,1,t1eeycfbwbu2fm3fztxs4iufljukzbnqpdg,-
3588,minted,t1rgw6g813bmzoyvyd37iaewney6hditzvq,1,t1rgw6g813bmzoyvyd37iaewney6hditzvq,-
3589,minted,t1yjskwibrp2r3pfsrvhuxbgekfiizawzh2,1,t1yjskwibrp2r3pfsrvhuxbgekfiizawzh2,-
3590,minted,t1k1k3lvujfthpw1rx5gye1wt1w3nfffkuz,1,t1k1k3lvujfthpw1rx5gye1wt1w3nfffkuz,-
3591,minted,t1c3ko29zefpjjtwe5bqs44hkfzmmshqzj2,1,t1c3ko29zefpjjtwe5bqs44hkfzmmshqzj2,-
3592,minted,t1qbjuqt1hbqzrjjz9u4532oitwefqemvtp,1,t1qbjuqt1hbqzrjjz9u4532oitwefqemvtp,-
3593,minted,t1g797iuz3hzgkyxzuxjlukm7a8juqndwnv,1,t1g797iuz3hzgkyxzuxjlukm7a8juqndwnv,-
3595,minted,t1eqrq34pr3zkecprjvanrxmpdpxt32j8tv,1,t1eqrq34pr3zkecprjvanrxmpdpxt32j8tv,-
3597,minted,t1swxdgrkwwzgzchaqrn1u8n5sr6gsjtt11,1,t1swxdgrkwwzgzchaqrn1u8n5sr6gsjtt11,-
3599,minted,t1zuffvd1tk6pux9r8zbojyoajsmip5awra,1,t1zuffvd1tk6pux9r8zbojyoajsmip5awra,-
3600,minted,t1xkb2xu5cytyrh46mgtxqe9rbuvcwmdxbw,1,t1xkb2xu5cytyrh46mgtxqe9rbuvcwmdxbw,-
3602,minted,t1nveuzt6vcr9tm2p2xd1gxdbnwyo6rrd39,1,t1nveuzt6vcr9tm2p2xd1gxdbnwyo6rrd39,-
3603,minted,t1pudhqtsiqkwcge7gr3yo48b8ihw7s76ko,1,t1pudhqtsiqkwcge7gr3yo48b8ihw7s76ko,-
3604,minted,t1umuzozkqrbtaknbascznhnpqj7dxixrvq,1,t1umuzozkqrbtaknbascznhnpqj7dxixrvq,-
3605,minted,t1g797iuz3hzgkyxzuxjlukm7a8juqndwnv,1,t1g797iuz3hzgkyxzuxjlukm7a8juqndwnv,-
3606,minted,t1cufblk8osimwlfkpnt815kcsllnjqetwk,1,t1cufblk8osimwlfkpnt815kcsllnjqetwk,-
3607,minted,t1kcuw1npvr56on7dbzkddjob41akjlwe2h,1,t1kcuw1npvr56on7dbzkddjob41akjlwe2h,-
3610,minted,t1knsuhktchkune9j2m7v5sehutqg5udzdf,1,t1knsuhktchkune9j2m7v5sehutqg5udzdf,-
3611,minted,t1k1k3lvujfthpw1rx5gye1wt1w3nfffkuz,1,t1k1k3lvujfthpw1rx5gye1wt1w3nfffkuz,-
3612,minted,t1roxdrmb2qgdvzwejbtpl7assozek7uhnb,1,t1roxdrmb2qgdvzwejbtpl7assozek7uhnb,-
3613,minted,t1harykyjfctqhcswkwobfnqydrtpybcusz,1,t1harykyjfctqhcswkwobfnqydrtpybcusz,-
3614,minted,t1vxzayz2wtcgluk2rrlctxr5ivjzzfmluy,1,t1vxzayz2wtcgluk2rrlctxr5ivjzzfmluy,-
3615,minted,t1nveuzt6vcr9tm2p2xd1gxdbnwyo6rrd39,1,t1nveuzt6vcr9tm2p2xd1gxdbnwyo6rrd39,-
3616,minted,t1lckeea2rgmgawzafrvsyj5fnsbvejxujp,1,t1lckeea2rgmgawzafrvsyj5fnsbvejxujp,-
3619,minted,t1lz7kt1duyahmqzcuxp8jvrcvy1ps6so6e,1,t1lz7kt1duyahmqzcuxp8jvrcvy1ps6so6e,-
3621,minted,t1qz52qxsvz7coou2jjbkhuqhagui85j8sx,1,t1qz52qxsvz7coou2jjbkhuqhagui85j8sx,-
3622,minted,t1tm4ckf29ikxbctrub9f2udckawtb5aiyz,1,t1tm4ckf29ikxbctrub9f2udckawtb5aiyz,-
3623,minted,t1px7hlrau7co9lk3k81jcrntnilhrwgoxj,1,t1px7hlrau7co9lk3k81jcrntnilhrwgoxj,-
3624,minted,t1qyfewbckpqy1q8ck5f5g2yv69urgdtdab,1,t1qyfewbckpqy1q8ck5f5g2yv69urgdtdab,-
3625,minted,t1tdwjklmpx8k3pykwzyamcydtw24agjuus,1,t1tdwjklmpx8k3pykwzyamcydtw24agjuus,-
3626,minted,t1ugnmmfgvei3prgchynzyhugd5qysjpdcd,1,t1ugnmmfgvei3prgchynzyhugd5qysjpdcd,-
3629,minted,t1qbjuqt1hbqzrjjz9u4532oitwefqemvtp,1,t1qbjuqt1hbqzrjjz9u4532oitwefqemvtp,-
3630,minted,t1fcmnktgqtxnnsq9llfxityrj12uteieuk,1,t1fcmnktgqtxnnsq9llfxityrj12uteieuk,-
3633,minted,t1feeekduec8liqgczgjjrdeg8hegncfduw,1,t1feeekduec8liqgczgjjrdeg8hegncfduw,-
3634,minted,t1rjxectx3e63ydhaerxyynqck71mp117ty,1,t1rjxectx3e63ydhaerxyynqck71mp117ty,-
3639,minted,t1rzuxxwngrsk2wjkaaa5npsgm9x3dawtcf,1,t1rzuxxwngrsk2wjkaaa5npsgm9x3dawtcf,-
3640,minted,t1px7hlrau7co9lk3k81jcrntnilhrwgoxj,1,t1px7hlrau7co9lk3k81jcrntnilhrwgoxj,-
3641,minted,t1ktzbkl1xvd9ddw3zpvjmwzwdkd4nsdfs1,1,t1ktzbkl1xvd9ddw3zpvjmwzwdkd4nsdfs1,-
3642,minted,t1d1phzjprbfb6l3z7bpobkqdzjlavru3zb,1,t1d1phzjprbfb6l3z7bpobkqdzjlavru3zb,-
3644,minted,t1jdsfjfc6ydm63jvp9jtmykdxyyxrrtqek,1,t1jdsfjfc6ydm63jvp9jtmykdxyyxrrtqek,-
3647,failed,t1b4xybydvhinc2qasg9zgtdrqmxqyb6ax7,1,-,-
3653,minted,t1ldpz7hjrtq2ungknph3lf8ihehlsmebsv,1,t1ldpz7hjrtq2ungknph3lf8ihehlsmebsv,-
3655,minted,t1sl65eqxvgabrlsxfdtthepd4tjrvyneab,1,t1sl65eqxvgabrlsxfdtthepd4tjrvyneab,-
3656,minted,t1geadqaiqyvgaoog8vhocum1sq6scajdbe,1,t1geadqaiqyvgaoog8vhocum1sq6scajdbe,-
3657,minted,t1cufblk8osimwlfkpnt815kcsllnjqetwk,1,t1cufblk8osimwlfkpnt815kcsllnjqetwk,-
3661,minted,t1vf4k61qeseulhxpzkjch3nb3q1vw6fvx9,1,t1vf4k61qeseulhxpzkjch3nb3q1vw6fvx9,-
3662,minted,t1t954bo5mpnjpjqri544hnaazmwxuvgpmh,1,t1t954bo5mpnjpjqri544hnaazmwxuvgpmh,-
3664,minted,t1dmol5cxocwndah9cyqydl3ntxv3kh4ysd,1,t1dmol5cxocwndah9cyqydl3ntxv3kh4ysd,-
3665,minted,t1ls3lszpnhsc73sva1vxdteuwkprr9xwmv,1,t1ls3lszpnhsc73sva1vxdteuwkprr9xwmv,-
3667,minted,t1zvfc8q8ritdcmiyfuo4k1sytbf7fgtggs,1,t1zvfc8q8ritdcmiyfuo4k1sytbf7fgtggs,-
3668,minted,t1tm3cakrhdvy2bdakoqgtkyea4qed9qda8,1,t1tm3cakrhdvy2bdakoqgtkyea4qed9qda8,-
3669,minted,t1kcuw1npvr56on7dbzkddjob41akjlwe2h,1,t1kcuw1npvr56on7dbzkddjob41akjlwe2h,-
3671,minted,t1d1phzjprbfb6l3z7bpobkqdzjlavru3zb,1,t1d1phzjprbfb6l3z7bpobkqdzjlavru3zb,-
3672,minted,t1fym6ponzmhqgj1azpaimmy1wzligfzdwt,1,t1fym6ponzmhqgj1azpaimmy1wzligfzdwt,-
3677,minted,t1t6vyuq11ez6hmc5cfwwtwo4dxkcq49wcj,1,t1t6vyuq11ez6hmc5cfwwtwo4dxkcq49wcj,-
3678,minted,t1nm4oskqee2qkltjqghsfc9fgqroet3h6y,1,t1nm4oskqee2qkltjqghsfc9fgqroet3h6y,-
3680,minted,t1g797iuz3hzgkyxzuxjlukm7a8juqndwnv,1,t1g797iuz3hzgkyxzuxjlukm7a8juqndwnv,-
3683,minted,t1tdwjklmpx8k3pykwzyamcydtw24agjuus,1,t1tdwjklmpx8k3pykwzyamcydtw24agjuus,-
3684,minted,t1qbjuqt1hbqzrjjz9u4532oitwefqemvtp,1,t1qbjuqt1hbqzrjjz9u4532oitwefqemvtp,-
3685,minted,t1y7dtde9rxmxgbxrqlk9vsraqztczp89m1,1,t1y7dtde9rxmxgbxrqlk9vsraqztczp89m1,-
3687,minted,t1rbb2dc8ytb7ceuwjr3vuspcmdr5k2epnb,1,t1rbb2dc8ytb7ceuwjr3vuspcmdr5k2epnb,-
3688,minted,t1fcmnktgqtxnnsq9llfxityrj12uteieuk,1,t1fcmnktgqtxnnsq9llfxityrj12uteieuk,-
3690,minted,t1dgqmeqinlpff487bh9pqoqdkm7faxk554,1,t1dgqmeqinlpff487bh9pqoqdkm7faxk554,-
3691,minted,t1sg7teea9tkjymwsffeq3aqyczdvpknsny,1,t1sg7teea9tkjymwsffeq3aqyczdvpknsny,-
3692,minted,t1mhq2en1mz5gges8ywfszckbkms2fgq65h,1,t1mhq2en1mz5gges8ywfszckbkms2fgq65h,-
3695,minted,t1wsohyjrazyhjmzfvbxtrbwh1fo9iypbqx,1,t1wsohyjrazyhjmzfvbxtrbwh1fo9iypbqx,-
3696,minted,t1umuzozkqrbtaknbascznhnpqj7dxixrvq,1,t1umuzozkqrbtaknbascznhnpqj7dxixrvq,-
3697,minted,t1nveuzt6vcr9tm2p2xd1gxdbnwyo6rrd39,1,t1nveuzt6vcr9tm2p2xd1gxdbnwyo6rrd39,-
3698,minted,t1mesgayna3uxewakpuyhh464vyffvtchvv,1,t1mesgayna3uxewakpuyhh464vyffvtchvv,-
3701,minted,t1wuc9smduamu6tphqqkn5nhkq9jcfwljzv,1,t1wuc9smduamu6tphqqkn5nhkq9jcfwljzv,-
3703,minted,t1ncm6d3y4b2mggbds5anvzs1cgvzjoch5k,1,t1ncm6d3y4b2mggbds5anvzs1cgvzjoch5k,-
3704,minted,t1sn6q8wbuc1a2s7tjdbjzcqcti8uqutseq,1,t1sn6q8wbuc1a2s7tjdbjzcqcti8uqutseq,-
3705,minted,t1n9vkjsqqpvji45dbmsyqbf3oms6efzbav,1,t1n9vkjsqqpvji45dbmsyqbf3oms6efzbav,-
3708,minted,t1d7guc3dpm6udkueebf5lxbazbetnavxv3,1,t1d7guc3dpm6udkueebf5lxbazbetnavxv3,-
3709,minted,t1dfjru8b7hjg8t7zxhdcuctfffw7b71alt,1,t1dfjru8b7hjg8t7zxhdcuctfffw7b71alt,-
3710,minted,t1mn1hixkseswrzwe7jbk82flewryugjtc9,1,t1mn1hixkseswrzwe7jbk82flewryugjtc9,-
3712,minted,t1xkb2xu5cytyrh46mgtxqe9rbuvcwmdxbw,1,t1xkb2xu5cytyrh46mgtxqe9rbuvcwmdxbw,-
3713,minted,t1jvt6adsbpyma35n5p6zjiyjntu8abhw4z,1,t1jvt6adsbpyma35n5p6zjiyjntu8abhw4z,-
3714,minted,t1zuffvd1tk6pux9r8zbojyoajsmip5awra,1,t1zuffvd1tk6pux9r8zbojyoajsmip5awra,-
3718,minted,t1xkmdryc22kstmiishiddayq1tzbar1sgu,1,t1xkmdryc22kstmiishiddayq1tzbar1sgu,-
3721,minted,t1eqrq34pr3zkecprjvanrxmpdpxt32j8tv,1,t1eqrq34pr3zkecprjvanrxmpdpxt32j8tv,-
3722,minted,t1sg7teea9tkjymwsffeq3aqyczdvpknsny,1,t1sg7teea9tkjymwsffeq3aqyczdvpknsny,-
3723,minted,t1k1k3lvujfthpw1rx5gye1wt1w3nfffkuz,1,t1k1k3lvujfthpw1rx5gye1wt1w3nfffkuz,-
3726,minted,t1yhhkhqqqgtgr7fqa2ce1pcagqxwt5xwcy,1,t1yhhkhqqqgtgr7fqa2ce1pcagqxwt5xwcy,-
3727,minted,t1y7dtde9rxmxgbxrqlk9vsraqztczp89m1,1,t1y7dtde9rxmxgbxrqlk9vsraqztczp89m1,-
3728,minted,t1d7guc3dpm6udkueebf5lxbazbetnavxv3,1,t1d7guc3dpm6udkueebf5lxbazbetnavxv3,-
3730,minted,t1bqz7lcv5ca65pcubguiqdjfy4qhsvzbzz,1,t1bqz7lcv5ca65pcubguiqdjfy4qhsvzbzz,-
3731,minted,t1vlqp3zm55bd1ltecwhwyceev4gtkgfhyh,1,t1vlqp3zm55bd1ltecwhwyceev4gtkgfhyh,-
3732,minted,t1lckeea2rgmgawzafrvsyj5fnsbvejxujp,1,t1lckeea2rgmgawzafrvsyj5fnsbvejxujp,-
3734,minted,t1vf4k61qeseulhxpzkjch3nb3q1vw6fvx9,1,t1vf4k61qeseulhxpzkjch3nb3q1vw6fvx9,-
3735,minted,t1vimk2cvlaf4yf1cpkyw9zw2vqglla6pw9,1,t1vimk2cvlaf4yf1cpkyw9zw2vqglla6pw9,-
3736,minted,t1vxzayz2wtcgluk2rrlctxr5ivjzzfmluy,1,t1vxzayz2wtcgluk2rrlctxr5ivjzzfmluy,-
3737,minted,t1nmcjpeuqab3ghpbqpfzg7xypw3th4krnp,1,t1nmcjpeuqab3ghpbqpfzg7xypw3th4krnp,-
3739,minted,t1rtxvnmfpjf5xrcdmceizvffpk2fxyjpte,1,t1rtxvnmfpjf5xrcdmceizvffpk2fxyjpte,-
3742,minted,t1keyd75eld8bvhtjn9r2sqxsomd4uksy3q,1,t1keyd75eld8bvhtjn9r2sqxsomd4uksy3q,-
3743,minted,t1pym9hcnf7vl6jt4lnq1f3ko2jzzcqq9om,1,t1pym9hcnf7vl6jt4lnq1f3ko2jzzcqq9om,-
3745,minted,t1qunysptkw1jvmv2abfvljustmikybvfiy,1,t1qunysptkw1jvmv2abfvljustmikybvfiy,-
3748,minted,t1b4xybydvhinc2qasg9zgtdrqmxqyb6ax7,1,t1b4xybydvhinc2qasg9zgtdrqmxqyb6ax7,-
3749,minted,t1px7hlrau7co9lk3k81jcrntnilhrwgoxj,1,t1px7hlrau7co9lk3k81jcrntnilhrwgoxj,-
3750,minted,t1lrhgxugmpqro1hz8uuzxfsxysdaqg5kup,1,t1lrhgxugmpqro1hz8uuzxfsxysdaqg5kup,-
3753,minted,t1wup8b6wsaeewjbzszy5kfnvessbm8dhdj,1,t1wup8b6wsaeewjbzszy5kfnvessbm8dhdj,-
3754,minted,t1feeekduec8liqgczgjjrdeg8hegncfduw,1,t1feeekduec8liqgczgjjrdeg8hegncfduw,-
3756,minted,t1k1k3lvujfthpw1rx5gye1wt1w3nfffkuz,1,t1k1k3lvujfthpw1rx5gye1wt1w3nfffkuz,-
3757,minted,t1nveuzt6vcr9tm2p2xd1gxdbnwyo6rrd39,1,t1nveuzt6vcr9tm2p2xd1gxdbnwyo6rrd39,-
3759,minted,t1edeayny2lzdrdyy65r37opkpnkhaoeazy,1,t1edeayny2lzdrdyy65r37opkpnkhaoeazy,-
3760,minted,t1aphfzzmcujqhuenxl5odscmyv97ti5dwv,1,t1aphfzzmcujqhuenxl5odscmyv97ti5dwv,-
3761,minted,t1sn6q8wbuc1a2s7tjdbjzcqcti8uqutseq,1,t1sn6q8wbuc1a2s7tjdbjzcqcti8uqutseq,-
3763,minted,t1w4yxr8rtmgzkd25jgweywxqnem3llmxwq,1,t1w4yxr8rtmgzkd25jgweywxqnem3llmxwq,-
3766,minted,t1xkmdryc22kstmiishiddayq1tzbar1sgu,1,t1xkmdryc22kstmiishiddayq1tzbar1sgu,-
3768,minted,t1lakakmmjky8le5cmznkgdvcvvtnrkac8a,1,t1lakakmmjky8le5cmznkgdvcvvtnrkac8a,-
3770,minted,t1khhgjrucrrbn1jhnlz8ibmtok9tpidfui,1,t1khhgjrucrrbn1jhnlz8ibmtok9tpidfui,-
3771,minted,t1umuzozkqrbtaknbascznhnpqj7dxixrvq,1,t1umuzozkqrbtaknbascznhnpqj7dxixrvq,-
3773,minted,t1tmtfdgwqxtxoqrnvmosa6kadkayg4kf8n,1,t1tmtfdgwqxtxoqrnvmosa6kadkayg4kf8n,-
3775,minted,t1qyfewbckpqy1q8ck5f5g2yv69urgdtdab,1,t1qyfewbckpqy1q8ck5f5g2yv69urgdtdab,-
3776,minted,t1tm4ukzttclqbius6oqzhbb5wla9soo3ii,1,t1tm4ukzttclqbius6oqzhbb5wla9soo3ii,-
3777,minted,t1cufblk8osimwlfkpnt815kcsllnjqetwk,1,t1cufblk8osimwlfkpnt815kcsllnjqetwk,-
3778,minted,t1vimk2cvlaf4yf1cpkyw9zw2vqglla6pw9,1,t1vimk2cvlaf4yf1cpkyw9zw2vqglla6pw9,-
3779,minted,t1zuffvd1tk6pux9r8zbojyoajsmip5awra,1,t1zuffvd1tk6pux9r8zbojyoajsmip5awra,-
3784,minted,t1mn1hixkseswrzwe7jbk82flewryugjtc9,1,t1mn1hixkseswrzwe7jbk82flewryugjtc9,-
3786,minted,t1vf4k61qeseulhxpzkjch3nb3q1vw6fvx9,1,t1vf4k61qeseulhxpzkjch3nb3q1vw6fvx9,-
3787,minted,t1ad5mp7aux3fxfv5hwtjfeiihcdtb71smg,1,t1ad5mp7aux3fxfv5hwtjfeiihcdtb71smg,-
3788,minted,t1wsplngf6kmka6fx1n2bs7bgy6r1rsbzff,1,t1wsplngf6kmka6fx1n2bs7bgy6r1rsbzff,-
3789,minted,t1ackjtwvbsfgafminnbmneegdypv9g3gca,1,t1ackjtwvbsfgafminnbmneegdypv9g3gca,-
3790,minted,t1px7hlrau7co9lk3k81jcrntnilhrwgoxj,1,t1px7hlrau7co9lk3k81jcrntnilhrwgoxj,-
3791,minted,t1c9zdg3amocc9xwk4s522bp5c9ye5x4d6p,1,t1c9zdg3amocc9xwk4s522bp5c9ye5x4d6p,-
3795,minted,t1rn9twhetr1qorngpsri97eljaymkuz6ez,1,t1rn9twhetr1qorngpsri97eljaymkuz6ez,-
3797,minted,t1ceuykreawgbzptq5b4crcjswqgk3iwcvu,1,t1ceuykreawgbzptq5b4crcjswqgk3iwcvu,-
3798,minted,t1swxdgrkwwzgzchaqrn1u8n5sr6gsjtt11,1,t1swxdgrkwwzgzchaqrn1u8n5sr6gsjtt11,-
3801,minted,t1jdsfjfc6ydm63jvp9jtmykdxyyxrrtqek,1,t1jdsfjfc6ydm63jvp9jtmykdxyyxrrtqek,-
3805,minted,t1nmcjpeuqab3ghpbqpfzg7xypw3th4krnp,1,t1nmcjpeuqab3ghpbqpfzg7xypw3th4krnp,-
3806,minted,t1lakakmmjky8le5cmznkgdvcvvtnrkac8a,1,t1lakakmmjky8le5cmznkgdvcvvtnrkac8a,-
3809,minted,t1sjbaodtmts94hhndm1g6gsxs9r56r3fmi,1,t1sjbaodtmts94hhndm1g6gsxs9r56r3fmi,-
3810,minted,t1dfjru8b7hjg8t7zxhdcuctfffw7b71alt,1,t1dfjru8b7hjg8t7zxhdcuctfffw7b71alt,-
3811,minted,t1k1k3lvujfthpw1rx5gye1wt1w3nfffkuz,1,t1k1k3lvujfthpw1rx5gye1wt1w3nfffkuz,-
3812,minted,t1kqn6lrzaaqmy4vetlswnmpucd71ltoesq,1,t1kqn6lrzaaqmy4vetlswnmpucd71ltoesq,-
3813,minted,t1geadqaiqyvgaoog8vhocum1sq6scajdbe,1,t1geadqaiqyvgaoog8vhocum1sq6scajdbe,-
3816,minted,t1cufblk8osimwlfkpnt815kcsllnjqetwk,1,t1cufblk8osimwlfkpnt815kcsllnjqetwk,-
3817,minted,t1tm4ukzttclqbius6oqzhbb5wla9soo3ii,1,t1tm4ukzttclqbius6oqzhbb5wla9soo3ii,-
3818,minted,t1rjxectx3e63ydhaerxyynqck71mp117ty,1,t1rjxectx3e63ydhaerxyynqck71mp117ty,-
3819,minted,t1lzi24jydjzsfib29wpm2jvp83kwlnkcrb,1,t1lzi24jydjzsfib29wpm2jvp83kwlnkcrb,-
3820,minted,t1k6zlqemuuuh7y2tzmnybqtkztmzt4kz5z,1,t1k6zlqemuuuh7y2tzmnybqtkztmzt4kz5z,-
3824,minted,t1kcuw1npvr56on7dbzkddjob41akjlwe2h,1,t1kcuw1npvr56on7dbzkddjob41akjlwe2h,-
3825,minted,t1n9vkjsqqpvji45dbmsyqbf3oms6efzbav,1,t1n9vkjsqqpvji45dbmsyqbf3oms6efzbav,-
3826,minted,t1wsohyjrazyhjmzfvbxtrbwh1fo9iypbqx,1,t1wsohyjrazyhjmzfvbxtrbwh1fo9iypbqx,-
3827,minted,t1utwwsaslf2xhdaec4hnfbewky6k9e6yqi,1,t1utwwsaslf2xhdaec4hnfbewky6k9e6yqi,-
3829,minted,t1b3zgxvh3pagwffnadb6adlat9lgwdc1sd,1,t1b3zgxvh3pagwffnadb6adlat9lgwdc1sd,-
3833,minted,t1lakakmmjky8le5cmznkgdvcvvtnrkac8a,1,t1lakakmmjky8le5cmznkgdvcvvtnrkac8a,-
3834,minted,t1yfgvhdolzlcwgbxa54mnc4hzjhm9jiteh,1,t1yfgvhdolzlcwgbxa54mnc4hzjhm9jiteh,-
3836,minted,t1tm4ukzttclqbius6oqzhbb5wla9soo3ii,1,t1tm4ukzttclqbius6oqzhbb5wla9soo3ii,-
3838,minted,t1vlqp3zm55bd1ltecwhwyceev4gtkgfhyh,1,t1vlqp3zm55bd1ltecwhwyceev4gtkgfhyh,-
3840,minted,t1kvxs4mz4judj4ysgquvgk1e5m5kayb8nz,1,t1kvxs4mz4judj4ysgquvgk1e5m5kayb8nz,-
3841,minted,t1tqmu6mujknd7ieks9wpikrwswzdcxkdfc,1,t1tqmu6mujknd7ieks9wpikrwswzdcxkdfc,-
3842,minted,t1lzi24jydjzsfib29wpm2jvp83kwlnkcrb,1,t1lzi24jydjzsfib29wpm2jvp83kwlnkcrb,-
3843,minted,t1uwhgycnxruf62kfea3wefuetqlahxttqv,1,t1uwhgycnxruf62kfea3wefuetqlahxttqv,-
3844,minted,t1tuhpqkrnvjpjkj3yaenccecenarccfwgv,1,t1tuhpqkrnvjpjkj3yaenccecenarccfwgv,-
3848,minted,t1c3ko29zefpjjtwe5bqs44hkfzmmshqzj2,1,t1c3ko29zefpjjtwe5bqs44hkfzmmshqzj2,-
3849,minted,t1cufblk8osimwlfkpnt815kcsllnjqetwk,1,t1cufblk8osimwlfkpnt815kcsllnjqetwk,-
3850,minted,t1uctyrme2jmsqcg6qcjumu1yjhxnogfddj,1,t1uctyrme2jmsqcg6qcjumu1yjhxnogfddj,-
3856,minted,t1rjxectx3e63ydhaerxyynqck71mp117ty,1,t1rjxectx3e63ydhaerxyynqck71mp117ty,-
3857,minted,t1utwwsaslf2xhdaec4hnfbewky6k9e6yqi,1,t1utwwsaslf2xhdaec4hnfbewky6k9e6yqi,-
3858,minted,t1geadqaiqyvgaoog8vhocum1sq6scajdbe,1,t1geadqaiqyvgaoog8vhocum1sq6scajdbe,-
3859,minted,t1dfjru8b7hjg8t7zxhdcuctfffw7b71alt,1,t1dfjru8b7hjg8t7zxhdcuctfffw7b71alt,-
3861,minted,t1vnqzdvmveogfsmvu2hqbadttvlfre5fcr,1,t1vnqzdvmveogfsmvu2hqbadttvlfre5fcr,-
3865,minted,t1kb1xwl5gubbnqcjh51roehmwpvng7irxc,1,t1kb1xwl5gubbnqcjh51roehmwpvng7irxc,-
3866,minted,t1fcmnktgqtxnnsq9llfxityrj12uteieuk,1,t1fcmnktgqtxnnsq9llfxityrj12uteieuk,-
3869,minted,t1ackjtwvbsfgafminnbmneegdypv9g3gca,1,t1ackjtwvbsfgafminnbmneegdypv9g3gca,-
3870,minted,t1uwhgycnxruf62kfea3wefuetqlahxttqv,1,t1uwhgycnxruf62kfea3wefuetqlahxttqv,-
3873,minted,t1rzuxxwngrsk2wjkaaa5npsgm9x3dawtcf,1,t1rzuxxwngrsk2wjkaaa5npsgm9x3dawtcf,-
3874,minted,t1fygwxb9m6az4j3jftu52yeg2btdajqw5j,1,t1fygwxb9m6az4j3jftu52yeg2btdajqw5j,-
3875,minted,t1xzzv9apfaq5ypoekiegwcq2tuf4vr1g2a,1,t1xzzv9apfaq5ypoekiegwcq2tuf4vr1g2a,-
3876,minted,t1gwmsjkr1uxwsyds4czjewvm6r3vm2rq7o,1,t1gwmsjkr1uxwsyds4czjewvm6r3vm2rq7o,-
3878,minted,t1wup8b6wsaeewjbzszy5kfnvessbm8dhdj,1,t1wup8b6wsaeewjbzszy5kfnvessbm8dhdj,-
3879,failed,t1b4xybydvhinc2qasg9zgtdrqmxqyb6ax7,1,-,-
3880,minted,t1mbpptgk2u1whfogrhk3b38npfymyf1ckz,1,t1mbpptgk2u1whfogrhk3b38npfymyf1ckz,-
3881,minted,t1keyd75eld8bvhtjn9r2sqxsomd4uksy3q,1,t1keyd75eld8bvhtjn9r2sqxsomd4uksy3q,-
3882,minted,t1sl65eqxvgabrlsxfdtthepd4tjrvyneab,1,t1sl65eqxvgabrlsxfdtthepd4tjrvyneab,-
3883,minted,t1ugnmmfgvei3prgchynzyhugd5qysjpdcd,1,t1ugnmmfgvei3prgchynzyhugd5qysjpdcd,-
3886,minted,t1bzl1asatjjcpee5t3hsqdmpvhw39rmzan,1,t1bzl1asatjjcpee5t3hsqdmpvhw39rmzan,-
3890,minted,t1hd8yo89x2kkepbmtnc4sigq5uohoqpfjc,1,t1hd8yo89x2kkepbmtnc4sigq5uohoqpfjc,-
3892,minted,t1sjbaodtmts94hhndm1g6gsxs9r56r3fmi,1,t1sjbaodtmts94hhndm1g6gsxs9r56r3fmi,-
3893,minted,t1sjbaodtmts94hhndm1g6gsxs9r56r3fmi,1,t1sjbaodtmts94hhndm1g6gsxs9r56r3fmi,-
3894,minted,t1rnjbkm81ui7zsy2z2udyi7bil5xvjspvh,1,t1rnjbkm81ui7zsy2z2udyi7bil5xvjspvh,-
3895,minted,t1c3ko29zefpjjtwe5bqs44hkfzmmshqzj2,1,t1c3ko29zefpjjtwe5bqs44hkfzmmshqzj2,-
3898,minted,t1cufblk8osimwlfkpnt815kcsllnjqetwk,1,t1cufblk8osimwlfkpnt815kcsllnjqetwk,-
3899,minted,t1ceuykreawgbzptq5b4crcjswqgk3iwcvu,1,t1ceuykreawgbzptq5b4crcjswqgk3iwcvu,-
3903,minted,t1lakakmmjky8le5cmznkgdvcvvtnrkac8a,1,t1lakakmmjky8le5cmznkgdvcvvtnrkac8a,-
3904,minted,t1zvfc8q8ritdcmiyfuo4k1sytbf7fgtggs,1,t1zvfc8q8ritdcmiyfuo4k1sytbf7fgtggs,-
3905,minted,t1uijcpndrzgcmqlg67y8ld8xailbijq9ku,1,t1uijcpndrzgcmqlg67y8ld8xailbijq9ku,-
3909,minted,t1rjxectx3e63ydhaerxyynqck71mp117ty,1,t1rjxectx3e63ydhaerxyynqck71mp117ty,-
3910,minted,t1xhfqj7mpkskx4zd7xnhulq6g78c8sz4k5,1,t1xhfqj7mpkskx4zd7xnhulq6g78c8sz4k5,-
3912,minted,t1yezkfeppcwa16xtjkhfes91yzlcvkauvm,1,t1yezkfeppcwa16xtjkhfes91yzlcvkauvm,-
3913,minted,t1rgw6g813bmzoyvyd37iaewney6hditzvq,1,t1rgw6g813bmzoyvyd37iaewney6hditzvq,-
3914,minted,t1ad5mp7aux3fxfv5hwtjfeiihcdtb71smg,1,t1ad5mp7aux3fxfv5hwtjfeiihcdtb71smg,-
3915,minted,t1lckeea2rgmgawzafrvsyj5fnsbvejxujp,1,t1lckeea2rgmgawzafrvsyj5fnsbvejxujp,-
3918,minted,t1sn6q8wbuc1a2s7tjdbjzcqcti8uqutseq,1,t1sn6q8wbuc1a2s7tjdbjzcqcti8uqutseq,-
3920,minted,t1qbjuqt1hbqzrjjz9u4532oitwefqemvtp,1,t1qbjuqt1hbqzrjjz9u4532oitwefqemvtp,-
3922,minted,t1lckeea2rgmgawzafrvsyj5fnsbvejxujp,1,t1lckeea2rgmgawzafrvsyj5fnsbvejxujp,-
3925,minted,t1c3ko29zefpjjtwe5bqs44hkfzmmshqzj2,1,t1c3ko29zefpjjtwe5bqs44hkfzmmshqzj2,-
3926,minted,t1d1phzjprbfb6l3z7bpobkqdzjlavru3zb,1,t1d1phzjprbfb6l3z7bpobkqdzjlavru3zb,-
3927,minted,t1d1phzjprbfb6l3z7bpobkqdzjlavru3zb,1,t1d1phzjprbfb6l3z7bpobkqdzjlavru3zb,-
3930,minted,t1sr6chzdkmsqdhljwqatpsgchaqhgrps9a,1,t1sr6chzdkmsqdhljwqatpsgchaqhgrps9a,-
3932,minted,t1yfgvhdolzlcwgbxa54mnc4hzjhm9jiteh,1,t1yfgvhdolzlcwgbxa54mnc4hzjhm9jiteh,-
3934,minted,t1uijcpndrzgcmqlg67y8ld8xailbijq9ku,1,t1uijcpndrzgcmqlg67y8ld8xailbijq9ku,-
3936,minted,t1sjbaodtmts94hhndm1g6gsxs9r56r3fmi,1,t1sjbaodtmts94hhndm1g6gsxs9r56r3fmi,-
3937,minted,t1k6zlqemuuuh7y2tzmnybqtkztmzt4kz5z,1,t1k6zlqemuuuh7y2tzmnybqtkztmzt4kz5z,-
3940,minted,t1phbzxzsn1drjjezf6wmsujgxayy9h5daz,1,t1phbzxzsn1drjjezf6wmsujgxayy9h5daz,-
3941,minted,t1gwmsjkr1uxwsyds4czjewvm6r3vm2rq7o,1,t1gwmsjkr1uxwsyds4czjewvm6r3vm2rq7o,-
3944,minted,t1wdk8ftmqhutjtpqoftehpxunlkfuvyspm,1,t1wdk8ftmqhutjtpqoftehpxunlkfuvyspm,-
3948,minted,t1lakakmmjky8le5cmznkgdvcvvtnrkac8a,1,t1lakakmmjky8le5cmznkgdvcvvtnrkac8a,-
3949,minted,t1bqz7lcv5ca65pcubguiqdjfy4qhsvzbzz,1,t1bqz7lcv5ca65pcubguiqdjfy4qhsvzbzz,-
3951,minted,t1fcmnktgqtxnnsq9llfxityrj12uteieuk,1,t1fcmnktgqtxnnsq9llfxityrj12uteieuk,-
3953,failed,t1b4xybydvhinc2qasg9zgtdrqmxqyb6ax7,1,-,-
3954,minted,t1kpwnwxtu8wf5g5twdruqbnh4bi6tohrtn,1,t1kpwnwxtu8wf5g5twdruqbnh4bi6tohrtn,-
3955,minted,t1kayatk2rupd6vgyudh88q4ssbdennhhoh,1,t1kayatk2rupd6vgyudh88q4ssbdennhhoh,-
3958,minted,t1k1k3lvujfthpw1rx5gye1wt1w3nfffkuz,1,t1k1k3lvujfthpw1rx5gye1wt1w3nfffkuz,-
3959,minted,t1lakakmmjky8le5cmznkgdvcvvtnrkac8a,1,t1lakakmmjky8le5cmznkgdvcvvtnrkac8a,-
3960,minted,t1wmgffiauhm7a7ynhwr3z4gukbvayvtal4,1,t1wmgffiauhm7a7ynhwr3z4gukbvayvtal4,-
3961,minted,t1wsohyjrazyhjmzfvbxtrbwh1fo9iypbqx,1,t1wsohyjrazyhjmzfvbxtrbwh1fo9iypbqx,-
3962,minted,t1lakakmmjky8le5cmznkgdvcvvtnrkac8a,1,t1lakakmmjky8le5cmznkgdvcvvtnrkac8a,-
3965,minted,t1vxjd7iypy58chghwfrhmbnijefrkycbvn,1,t1vxjd7iypy58chghwfrhmbnijefrkycbvn,-
3966,minted,t1gvuboqhcpbg9xaqgzqrmghqvbdsx4i6h5,1,t1gvuboqhcpbg9xaqgzqrmghqvbdsx4i6h5,-
3967,minted,t1dvmn42ahlgqhk4eaqcg8hticmc7sdu4mn,1,t1dvmn42ahlgqhk4eaqcg8hticmc7sdu4mn,-
3969,minted,t1pwsn53ukb4e4zbf22ebcxlb7mw548bnjw,1,t1pwsn53ukb4e4zbf22ebcxlb7mw548bnjw,-
3970,minted,t1sn6q8wbuc1a2s7tjdbjzcqcti8uqutseq,1,t1sn6q8wbuc1a2s7tjdbjzcqcti8uqutseq,-
3972,minted,t1ad5mp7aux3fxfv5hwtjfeiihcdtb71smg,1,t1ad5mp7aux3fxfv5hwtjfeiihcdtb71smg,-
3973,minted,t1sl65eqxvgabrlsxfdtthepd4tjrvyneab,1,t1sl65eqxvgabrlsxfdtthepd4tjrvyneab,-
3976,minted,t1rnjbkm81ui7zsy2z2udyi7bil5xvjspvh,1,t1rnjbkm81ui7zsy2z2udyi7bil5xvjspvh,-
3977,minted,t1ugnmmfgvei3prgchynzyhugd5qysjpdcd,1,t1ugnmmfgvei3prgchynzyhugd5qysjpdcd,-
3978,minted,t1mbpptgk2u1whfogrhk3b38npfymyf1ckz,1,t1mbpptgk2u1whfogrhk3b38npfymyf1ckz,-
3980,minted,t1dfjru8b7hjg8t7zxhdcuctfffw7b71alt,1,t1dfjru8b7hjg8t7zxhdcuctfffw7b71alt,-
3983,minted,t1jfcigsd4fnvprdnfh2nlhwd27njddj9kc,1,t1jfcigsd4fnvprdnfh2nlhwd27njddj9kc,-
3984,minted,t1ackjtwvbsfgafminnbmneegdypv9g3gca,1,t1ackjtwvbsfgafminnbmneegdypv9g3gca,-
3985,minted,t1dvmn42ahlgqhk4eaqcg8hticmc7sdu4mn,1,t1dvmn42ahlgqhk4eaqcg8hticmc7sdu4mn,-
3986,minted,t1ls3lszpnhsc73sva1vxdteuwkprr9xwmv,1,t1ls3lszpnhsc73sva1vxdteuwkprr9xwmv,-
3987,minted,t1kcuw1npvr56on7dbzkddjob41akjlwe2h,1,t1kcuw1npvr56on7dbzkddjob41akjlwe2h,-
3989,minted,t1d9wxcsbbkyk74mtaak9qs1gaunuqdtrny,1,t1d9wxcsbbkyk74mtaak9qs1gaunuqdtrny,-
3991,minted,t1bqz7lcv5ca65pcubguiqdjfy4qhsvzbzz,1,t1bqz7lcv5ca65pcubguiqdjfy4qhsvzbzz,-
3992,minted,t1harykyjfctqhcswkwobfnqydrtpybcusz,1,t1harykyjfctqhcswkwobfnqydrtpybcusz,-
3994,minted,t1zuffvd1tk6pux9r8zbojyoajsmip5awra,1,t1zuffvd1tk6pux9r8zbojyoajsmip5awra,-
3995,minted,t1tm4ukzttclqbius6oqzhbb5wla9soo3ii,1,t1tm4ukzttclqbius6oqzhbb5wla9soo3ii,-
4000,minted,t1ry1amqjxbasfn4g54vejjhgfwhqyau6kq,1,t1ry1amqjxbasfn4g54vejjhgfwhqyau6kq,-
4001,minted,t1qunysptkw1jvmv2abfvljustmikybvfiy,1,t1qunysptkw1jvmv2abfvljustmikybvfiy,-
4002,minted,t1x3y1a1mjibencqksuu4yugyhjk7xednho,1,t1x3y1a1mjibencqksuu4yugyhjk7xednho,-
4004,minted,t1aphfzzmcujqhuenxl5odscmyv97ti5dwv,1,t1aphfzzmcujqhuenxl5odscmyv97ti5dwv,-
4008,minted,t1n9vkjsqqpvji45dbmsyqbf3oms6efzbav,1,t1n9vkjsqqpvji45dbmsyqbf3oms6efzbav,-
4010,minted,t1egohrhbvkcebhmzf9xvxfy86njvkjkssa,1,t1egohrhbvkcebhmzf9xvxfy86njvkjkssa,-
4012,minted,t1px7hlrau7co9lk3k81jcrntnilhrwgoxj,1,t1px7hlrau7co9lk3k81jcrntnilhrwgoxj,-
4013,minted,t1plr7emfb4ptjr3ydgkxtvvcx88vipczbg,1,t1plr7emfb4ptjr3ydgkxtvvcx88vipczbg,-
4014,minted,t1nveuzt6vcr9tm2p2xd1gxdbnwyo6rrd39,1,t1nveuzt6vcr9tm2p2xd1gxdbnwyo6rrd39,-
4017,minted,t1j5gnyyoqkpwqvxwnmrifakdbgg9syf4q1,1,t1j5gnyyoqkpwqvxwnmrifakdbgg9syf4q1,-
4020,minted,t1tdx3jecge1dd9pmzxuaphvjm5hyq2c7wn,1,t1tdx3jecge1dd9pmzxuaphvjm5hyq2c7wn,-
4021,minted,t1keyd75eld8bvhtjn9r2sqxsomd4uksy3q,1,t1keyd75eld8bvhtjn9r2sqxsomd4uksy3q,-
4022,minted,t1ackjtwvbsfgafminnbmneegdypv9g3gca,1,t1ackjtwvbsfgafminnbmneegdypv9g3gca,-
4023,minted,t1sqqn7d3fhvj1adwgfip6ebxtqjcngrwff,1,t1sqqn7d3fhvj1adwgfip6ebxtqjcngrwff,-
4024,minted,t1ls3lszpnhsc73sva1vxdteuwkprr9xwmv,1,t1ls3lszpnhsc73sva1vxdteuwkprr9xwmv,-
4025,minted,t1rgw6g813bmzoyvyd37iaewney6hditzvq,1,t1rgw6g813bmzoyvyd37iaewney6hditzvq,-
4027,minted,t1k6zlqemuuuh7y2tzmnybqtkztmzt4kz5z,1,t1k6zlqemuuuh7y2tzmnybqtkztmzt4kz5z,-
4029,minted,t1t6vyuq11ez6hmc5cfwwtwo4dxkcq49wcj,1,t1t6vyuq11ez6hmc5cfwwtwo4dxkcq49wcj,-
4032,minted,t1rn9twhetr1qorngpsri97eljaymkuz6ez,1,t1rn9twhetr1qorngpsri97eljaymkuz6ez,-
4034,minted,t1eqrq34pr3zkecprjvanrxmpdpxt32j8tv,1,t1eqrq34pr3zkecprjvanrxmpdpxt32j8tv,-
4035,minted,t1nveuzt6vcr9tm2p2xd1gxdbnwyo6rrd39,1,t1nveuzt6vcr9tm2p2xd1gxdbnwyo6rrd39,-
4037,minted,t1dvmn42ahlgqhk4eaqcg8hticmc7sdu4mn,1,t1dvmn42ahlgqhk4eaqcg8hticmc7sdu4mn,-
4039,minted,t1wdk8ftmqhutjtpqoftehpxunlkfuvyspm,1,t1wdk8ftmqhutjtpqoftehpxunlkfuvyspm,-
4040,minted,t1dfjru8b7hjg8t7zxhdcuctfffw7b71alt,1,t1dfjru8b7hjg8t7zxhdcuctfffw7b71alt,-
4043,minted,t1x8y4rmom1vwjsnddyczrx9aphsx9mdo3k,1,t1x8y4rmom1vwjsnddyczrx9aphsx9mdo3k,-
4048,minted,t1vu8wavcg1xe8qhdyowsmv2s9i63htj9sy,1,t1vu8wavcg1xe8qhdyowsmv2s9i63htj9sy,-
4050,minted,t1fcmnktgqtxnnsq9llfxityrj12uteieuk,1,t1fcmnktgqtxnnsq9llfxityrj12uteieuk,-
4051,minted,t1fym6ponzmhqgj1azpaimmy1wzligfzdwt,1,t1fym6ponzmhqgj1azpaimmy1wzligfzdwt,-
4053,minted,t1nveuzt6vcr9tm2p2xd1gxdbnwyo6rrd39,1,t1nveuzt6vcr9tm2p2xd1gxdbnwyo6rrd39,-
4055,minted,t1rzuxxwngrsk2wjkaaa5npsgm9x3dawtcf,1,t1rzuxxwngrsk2wjkaaa5npsgm9x3dawtcf,-
4056,minted,t1tm4ukzttclqbius6oqzhbb5wla9soo3ii,1,t1tm4ukzttclqbius6oqzhbb5wla9soo3ii,-
4057,minted,t1px7hlrau7co9lk3k81jcrntnilhrwgoxj,1,t1px7hlrau7co9lk3k81jcrntnilhrwgoxj,-
4058,minted,t1ad5mp7aux3fxfv5hwtjfeiihcdtb71smg,1,t1ad5mp7aux3fxfv5hwtjfeiihcdtb71smg,-
4060,minted,t1lhzuuduqgkqm4dppbwnmhb5jhlmjuz7qn,1,t1lhzuuduqgkqm4dppbwnmhb5jhlmjuz7qn,-
4061,minted,t1nveuzt6vcr9tm2p2xd1gxdbnwyo6rrd39,1,t1nveuzt6vcr9tm2p2xd1gxdbnwyo6rrd39,-
4063,minted,t1rzuxxwngrsk2wjkaaa5npsgm9x3dawtcf,1,t1rzuxxwngrsk2wjkaaa5npsgm9x3dawtcf,-
4064,minted,t1mtavq1npudpebkzr8zi77fv6hdw874cm9,1,t1mtavq1npudpebkzr8zi77fv6hdw874cm9,-
4065,minted,t1tm3cakrhdvy2bdakoqgtkyea4qed9qda8,1,t1tm3cakrhdvy2bdakoqgtkyea4qed9qda8,-
4066,minted,t1wdk8ftmqhutjtpqoftehpxunlkfuvyspm,1,t1wdk8ftmqhutjtpqoftehpxunlkfuvyspm,-
4067,minted,t1fcmnktgqtxnnsq9llfxityrj12uteieuk,1,t1fcmnktgqtxnnsq9llfxityrj12uteieuk,-
4068,minted,t1tm4ukzttclqbius6oqzhbb5wla9soo3ii,1,t1tm4ukzttclqbius6oqzhbb5wla9soo3ii,-
4069,minted,t1cufblk8osimwlfkpnt815kcsllnjqetwk,1,t1cufblk8osimwlfkpnt815kcsllnjqetwk,-
4070,minted,t1c4j1rmlwwpelu6xcjqb9zheujusethjcx,1,t1c4j1rmlwwpelu6xcjqb9zheujusethjcx,-
4073,minted,t1aphfzzmcujqhuenxl5odscmyv97ti5dwv,1,t1aphfzzmcujqhuenxl5odscmyv97ti5dwv,-
4080,minted,t1dggdv9xnrzge2juzmaxew28j7e217yu3g,1,t1dggdv9xnrzge2juzmaxew28j7e217yu3g,-
4082,minted,t1c3ko29zefpjjtwe5bqs44hkfzmmshqzj2,1,t1c3ko29zefpjjtwe5bqs44hkfzmmshqzj2,-
4083,minted,t1ldpz7hjrtq2ungknph3lf8ihehlsmebsv,1,t1ldpz7hjrtq2ungknph3lf8ihehlsmebsv,-
4085,minted,t1uijcpndrzgcmqlg67y8ld8xailbijq9ku,1,t1uijcpndrzgcmqlg67y8ld8xailbijq9ku,-
4086,minted,t1vnqzdvmveogfsmvu2hqbadttvlfre5fcr,1,t1vnqzdvmveogfsmvu2hqbadttvlfre5fcr,-
4089,minted,t1utwwsaslf2xhdaec4hnfbewky6k9e6yqi,1,t1utwwsaslf2xhdaec4hnfbewky6k9e6yqi,-
4090,minted,t1cufblk8osimwlfkpnt815kcsllnjqetwk,1,t1cufblk8osimwlfkpnt815kcsllnjqetwk,-
4092,minted,t1vnqzdvmveogfsmvu2hqbadttvlfre5fcr,1,t1vnqzdvmveogfsmvu2hqbadttvlfre5fcr,-
4095,minted,t1sl65eqxvgabrlsxfdtthepd4tjrvyneab,1,t1sl65eqxvgabrlsxfdtthepd4tjrvyneab,-
4099,minted,t1mn1hixkseswrzwe7jbk82flewryugjtc9,1,t1mn1hixkseswrzwe7jbk82flewryugjtc9,-
4103,minted,t1dgdz9egczairj78ukztzdby6au3v6sugm,1,t1dgdz9egczairj78ukztzdby6au3v6sugm,-
4104,minted,t1c4j1rmlwwpelu6xcjqb9zheujusethjcx,1,t1c4j1rmlwwpelu6xcjqb9zheujusethjcx,-
4105,minted,t1edeayny2lzdrdyy65r37opkpnkhaoeazy,1,t1edeayny2lzdrdyy65r37opkpnkhaoeazy,-
4107,minted,t1lrhgxugmpqro1hz8uuzxfsxysdaqg5kup,1,t1lrhgxugmpqro1hz8uuzxfsxysdaqg5kup,-
4109,minted,t1sl65eqxvgabrlsxfdtthepd4tjrvyneab,1,t1sl65eqxvgabrlsxfdtthepd4tjrvyneab,-
4112,minted,t1g797iuz3hzgkyxzuxjlukm7a8juqndwnv,1,t1g797iuz3hzgkyxzuxjlukm7a8juqndwnv,-
4113,minted,t1utwwsaslf2xhdaec4hnfbewky6k9e6yqi,1,t1utwwsaslf2xhdaec4hnfbewky6k9e6yqi,-
4114,minted,t1geadqaiqyvgaoog8vhocum1sq6scajdbe,1,t1geadqaiqyvgaoog8vhocum1sq6scajdbe,-
4115,minted,t1tdwjklmpx8k3pykwzyamcydtw24agjuus,1,t1tdwjklmpx8k3pykwzyamcydtw24agjuus,-
4116,minted,t1bqz7lcv5ca65pcubguiqdjfy4qhsvzbzz,1,t1bqz7lcv5ca65pcubguiqdjfy4qhsvzbzz,-
4119,minted,t1hd8yo89x2kkepbmtnc4sigq5uohoqpfjc,1,t1hd8yo89x2kkepbmtnc4sigq5uohoqpfjc,-
4120,minted,t1ceuykreawgbzptq5b4crcjswqgk3iwcvu,1,t1ceuykreawgbzptq5b4crcjswqgk3iwcvu,-
4121,minted,t1swxdgrkwwzgzchaqrn1u8n5sr6gsjtt11,1,t1swxdgrkwwzgzchaqrn1u8n5sr6gsjtt11,-
4122,minted,t1vnqzdvmveogfsmvu2hqbadttvlfre5fcr,1,t1vnqzdvmveogfsmvu2hqbadttvlfre5fcr,-
4126,minted,t1px7hlrau7co9lk3k81jcrntnilhrwgoxj,1,t1px7hlrau7co9lk3k81jcrntnilhrwgoxj,-
4127,minted,t1kcfed5andgkefujlxgiwlyrrxrewicggr,1,t1kcfed5andgkefujlxgiwlyrrxrewicggr,-
4128,minted,t1xkb2xu5cytyrh46mgtxqe9rbuvcwmdxbw,1,t1xkb2xu5cytyrh46mgtxqe9rbuvcwmdxbw,-
4129,minted,t1sjbaodtmts94hhndm1g6gsxs9r56r3fmi,1,t1sjbaodtmts94hhndm1g6gsxs9r56r3fmi,-
4130,minted,t1egohrhbvkcebhmzf9xvxfy86njvkjkssa,1,t1egohrhbvkcebhmzf9xvxfy86njvkjkssa,-
4131,minted,t1rjxectx3e63ydhaerxyynqck71mp117ty,1,t1rjxectx3e63ydhaerxyynqck71mp117ty,-
4133,minted,t1yhhkhqqqgtgr7fqa2ce1pcagqxwt5xwcy,1,t1yhhkhqqqgtgr7fqa2ce1pcagqxwt5xwcy,-
4134,minted,t1gfxpmbrdeohuwrzcrms99tghjuw7fufyu,1,t1gfxpmbrdeohuwrzcrms99tghjuw7fufyu,-
4135,minted,t1ncm6d3y4b2mggbds5anvzs1cgvzjoch5k,1,t1ncm6d3y4b2mggbds5anvzs1cgvzjoch5k,-
4136,minted,t1qpeclgkhmw4xgk2v6kaixumhjf5pehox1,1,t1qpeclgkhmw4xgk2v6kaixumhjf5pehox1,-
4137,minted,t1qpeclgkhmw4xgk2v6kaixumhjf5pehox1,1,t1qpeclgkhmw4xgk2v6kaixumhjf5pehox1,-
4138,minted,t1rjxectx3e63ydhaerxyynqck71mp117ty,1,t1rjxectx3e63ydhaerxyynqck71mp117ty,-
4139,minted,t1ad5mp7aux3fxfv5hwtjfeiihcdtb71smg,1,t1ad5mp7aux3fxfv5hwtjfeiihcdtb71smg,-
4142,minted,t1bqz7lcv5ca65pcubguiqdjfy4qhsvzbzz,1,t1bqz7lcv5ca65pcubguiqdjfy4qhsvzbzz,-
4143,minted,t1hd8yo89x2kkepbmtnc4sigq5uohoqpfjc,1,t1hd8yo89x2kkepbmtnc4sigq5uohoqpfjc,-
4145,minted,t1lz7kt1duyahmqzcuxp8jvrcvy1ps6so6e,1,t1lz7kt1duyahmqzcuxp8jvrcvy1ps6so6e,-
4146,minted,t1rgw6g813bmzoyvyd37iaewney6hditzvq,1,t1rgw6g813bmzoyvyd37iaewney6hditzvq,-
4150,minted,t1uwhgycnxruf62kfea3wefuetqlahxttqv,1,t1uwhgycnxruf62kfea3wefuetqlahxttqv,-
4151,minted,t1ad5mp7aux3fxfv5hwtjfeiihcdtb71smg,1,t1ad5mp7aux3fxfv5hwtjfeiihcdtb71smg,-
4152,minted,t1yhhkhqqqgtgr7fqa2ce1pcagqxwt5xwcy,1,t1yhhkhqqqgtgr7fqa2ce1pcagqxwt5xwcy,-
4154,minted,t1s7eadhhq5jufr1tkzgphgucbyjtja8ee1,1,t1s7eadhhq5jufr1tkzgphgucbyjtja8ee1,-
4156,minted,t1s7eadhhq5jufr1tkzgphgucbyjtja8ee1,1,t1s7eadhhq5jufr1tkzgphgucbyjtja8ee1,-
4159,minted,t1plzelr9uehatsdzm1kb57wz8bnd9p1hdl,1,t1plzelr9uehatsdzm1kb57wz8bnd9p1hdl,-
4160,minted,t1vimk2cvlaf4yf1cpkyw9zw2vqglla6pw9,1,t1vimk2cvlaf4yf1cpkyw9zw2vqglla6pw9,-
4161,minted,t1px7hlrau7co9lk3k81jcrntnilhrwgoxj,1,t1px7hlrau7co9lk3k81jcrntnilhrwgoxj,-
4162,minted,t1px7hlrau7co9lk3k81jcrntnilhrwgoxj,1,t1px7hlrau7co9lk3k81jcrntnilhrwgoxj,-
4167,minted,t1wjymzb8eklefe8jcxdxijvxwrbxybmig5,1,t1wjymzb8eklefe8jcxdxijvxwrbxybmig5,-
4168,minted,t1eqrq34pr3zkecprjvanrxmpdpxt32j8tv,1,t1eqrq34pr3zkecprjvanrxmpdpxt32j8tv,-
4169,minted,t1wdk8ftmqhutjtpqoftehpxunlkfuvyspm,1,t1wdk8ftmqhutjtpqoftehpxunlkfuvyspm,-
4170,minted,t1sqqn7d3fhvj1adwgfip6ebxtqjcngrwff,1,t1sqqn7d3fhvj1adwgfip6ebxtqjcngrwff,-
4172,minted,t1sg7teea9tkjymwsffeq3aqyczdvpknsny,1,t1sg7teea9tkjymwsffeq3aqyczdvpknsny,-
4173,minted,t1sqqn7d3fhvj1adwgfip6ebxtqjcngrwff,1,t1sqqn7d3fhvj1adwgfip6ebxtqjcngrwff,-
4174,minted,t1feeekduec8liqgczgjjrdeg8hegncfduw,1,t1feeekduec8liqgczgjjrdeg8hegncfduw,-
4177,minted,t1zvfc8q8ritdcmiyfuo4k1sytbf7fgtggs,1,t1zvfc8q8ritdcmiyfuo4k1sytbf7fgtggs,-
4178,minted,t1wjymzb8eklefe8jcxdxijvxwrbxybmig5,1,t1wjymzb8eklefe8jcxdxijvxwrbxybmig5,-
4180,minted,t1uwhgycnxruf62kfea3wefuetqlahxttqv,1,t1uwhgycnxruf62kfea3wefuetqlahxttqv,-
4181,minted,t1k6zlqemuuuh7y2tzmnybqtkztmzt4kz5z,1,t1k6zlqemuuuh7y2tzmnybqtkztmzt4kz5z,-
4185,minted,t1ldzpiwymnxjgcwn6fbkm6tiqja6uhxru2,1,t1ldzpiwymnxjgcwn6fbkm6tiqja6uhxru2,-
4187,minted,t1d1phzjprbfb6l3z7bpobkqdzjlavru3zb,1,t1d1phzjprbfb6l3z7bpobkqdzjlavru3zb,-
4188,minted,t1nveuzt6vcr9tm2p2xd1gxdbnwyo6rrd39,1,t1nveuzt6vcr9tm2p2xd1gxdbnwyo6rrd39,-
4192,minted,t1y8g4khzqcpxsvmp5mw9kctngda2g9e4z6,1,t1y8g4khzqcpxsvmp5mw9kctngda2g9e4z6,-
4193,minted,t1gubfunujh7opq9ax1wohmpvsuv5p7hzab,1,t1gubfunujh7opq9ax1wohmpvsuv5p7hzab,-
4194,minted,t1qunysptkw1jvmv2abfvljustmikybvfiy,1,t1qunysptkw1jvmv2abfvljustmikybvfiy,-
4195,minted,t1cufblk8osimwlfkpnt815kcsllnjqetwk,1,t1cufblk8osimwlfkpnt815kcsllnjqetwk,-
4197,minted,t1xkb2xu5cytyrh46mgtxqe9rbuvcwmdxbw,1,t1xkb2xu5cytyrh46mgtxqe9rbuvcwmdxbw,-
4200,minted,t1plzelr9uehatsdzm1kb57wz8bnd9p1hdl,1,t1plzelr9uehatsdzm1kb57wz8bnd9p1hdl,-
4202,minted,t1tm4ukzttclqbius6oqzhbb5wla9soo3ii,1,t1tm4ukzttclqbius6oqzhbb5wla9soo3ii,-
4203,minted,t1tm4ukzttclqbius6oqzhbb5wla9soo3ii,1,t1tm4ukzttclqbius6oqzhbb5wla9soo3ii,-
4204,minted,t1ceuykreawgbzptq5b4crcjswqgk3iwcvu,1,t1ceuykreawgbzptq5b4crcjswqgk3iwcvu,-
4205,minted,t1qupqtxglgncbo4msuegxdvjmbyunvptdb,1,t1qupqtxglgncbo4msuegxdvjmbyunvptdb,-
4207,minted,t1ceuykreawgbzptq5b4crcjswqgk3iwcvu,1,t1ceuykreawgbzptq5b4crcjswqgk3iwcvu,-
4208,minted,t1sjbaodtmts94hhndm1g6gsxs9r56r3fmi,1,t1sjbaodtmts94hhndm1g6gsxs9r56r3fmi,-
4210,minted,t1kcuw1npvr56on7dbzkddjob41akjlwe2h,1,t1kcuw1npvr56on7dbzkddjob41akjlwe2h,-
4211,minted,t1pym9hcnf7vl6jt4lnq1f3ko2jzzcqq9om,1,t1pym9hcnf7vl6jt4lnq1f3ko2jzzcqq9om,-
4213,minted,t1nm4oskqee2qkltjqghsfc9fgqroet3h6y,1,t1nm4oskqee2qkltjqghsfc9fgqroet3h6y,-
4215,minted,t1ncm6d3y4b2mggbds5anvzs1cgvzjoch5k,1,t1ncm6d3y4b2mggbds5anvzs1cgvzjoch5k,-
4218,minted,t1jdsfjfc6ydm63jvp9jtmykdxyyxrrtqek,1,t1jdsfjfc6ydm63jvp9jtmykdxyyxrrtqek,-
4219,minted,t1tm4ukzttclqbius6oqzhbb5wla9soo3ii,1,t1tm4ukzttclqbius6oqzhbb5wla9soo3ii,-
4220,minted,t1kvxs4mz4judj4ysgquvgk1e5m5kayb8nz,1,t1kvxs4mz4judj4ysgquvgk1e5m5kayb8nz,-
4221,minted,t1geadqaiqyvgaoog8vhocum1sq6scajdbe,1,t1geadqaiqyvgaoog8vhocum1sq6scajdbe,-
4224,minted,t1lckeea2rgmgawzafrvsyj5fnsbvejxujp,1,t1lckeea2rgmgawzafrvsyj5fnsbvejxujp,-
4226,minted,t1wjymzb8eklefe8jcxdxijvxwrbxybmig5,1,t1wjymzb8eklefe8jcxdxijvxwrbxybmig5,-
4229,minted,t1bqz7lcv5ca65pcubguiqdjfy4qhsvzbzz,1,t1bqz7lcv5ca65pcubguiqdjfy4qhsvzbzz,-
4230,minted,t1xyrfax3c7zbwfxmqcfsqxbmtngrnjhygh,1,t1xyrfax3c7zbwfxmqcfsqxbmtngrnjhygh,-
4231,minted,t1nveuzt6vcr9tm2p2xd1gxdbnwyo6rrd39,1,t1nveuzt6vcr9tm2p2xd1gxdbnwyo6rrd39,-
4233,minted,t1sjbaodtmts94hhndm1g6gsxs9r56r3fmi,1,t1sjbaodtmts94hhndm1g6gsxs9r56r3fmi,-
4234,minted,t1uwhgycnxruf62kfea3wefuetqlahxttqv,1,t1uwhgycnxruf62kfea3wefuetqlahxttqv,-
4242,minted,t1gfxpmbrdeohuwrzcrms99tghjuw7fufyu,1,t1gfxpmbrdeohuwrzcrms99tghjuw7fufyu,-
4243,minted,t1vimk2cvlaf4yf1cpkyw9zw2vqglla6pw9,1,t1vimk2cvlaf4yf1cpkyw9zw2vqglla6pw9,-
4244,minted,t1psnfhk4ildwruk9t5s955rcsdypgkzlch,1,t1psnfhk4ildwruk9t5s955rcsdypgkzlch,-
4245,minted,t1qpeclgkhmw4xgk2v6kaixumhjf5pehox1,1,t1qpeclgkhmw4xgk2v6kaixumhjf5pehox1,-
4246,minted,t1tdx3jecge1dd9pmzxuaphvjm5hyq2c7wn,1,t1tdx3jecge1dd9pmzxuaphvjm5hyq2c7wn,-
4248,minted,t1fcmnktgqtxnnsq9llfxityrj12uteieuk,1,t1fcmnktgqtxnnsq9llfxityrj12uteieuk,-
4251,minted,t1mn1hixkseswrzwe7jbk82flewryugjtc9,1,t1mn1hixkseswrzwe7jbk82flewryugjtc9,-
4253,minted,t1sn6q8wbuc1a2s7tjdbjzcqcti8uqutseq,1,t1sn6q8wbuc1a2s7tjdbjzcqcti8uqutseq,-
4254,minted,t1sn6q8wbuc1a2s7tjdbjzcqcti8uqutseq,1,t1sn6q8wbuc1a2s7tjdbjzcqcti8uqutseq,-
4256,minted,t1ceuykreawgbzptq5b4crcjswqgk3iwcvu,1,t1ceuykreawgbzptq5b4crcjswqgk3iwcvu,-
4257,minted,t1t6vyuq11ez6hmc5cfwwtwo4dxkcq49wcj,1,t1t6vyuq11ez6hmc5cfwwtwo4dxkcq49wcj,-
4258,minted,t1ppp9pu3ezkzjgu7cccmx1xsnxxxp3apas,1,t1ppp9pu3ezkzjgu7cccmx1xsnxxxp3apas,-
4261,minted,t1b4xybydvhinc2qasg9zgtdrqmxqyb6ax7,1,t1b4xybydvhinc2qasg9zgtdrqmxqyb6ax7,-
4262,minted,t1ls3lszpnhsc73sva1vxdteuwkprr9xwmv,1,t1ls3lszpnhsc73sva1vxdteuwkprr9xwmv,-
4263,minted,t1k1k3lvujfthpw1rx5gye1wt1w3nfffkuz,1,t1k1k3lvujfthpw1rx5gye1wt1w3nfffkuz,-
4264,minted,t1keyd75eld8bvhtjn9r2sqxsomd4uksy3q,1,t1keyd75eld8bvhtjn9r2sqxsomd4uksy3q,-
4266,minted,t1pwsn53ukb4e4zbf22ebcxlb7mw548bnjw,1,t1pwsn53ukb4e4zbf22ebcxlb7mw548bnjw,-
4267,minted,t1ackjtwvbsfgafminnbmneegdypv9g3gca,1,t1ackjtwvbsfgafminnbmneegdypv9g3gca,-
4273,minted,t1b3zgxvh3pagwffnadb6adlat9lgwdc1sd,1,t1b3zgxvh3pagwffnadb6adlat9lgwdc1sd,-
4274,minted,t1bzl1asatjjcpee5t3hsqdmpvhw39rmzan,1,t1bzl1asatjjcpee5t3hsqdmpvhw39rmzan,-
4276,minted,t1d1phzjprbfb6l3z7bpobkqdzjlavru3zb,1,t1d1phzjprbfb6l3z7bpobkqdzjlavru3zb,-
4279,minted,t1n9vkjsqqpvji45dbmsyqbf3oms6efzbav,1,t1n9vkjsqqpvji45dbmsyqbf3oms6efzbav,-
4280,minted,t1wmgffiauhm7a7ynhwr3z4gukbvayvtal4,1,t1wmgffiauhm7a7ynhwr3z4gukbvayvtal4,-
4281,minted,t1mh8fytskubkcsbwy9r79xf6jgnchjyz4m,1,t1mh8fytskubkcsbwy9r79xf6jgnchjyz4m,-
4282,minted,t1utwwsaslf2xhdaec4hnfbewky6k9e6yqi,1,t1utwwsaslf2xhdaec4hnfbewky6k9e6yqi,-
4283,minted,t1xkb2xu5cytyrh46mgtxqe9rbuvcwmdxbw,1,t1xkb2xu5cytyrh46mgtxqe9rbuvcwmdxbw,-
4287,minted,t1vxjd7iypy58chghwfrhmbnijefrkycbvn,1,t1vxjd7iypy58chghwfrhmbnijefrkycbvn,-
4289,minted,t1px7hlrau7co9lk3k81jcrntnilhrwgoxj,1,t1px7hlrau7co9lk3k81jcrntnilhrwgoxj,-
4290,minted,t1ra5rzwpgv2h197mszzuczzh3sqdq7yssl,1,t1ra5rzwpgv2h197mszzuczzh3sqdq7yssl,-
4291,minted,t1lckeea2rgmgawzafrvsyj5fnsbvejxujp,1,t1lckeea2rgmgawzafrvsyj5fnsbvejxujp,-
4292,minted,t1d4y89g5ihbft9j3ri55n44roiruftyxan,1,t1d4y89g5ihbft9j3ri55n44roiruftyxan,-
4293,minted,t1uijcpndrzgcmqlg67y8ld8xailbijq9ku,1,t1uijcpndrzgcmqlg67y8ld8xailbijq9ku,-
4294,minted,t1k6zlqemuuuh7y2tzmnybqtkztmzt4kz5z,1,t1k6zlqemuuuh7y2tzmnybqtkztmzt4kz5z,-
4295,minted,t1rgw6g813bmzoyvyd37iaewney6hditzvq,1,t1rgw6g813bmzoyvyd37iaewney6hditzvq,-
4296,minted,t1rn9twhetr1qorngpsri97eljaymkuz6ez,1,t1rn9twhetr1qorngpsri97eljaymkuz6ez,-
4303,minted,t1pyrvmpavfagheyp743brdnnjgdyzedsn3,1,t1pyrvmpavfagheyp743brdnnjgdyzedsn3,-
4304,minted,t1vnqzdvmveogfsmvu2hqbadttvlfre5fcr,1,t1vnqzdvmveogfsmvu2hqbadttvlfre5fcr,-
4305,minted,t1xkfohh7p3maxzgkou7zighxxzex8tx5tv,1,t1xkfohh7p3maxzgkou7zighxxzex8tx5tv,-
4306,minted,t1harykyjfctqhcswkwobfnqydrtpybcusz,1,t1harykyjfctqhcswkwobfnqydrtpybcusz,-
4307,minted,t1fcmnktgqtxnnsq9llfxityrj12uteieuk,1,t1fcmnktgqtxnnsq9llfxityrj12uteieuk,-
4308,minted,t1wsohyjrazyhjmzfvbxtrbwh1fo9iypbqx,1,t1wsohyjrazyhjmzfvbxtrbwh1fo9iypbqx,-
4310,minted,t1swxdgrkwwzgzchaqrn1u8n5sr6gsjtt11,1,t1swxdgrkwwzgzchaqrn1u8n5sr6gsjtt11,-
4314,minted,t1ry1amqjxbasfn4g54vejjhgfwhqyau6kq,1,t1ry1amqjxbasfn4g54vejjhgfwhqyau6kq,-
4315,minted,t1mn1hixkseswrzwe7jbk82flewryugjtc9,1,t1mn1hixkseswrzwe7jbk82flewryugjtc9,-
4316,minted,t1qlpbfcgqthby7gtqlcxjemd3unmdc17p9,1,t1qlpbfcgqthby7gtqlcxjemd3unmdc17p9,-
4318,minted,t1eqrq34pr3zkecprjvanrxmpdpxt32j8tv,1,t1eqrq34pr3zkecprjvanrxmpdpxt32j8tv,-
4320,minted,t1qbjuqt1hbqzrjjz9u4532oitwefqemvtp,1,t1qbjuqt1hbqzrjjz9u4532oitwefqemvtp,-
4322,minted,t1upzl3anjphpushv5l1phfr3x9agyvfwmg,1,t1upzl3anjphpushv5l1phfr3x9agyvfwmg,-
4327,minted,t1keyd75eld8bvhtjn9r2sqxsomd4uksy3q,1,t1keyd75eld8bvhtjn9r2sqxsomd4uksy3q,-
4328,minted,t1kcuw1npvr56on7dbzkddjob41akjlwe2h,1,t1kcuw1npvr56on7dbzkddjob41akjlwe2h,-
4329,minted,t1jqulpn6dhcced5yhrbcesogxt3t5366jo,1,t1jqulpn6dhcced5yhrbcesogxt3t5366jo,-
4335,minted,t1aphfzzmcujqhuenxl5odscmyv97ti5dwv,1,t1aphfzzmcujqhuenxl5odscmyv97ti5dwv,-
4338,minted,t1rjxectx3e63ydhaerxyynqck71mp117ty,1,t1rjxectx3e63ydhaerxyynqck71mp117ty,-
4339,minted,t1lckeea2rgmgawzafrvsyj5fnsbvejxujp,1,t1lckeea2rgmgawzafrvsyj5fnsbvejxujp,-
4340,minted,t1keyd75eld8bvhtjn9r2sqxsomd4uksy3q,1,t1keyd75eld8bvhtjn9r2sqxsomd4uksy3q,-
4342,minted,t1khhgjrucrrbn1jhnlz8ibmtok9tpidfui,1,t1khhgjrucrrbn1jhnlz8ibmtok9tpidfui,-
4343,minted,t1ackjtwvbsfgafminnbmneegdypv9g3gca,1,t1ackjtwvbsfgafminnbmneegdypv9g3gca,-
4345,minted,t1ugnmmfgvei3prgchynzyhugd5qysjpdcd,1,t1ugnmmfgvei3prgchynzyhugd5qysjpdcd,-
4346,minted,t1vnqzdvmveogfsmvu2hqbadttvlfre5fcr,1,t1vnqzdvmveogfsmvu2hqbadttvlfre5fcr,-
4349,minted,t1sjbaodtmts94hhndm1g6gsxs9r56r3fmi,1,t1sjbaodtmts94hhndm1g6gsxs9r56r3fmi,-
4350,minted,t1swxdgrkwwzgzchaqrn1u8n5sr6gsjtt11,1,t1swxdgrkwwzgzchaqrn1u8n5sr6gsjtt11,-
4352,minted,t1harykyjfctqhcswkwobfnqydrtpybcusz,1,t1harykyjfctqhcswkwobfnqydrtpybcusz,-
4354,minted,t1fym6ponzmhqgj1azpaimmy1wzligfzdwt,1,t1fym6ponzmhqgj1azpaimmy1wzligfzdwt,-
4355,minted,t1c3ko29zefpjjtwe5bqs44hkfzmmshqzj2,1,t1c3ko29zefpjjtwe5bqs44hkfzmmshqzj2,-
4358,minted,t1d1phzjprbfb6l3z7bpobkqdzjlavru3zb,1,t1d1phzjprbfb6l3z7bpobkqdzjlavru3zb,-
4359,minted,t1tuhpqkrnvjpjkj3yaenccecenarccfwgv,1,t1tuhpqkrnvjpjkj3yaenccecenarccfwgv,-
4361,minted,t1sjbaodtmts94hhndm1g6gsxs9r56r3fmi,1,t1sjbaodtmts94hhndm1g6gsxs9r56r3fmi,-
4363,minted,t1bzl1asatjjcpee5t3hsqdmpvhw39rmzan,1,t1bzl1asatjjcpee5t3hsqdmpvhw39rmzan,-
4364,minted,t1whphyhzhyom7vainruyucxljcqa1ru38a,1,t1whphyhzhyom7vainruyucxljcqa1ru38a,-
4365,minted,t1lzi24jydjzsfib29wpm2jvp83kwlnkcrb,1,t1lzi24jydjzsfib29wpm2jvp83kwlnkcrb,-
4367,minted,t1rgw6g813bmzoyvyd37iaewney6hditzvq,1,t1rgw6g813bmzoyvyd37iaewney6hditzvq,-
4371,minted,t1pk1uc5ma3yfs7jwim8pje8jqiv36b5eds,1,t1pk1uc5ma3yfs7jwim8pje8jqiv36b5eds,-
4373,minted,t1wmgffiauhm7a7ynhwr3z4gukbvayvtal4,1,t1wmgffiauhm7a7ynhwr3z4gukbvayvtal4,-
4374,minted,t1swxdgrkwwzgzchaqrn1u8n5sr6gsjtt11,1,t1swxdgrkwwzgzchaqrn1u8n5sr6gsjtt11,-
4376,minted,t1lckeea2rgmgawzafrvsyj5fnsbvejxujp,1,t1lckeea2rgmgawzafrvsyj5fnsbvejxujp,-
4377,minted,t1bqz7lcv5ca65pcubguiqdjfy4qhsvzbzz,1,t1bqz7lcv5ca65pcubguiqdjfy4qhsvzbzz,-
4378,minted,t1urpiavkof3253qofgncv8fwp6zaihlsua,1,t1urpiavkof3253qofgncv8fwp6zaihlsua,-
4379,minted,t1wwe8mf17ryho7niz6wlhriaxac5f8qymi,1,t1wwe8mf17ryho7niz6wlhriaxac5f8qymi,-
4380,minted,t1egohrhbvkcebhmzf9xvxfy86njvkjkssa,1,t1egohrhbvkcebhmzf9xvxfy86njvkjkssa,-
4381,minted,t1gfxpmbrdeohuwrzcrms99tghjuw7fufyu,1,t1gfxpmbrdeohuwrzcrms99tghjuw7fufyu,-
4382,minted,t1pudhqtsiqkwcge7gr3yo48b8ihw7s76ko,1,t1pudhqtsiqkwcge7gr3yo48b8ihw7s76ko,-
4383,minted,t1rzuxxwngrsk2wjkaaa5npsgm9x3dawtcf,1,t1rzuxxwngrsk2wjkaaa5npsgm9x3dawtcf,-
4384,minted,t1tm4ukzttclqbius6oqzhbb5wla9soo3ii,1,t1tm4ukzttclqbius6oqzhbb5wla9soo3ii,-
4385,minted,t1g797iuz3hzgkyxzuxjlukm7a8juqndwnv,1,t1g797iuz3hzgkyxzuxjlukm7a8juqndwnv,-
4386,minted,t1tqmu6mujknd7ieks9wpikrwswzdcxkdfc,1,t1tqmu6mujknd7ieks9wpikrwswzdcxkdfc,-
4389,minted,t1j5hnk9mbw9mim4qixc73mlpilmbaytvfu,1,t1j5hnk9mbw9mim4qixc73mlpilmbaytvfu,-
4391,minted,t1xhfqj7mpkskx4zd7xnhulq6g78c8sz4k5,1,t1xhfqj7mpkskx4zd7xnhulq6g78c8sz4k5,-
4393,minted,t1eqrq34pr3zkecprjvanrxmpdpxt32j8tv,1,t1eqrq34pr3zkecprjvanrxmpdpxt32j8tv,-
4396,minted,t1plzelr9uehatsdzm1kb57wz8bnd9p1hdl,1,t1plzelr9uehatsdzm1kb57wz8bnd9p1hdl,-
4397,minted,t1qyfewbckpqy1q8ck5f5g2yv69urgdtdab,1,t1qyfewbckpqy1q8ck5f5g2yv69urgdtdab,-
4398,minted,t1rn9twhetr1qorngpsri97eljaymkuz6ez,1,t1rn9twhetr1qorngpsri97eljaymkuz6ez,-
4399,minted,t1fygwxb9m6az4j3jftu52yeg2btdajqw5j,1,t1fygwxb9m6az4j3jftu52yeg2btdajqw5j,-
4400,minted,t1rjxectx3e63ydhaerxyynqck71mp117ty,1,t1rjxectx3e63ydhaerxyynqck71mp117ty,-
4401,minted,t1qunysptkw1jvmv2abfvljustmikybvfiy,1,t1qunysptkw1jvmv2abfvljustmikybvfiy,-
4402,minted,t1nmcjpeuqab3ghpbqpfzg7xypw3th4krnp,1,t1nmcjpeuqab3ghpbqpfzg7xypw3th4krnp,-
4405,minted,t1nveuzt6vcr9tm2p2xd1gxdbnwyo6rrd39,1,t1nveuzt6vcr9tm2p2xd1gxdbnwyo6rrd39,-
4407,minted,t1d7guc3dpm6udkueebf5lxbazbetnavxv3,1,t1d7guc3dpm6udkueebf5lxbazbetnavxv3,-
4408,minted,t1wfqvahfqki118grvxx59xppvbjjo61emf,1,t1wfqvahfqki118grvxx59xppvbjjo61emf,-
4411,minted,t1rivrni4ifxjxgjcn8zu5kqqf5s3omngkl,1,t1rivrni4ifxjxgjcn8zu5kqqf5s3omngkl,-
4417,minted,t1d1phzjprbfb6l3z7bpobkqdzjlavru3zb,1,t1d1phzjprbfb6l3z7bpobkqdzjlavru3zb,-
4418,minted,t1bqz7lcv5ca65pcubguiqdjfy4qhsvzbzz,1,t1bqz7lcv5ca65pcubguiqdjfy4qhsvzbzz,-
4419,minted,t1wjymzb8eklefe8jcxdxijvxwrbxybmig5,1,t1wjymzb8eklefe8jcxdxijvxwrbxybmig5,-
4420,minted,t1nveuzt6vcr9tm2p2xd1gxdbnwyo6rrd39,1,t1nveuzt6vcr9tm2p2xd1gxdbnwyo6rrd39,-
4421,minted,t1rgw6g813bmzoyvyd37iaewney6hditzvq,1,t1rgw6g813bmzoyvyd37iaewney6hditzvq,-
4422,minted,t1txjy2pkqzgyamblaeqkfjox5cszkk2fn4,1,t1txjy2pkqzgyamblaeqkfjox5cszkk2fn4,-
4423,minted,t1mn1hixkseswrzwe7jbk82flewryugjtc9,1,t1mn1hixkseswrzwe7jbk82flewryugjtc9,-
4424,minted,t1t954bo5mpnjpjqri544hnaazmwxuvgpmh,1,t1t954bo5mpnjpjqri544hnaazmwxuvgpmh,-
4426,minted,t1vcwc3cycthart9cxhmse14bwj8wdpdqpk,1,t1vcwc3cycthart9cxhmse14bwj8wdpdqpk,-
4433,minted,t1wwe8mf17ryho7niz6wlhriaxac5f8qymi,1,t1wwe8mf17ryho7niz6wlhriaxac5f8qymi,-
4434,minted,t1lzi24jydjzsfib29wpm2jvp83kwlnkcrb,1,t1lzi24jydjzsfib29wpm2jvp83kwlnkcrb,-
4437,minted,t1j6cf6hxanfe3cpv6silkosgyrxwvb4po1,1,t1j6cf6hxanfe3cpv6silkosgyrxwvb4po1,-
4438,minted,t1sg7teea9tkjymwsffeq3aqyczdvpknsny,1,t1sg7teea9tkjymwsffeq3aqyczdvpknsny,-
4439,minted,t1fcmnktgqtxnnsq9llfxityrj12uteieuk,1,t1fcmnktgqtxnnsq9llfxityrj12uteieuk,-
4440,minted,t1vaehdcmet6fn2nqxc2wufegjj9tnizcz1,1,t1vaehdcmet6fn2nqxc2wufegjj9tnizcz1,-
4441,minted,t1yezkfeppcwa16xtjkhfes91yzlcvkauvm,1,t1yezkfeppcwa16xtjkhfes91yzlcvkauvm,-
4443,minted,t1eqrq34pr3zkecprjvanrxmpdpxt32j8tv,1,t1eqrq34pr3zkecprjvanrxmpdpxt32j8tv,-
4445,minted,t1plzelr9uehatsdzm1kb57wz8bnd9p1hdl,1,t1plzelr9uehatsdzm1kb57wz8bnd9p1hdl,-
4446,minted,t1pym9hcnf7vl6jt4lnq1f3ko2jzzcqq9om,1,t1pym9hcnf7vl6jt4lnq1f3ko2jzzcqq9om,-
4447,minted,t1nveuzt6vcr9tm2p2xd1gxdbnwyo6rrd39,1,t1nveuzt6vcr9tm2p2xd1gxdbnwyo6rrd39,-
4448,minted,t1vxzayz2wtcgluk2rrlctxr5ivjzzfmluy,1,t1vxzayz2wtcgluk2rrlctxr5ivjzzfmluy,-
4451,minted,t1zuffvd1tk6pux9r8zbojyoajsmip5awra,1,t1zuffvd1tk6pux9r8zbojyoajsmip5awra,-
4452,minted,t1d1phzjprbfb6l3z7bpobkqdzjlavru3zb,1,t1d1phzjprbfb6l3z7bpobkqdzjlavru3zb,-
4455,minted,t1pk1uc5ma3yfs7jwim8pje8jqiv36b5eds,1,t1pk1uc5ma3yfs7jwim8pje8jqiv36b5eds,-
4456,minted,t1swxdgrkwwzgzchaqrn1u8n5sr6gsjtt11,1,t1swxdgrkwwzgzchaqrn1u8n5sr6gsjtt11,-
4457,minted,t1ad5mp7aux3fxfv5hwtjfeiihcdtb71smg,1,t1ad5mp7aux3fxfv5hwtjfeiihcdtb71smg,-
4458,minted,t1x3y1a1mjibencqksuu4yugyhjk7xednho,1,t1x3y1a1mjibencqksuu4yugyhjk7xednho,-
4459,minted,t1yvnhrmuhezqczspzi71yd8xk4xfywy5vg,1,t1yvnhrmuhezqczspzi71yd8xk4xfywy5vg,-
4462,minted,t1ceuykreawgbzptq5b4crcjswqgk3iwcvu,1,t1ceuykreawgbzptq5b4crcjswqgk3iwcvu,-
4464,minted,t1rximgyakaxnwqz9asp6bbnkwfkfbif1fc,1,t1rximgyakaxnwqz9asp6bbnkwfkfbif1fc,-
4466,minted,t1ad5mp7aux3fxfv5hwtjfeiihcdtb71smg,1,t1ad5mp7aux3fxfv5hwtjfeiihcdtb71smg,-
4467,minted,t1geadqaiqyvgaoog8vhocum1sq6scajdbe,1,t1geadqaiqyvgaoog8vhocum1sq6scajdbe,-
4468,minted,t1sg7teea9tkjymwsffeq3aqyczdvpknsny,1,t1sg7teea9tkjymwsffeq3aqyczdvpknsny,-
4469,minted,t1vxzayz2wtcgluk2rrlctxr5ivjzzfmluy,1,t1vxzayz2wtcgluk2rrlctxr5ivjzzfmluy,-
4470,minted,t1kdc4eo3wd5tid6pledtetlckl7ngo9zze,1,t1kdc4eo3wd5tid6pledtetlckl7ngo9zze,-
4471,minted,t1roxdrmb2qgdvzwejbtpl7assozek7uhnb,1,t1roxdrmb2qgdvzwejbtpl7assozek7uhnb,-
4472,minted,t1roxdrmb2qgdvzwejbtpl7assozek7uhnb,1,t1roxdrmb2qgdvzwejbtpl7assozek7uhnb,-
4473,minted,t1rnjbkm81ui7zsy2z2udyi7bil5xvjspvh,1,t1rnjbkm81ui7zsy2z2udyi7bil5xvjspvh,-
4477,minted,t1c9zdg3amocc9xwk4s522bp5c9ye5x4d6p,1,t1c9zdg3amocc9xwk4s522bp5c9ye5x4d6p,-
4479,minted,t1bqz7lcv5ca65pcubguiqdjfy4qhsvzbzz,1,t1bqz7lcv5ca65pcubguiqdjfy4qhsvzbzz,-
4481,minted,t1dvmn42ahlgqhk4eaqcg8hticmc7sdu4mn,1,t1dvmn42ahlgqhk4eaqcg8hticmc7sdu4mn,-
4482,minted,t1wsplngf6kmka6fx1n2bs7bgy6r1rsbzff,1,t1wsplngf6kmka6fx1n2bs7bgy6r1rsbzff,-
4483,minted,t1sjbaodtmts94hhndm1g6gsxs9r56r3fmi,1,t1sjbaodtmts94hhndm1g6gsxs9r56r3fmi,-
4486,minted,t1ackjtwvbsfgafminnbmneegdypv9g3gca,1,t1ackjtwvbsfgafminnbmneegdypv9g3gca,-
4487,minted,t1geadqaiqyvgaoog8vhocum1sq6scajdbe,1,t1geadqaiqyvgaoog8vhocum1sq6scajdbe,-
4490,minted,t1tm4ukzttclqbius6oqzhbb5wla9soo3ii,1,t1tm4ukzttclqbius6oqzhbb5wla9soo3ii,-
4495,minted,t1lz7kt1duyahmqzcuxp8jvrcvy1ps6so6e,1,t1lz7kt1duyahmqzcuxp8jvrcvy1ps6so6e,-
4499,minted,t1mh8fytskubkcsbwy9r79xf6jgnchjyz4m,1,t1mh8fytskubkcsbwy9r79xf6jgnchjyz4m,-
4500,minted,t1kl4fasdmwjcjpikeb4yrog6uddknzw5fv,1,t1kl4fasdmwjcjpikeb4yrog6uddknzw5fv,-
4501,minted,t1ad5mp7aux3fxfv5hwtjfeiihcdtb71smg,1,t1ad5mp7aux3fxfv5hwtjfeiihcdtb71smg,-
4502,minted,t1tqcxffgu5zraefnaa33hbh4bsfjjbv9rv,1,t1tqcxffgu5zraefnaa33hbh4bsfjjbv9rv,-
4503,minted,t1lrhgxugmpqro1hz8uuzxfsxysdaqg5kup,1,t1lrhgxugmpqro1hz8uuzxfsxysdaqg5kup,-
4505,minted,t1vlqp3zm55bd1ltecwhwyceev4gtkgfhyh,1,t1vlqp3zm55bd1ltecwhwyceev4gtkgfhyh,-
4506,minted,t1wuc9smduamu6tphqqkn5nhkq9jcfwljzv,1,t1wuc9smduamu6tphqqkn5nhkq9jcfwljzv,-
4509,minted,t1keyd75eld8bvhtjn9r2sqxsomd4uksy3q,1,t1keyd75eld8bvhtjn9r2sqxsomd4uksy3q,-
4513,minted,t1egohrhbvkcebhmzf9xvxfy86njvkjkssa,1,t1egohrhbvkcebhmzf9xvxfy86njvkjkssa,-
4517,minted,t1mn1hixkseswrzwe7jbk82flewryugjtc9,1,t1mn1hixkseswrzwe7jbk82flewryugjtc9,-
4518,minted,t1zuffvd1tk6pux9r8zbojyoajsmip5awra,1,t1zuffvd1tk6pux9r8zbojyoajsmip5awra,-
4520,minted,t1uwhgycnxruf62kfea3wefuetqlahxttqv,1,t1uwhgycnxruf62kfea3wefuetqlahxttqv,-
4521,minted,t1utwwsaslf2xhdaec4hnfbewky6k9e6yqi,1,t1utwwsaslf2xhdaec4hnfbewky6k9e6yqi,-
4522,minted,t1kcuw1npvr56on7dbzkddjob41akjlwe2h,1,t1kcuw1npvr56on7dbzkddjob41akjlwe2h,-
4523,minted,t1rivrni4ifxjxgjcn8zu5kqqf5s3omngkl,1,t1rivrni4ifxjxgjcn8zu5kqqf5s3omngkl,-
4528,minted,t1lhzuuduqgkqm4dppbwnmhb5jhlmjuz7qn,1,t1lhzuuduqgkqm4dppbwnmhb5jhlmjuz7qn,-
4531,minted,t1dggdv9xnrzge2juzmaxew28j7e217yu3g,1,t1dggdv9xnrzge2juzmaxew28j7e217yu3g,-
4534,minted,t1jdsfjfc6ydm63jvp9jtmykdxyyxrrtqek,1,t1jdsfjfc6ydm63jvp9jtmykdxyyxrrtqek,-
4536,minted,t1lckeea2rgmgawzafrvsyj5fnsbvejxujp,1,t1lckeea2rgmgawzafrvsyj5fnsbvejxujp,-
4538,minted,t1aphfzzmcujqhuenxl5odscmyv97ti5dwv,1,t1aphfzzmcujqhuenxl5odscmyv97ti5dwv,-
4539,minted,t1wdk8ftmqhutjtpqoftehpxunlkfuvyspm,1,t1wdk8ftmqhutjtpqoftehpxunlkfuvyspm,-
4540,minted,t1rgw6g813bmzoyvyd37iaewney6hditzvq,1,t1rgw6g813bmzoyvyd37iaewney6hditzvq,-
4541,minted,t1sjbaodtmts94hhndm1g6gsxs9r56r3fmi,1,t1sjbaodtmts94hhndm1g6gsxs9r56r3fmi,-
4542,minted,t1uijcpndrzgcmqlg67y8ld8xailbijq9ku,1,t1uijcpndrzgcmqlg67y8ld8xailbijq9ku,-
4543,minted,t1geadqaiqyvgaoog8vhocum1sq6scajdbe,1,t1geadqaiqyvgaoog8vhocum1sq6scajdbe,-
4544,minted,t1sjbaodtmts94hhndm1g6gsxs9r56r3fmi,1,t1sjbaodtmts94hhndm1g6gsxs9r56r3fmi,-
4545,minted,t1qupqtxglgncbo4msuegxdvjmbyunvptdb,1,t1qupqtxglgncbo4msuegxdvjmbyunvptdb,-
4546,minted,t1harykyjfctqhcswkwobfnqydrtpybcusz,1,t1harykyjfctqhcswkwobfnqydrtpybcusz,-
4548,minted,t1d7guc3dpm6udkueebf5lxbazbetnavxv3,1,t1d7guc3dpm6udkueebf5lxbazbetnavxv3,-
4549,minted,t1xzzv9apfaq5ypoekiegwcq2tuf4vr1g2a,1,t1xzzv9apfaq5ypoekiegwcq2tuf4vr1g2a,-
4551,minted,t1aphfzzmcujqhuenxl5odscmyv97ti5dwv,1,t1aphfzzmcujqhuenxl5odscmyv97ti5dwv,-
4555,minted,t1nmcjpeuqab3ghpbqpfzg7xypw3th4krnp,1,t1nmcjpeuqab3ghpbqpfzg7xypw3th4krnp,-
4556,minted,t1lz7kt1duyahmqzcuxp8jvrcvy1ps6so6e,1,t1lz7kt1duyahmqzcuxp8jvrcvy1ps6so6e,-
4557,minted,t1rnjbkm81ui7zsy2z2udyi7bil5xvjspvh,1,t1rnjbkm81ui7zsy2z2udyi7bil5xvjspvh,-
4558,minted,t1rjzv5uwdzvt21f38kneupzmmtqs9bsmym,1,t1rjzv5uwdzvt21f38kneupzmmtqs9bsmym,-
4559,minted,t1lzi24jydjzsfib29wpm2jvp83kwlnkcrb,1,t1lzi24jydjzsfib29wpm2jvp83kwlnkcrb,-
4561,minted,t1rmhswkzucw9ub1owuggjwv6lbrvbfxczv,1,t1rmhswkzucw9ub1owuggjwv6lbrvbfxczv,-
4562,minted,t1rnjbkm81ui7zsy2z2udyi7bil5xvjspvh,1,t1rnjbkm81ui7zsy2z2udyi7bil5xvjspvh,-
4564,minted,t1harykyjfctqhcswkwobfnqydrtpybcusz,1,t1harykyjfctqhcswkwobfnqydrtpybcusz,-
4565,minted,t1n2xu9lwtm2ht86utphhhi1umgppn6lfw5,1,t1n2xu9lwtm2ht86utphhhi1umgppn6lfw5,-
4566,minted,t1x9htyvqsm7g3u16ou4kg53hon7cpdivpe,1,t1x9htyvqsm7g3u16ou4kg53hon7cpdivpe,-
4567,minted,t1ry1amqjxbasfn4g54vejjhgfwhqyau6kq,1,t1ry1amqjxbasfn4g54vejjhgfwhqyau6kq,-
4568,minted,t1lzpx1jbaka9jlgu26bfufmqgkbk9vhhyq,1,t1lzpx1jbaka9jlgu26bfufmqgkbk9vhhyq,-
4570,minted,t1sjbaodtmts94hhndm1g6gsxs9r56r3fmi,1,t1sjbaodtmts94hhndm1g6gsxs9r56r3fmi,-
4571,minted,t1zvfc8q8ritdcmiyfuo4k1sytbf7fgtggs,1,t1zvfc8q8ritdcmiyfuo4k1sytbf7fgtggs,-
4572,minted,t1tm4ukzttclqbius6oqzhbb5wla9soo3ii,1,t1tm4ukzttclqbius6oqzhbb5wla9soo3ii,-
4576,minted,t1fym6ponzmhqgj1azpaimmy1wzligfzdwt,1,t1fym6ponzmhqgj1azpaimmy1wzligfzdwt,-
4580,minted,t1vnqzdvmveogfsmvu2hqbadttvlfre5fcr,1,t1vnqzdvmveogfsmvu2hqbadttvlfre5fcr,-
4582,minted,t1qlpbfcgqthby7gtqlcxjemd3unmdc17p9,1,t1qlpbfcgqthby7gtqlcxjemd3unmdc17p9,-
4585,minted,t1nmcjpeuqab3ghpbqpfzg7xypw3th4krnp,1,t1nmcjpeuqab3ghpbqpfzg7xypw3th4krnp,-
4586,minted,t1fym6ponzmhqgj1azpaimmy1wzligfzdwt,1,t1fym6ponzmhqgj1azpaimmy1wzligfzdwt,-
4587,minted,t1fygwxb9m6az4j3jftu52yeg2btdajqw5j,1,t1fygwxb9m6az4j3jftu52yeg2btdajqw5j,-
4588,minted,t1d7guc3dpm6udkueebf5lxbazbetnavxv3,1,t1d7guc3dpm6udkueebf5lxbazbetnavxv3,-
4590,minted,t1sg7teea9tkjymwsffeq3aqyczdvpknsny,1,t1sg7teea9tkjymwsffeq3aqyczdvpknsny,-
4591,minted,t1y7dtde9rxmxgbxrqlk9vsraqztczp89m1,1,t1y7dtde9rxmxgbxrqlk9vsraqztczp89m1,-
4593,minted,t1zvfc8q8ritdcmiyfuo4k1sytbf7fgtggs,1,t1zvfc8q8ritdcmiyfuo4k1sytbf7fgtggs,-
4594,minted,t1b4xybydvhinc2qasg9zgtdrqmxqyb6ax7,1,t1b4xybydvhinc2qasg9zgtdrqmxqyb6ax7,-
4595,minted,t1ldpz7hjrtq2ungknph3lf8ihehlsmebsv,1,t1ldpz7hjrtq2ungknph3lf8ihehlsmebsv,-
4596,minted,t1uufoxnydajnj5x2jxumh4qmu2wrfagbnu,1,t1uufoxnydajnj5x2jxumh4qmu2wrfagbnu,-
4597,minted,t1c4j1rmlwwpelu6xcjqb9zheujusethjcx,1,t1c4j1rmlwwpelu6xcjqb9zheujusethjcx,-
4598,minted,t1yezkfeppcwa16xtjkhfes91yzlcvkauvm,1,t1yezkfeppcwa16xtjkhfes91yzlcvkauvm,-
4599,minted,t1nmcjpeuqab3ghpbqpfzg7xypw3th4krnp,1,t1nmcjpeuqab3ghpbqpfzg7xypw3th4krnp,-
4600,minted,t1vxzayz2wtcgluk2rrlctxr5ivjzzfmluy,1,t1vxzayz2wtcgluk2rrlctxr5ivjzzfmluy,-
4604,minted,t1dfjru8b7hjg8t7zxhdcuctfffw7b71alt,1,t1dfjru8b7hjg8t7zxhdcuctfffw7b71alt,-
4607,minted,t1tm4ukzttclqbius6oqzhbb5wla9soo3ii,1,t1tm4ukzttclqbius6oqzhbb5wla9soo3ii,-
4609,minted,t1kcfed5andgkefujlxgiwlyrrxrewicggr,1,t1kcfed5andgkefujlxgiwlyrrxrewicggr,-
4611,minted,t1dmol5cxocwndah9cyqydl3ntxv3kh4ysd,1,t1dmol5cxocwndah9cyqydl3ntxv3kh4ysd,-
4616,minted,t1sjbaodtmts94hhndm1g6gsxs9r56r3fmi,1,t1sjbaodtmts94hhndm1g6gsxs9r56r3fmi,-
4617,minted,t1qbjuqt1hbqzrjjz9u4532oitwefqemvtp,1,t1qbjuqt1hbqzrjjz9u4532oitwefqemvtp,-
4618,minted,t1kwrij5yvuj3a1paujxjjzxm9mhyz53t1e,1,t1kwrij5yvuj3a1paujxjjzxm9mhyz53t1e,-
4620,minted,t1xkb2xu5cytyrh46mgtxqe9rbuvcwmdxbw,1,t1xkb2xu5cytyrh46mgtxqe9rbuvcwmdxbw,-
4621,minted,t1dxhdbxbic87ktuvucaxyug62g2binylpj,1,t1dxhdbxbic87ktuvucaxyug62g2binylpj,-
4622,minted,t1x3y1a1mjibencqksuu4yugyhjk7xednho,1,t1x3y1a1mjibencqksuu4yugyhjk7xednho,-
4623,minted,t1plzelr9uehatsdzm1kb57wz8bnd9p1hdl,1,t1plzelr9uehatsdzm1kb57wz8bnd9p1hdl,-
4624,minted,t1q3k7lwfkwzyxbpwjrqe9mewfw7iqwbbpg,1,t1q3k7lwfkwzyxbpwjrqe9mewfw7iqwbbpg,-
4625,minted,t1p5vrsuo2qdsnk3npp3scfrsayer2cnxqu,1,t1p5vrsuo2qdsnk3npp3scfrsayer2cnxqu,-
4628,minted,t1lzi24jydjzsfib29wpm2jvp83kwlnkcrb,1,t1lzi24jydjzsfib29wpm2jvp83kwlnkcrb,-
4630,minted,t1jvt6adsbpyma35n5p6zjiyjntu8abhw4z,1,t1jvt6adsbpyma35n5p6zjiyjntu8abhw4z,-
4631,minted,t1ugnmmfgvei3prgchynzyhugd5qysjpdcd,1,t1ugnmmfgvei3prgchynzyhugd5qysjpdcd,-
4635,minted,t1yezkfeppcwa16xtjkhfes91yzlcvkauvm,1,t1yezkfeppcwa16xtjkhfes91yzlcvkauvm,-
4637,minted,t1ry1amqjxbasfn4g54vejjhgfwhqyau6kq,1,t1ry1amqjxbasfn4g54vejjhgfwhqyau6kq,-
4638,minted,t1jdsfjfc6ydm63jvp9jtmykdxyyxrrtqek,1,t1jdsfjfc6ydm63jvp9jtmykdxyyxrrtqek,-
4639,minted,t1c9zdg3amocc9xwk4s522bp5c9ye5x4d6p,1,t1c9zdg3amocc9xwk4s522bp5c9ye5x4d6p,-
4641,minted,t1alunes1f8r7ps4wmmmecqrg2jdhgcryqk,1,t1alunes1f8r7ps4wmmmecqrg2jdhgcryqk,-
4642,minted,t1fulu1jlxahglec9lbpiuydcd9w89sbfvr,1,t1fulu1jlxahglec9lbpiuydcd9w89sbfvr,-
4644,minted,t1roxdrmb2qgdvzwejbtpl7assozek7uhnb,1,t1roxdrmb2qgdvzwejbtpl7assozek7uhnb,-
4645,minted,t1ackjtwvbsfgafminnbmneegdypv9g3gca,1,t1ackjtwvbsfgafminnbmneegdypv9g3gca,-
4648,minted,t1ugnmmfgvei3prgchynzyhugd5qysjpdcd,1,t1ugnmmfgvei3prgchynzyhugd5qysjpdcd,-
4649,minted,t1tdx3jecge1dd9pmzxuaphvjm5hyq2c7wn,1,t1tdx3jecge1dd9pmzxuaphvjm5hyq2c7wn,-
4650,minted,t1lckeea2rgmgawzafrvsyj5fnsbvejxujp,1,t1lckeea2rgmgawzafrvsyj5fnsbvejxujp,-
4652,minted,t1sr6chzdkmsqdhljwqatpsgchaqhgrps9a,1,t1sr6chzdkmsqdhljwqatpsgchaqhgrps9a,-
4654,minted,t1d1phzjprbfb6l3z7bpobkqdzjlavru3zb,1,t1d1phzjprbfb6l3z7bpobkqdzjlavru3zb,-
4655,minted,t1b4xybydvhinc2qasg9zgtdrqmxqyb6ax7,1,t1b4xybydvhinc2qasg9zgtdrqmxqyb6ax7,-
4658,minted,t1b3zgxvh3pagwffnadb6adlat9lgwdc1sd,1,t1b3zgxvh3pagwffnadb6adlat9lgwdc1sd,-
4660,minted,t1yhhkhqqqgtgr7fqa2ce1pcagqxwt5xwcy,1,t1yhhkhqqqgtgr7fqa2ce1pcagqxwt5xwcy,-
4662,minted,t1p5vrsuo2qdsnk3npp3scfrsayer2cnxqu,1,t1p5vrsuo2qdsnk3npp3scfrsayer2cnxqu,-
4663,minted,t1ackjtwvbsfgafminnbmneegdypv9g3gca,1,t1ackjtwvbsfgafminnbmneegdypv9g3gca,-
4665,minted,t1rgw6g813bmzoyvyd37iaewney6hditzvq,1,t1rgw6g813bmzoyvyd37iaewney6hditzvq,-
4666,minted,t1redydp4vcmaufwpkoihptr3ommyslnmxu,1,t1redydp4vcmaufwpkoihptr3ommyslnmxu,-
4667,minted,t1keyd75eld8bvhtjn9r2sqxsomd4uksy3q,1,t1keyd75eld8bvhtjn9r2sqxsomd4uksy3q,-
4670,minted,t1ldpz7hjrtq2ungknph3lf8ihehlsmebsv,1,t1ldpz7hjrtq2ungknph3lf8ihehlsmebsv,-
4672,minted,t1psnfhk4ildwruk9t5s955rcsdypgkzlch,1,t1psnfhk4ildwruk9t5s955rcsdypgkzlch,-
4673,minted,t1zuffvd1tk6pux9r8zbojyoajsmip5awra,1,t1zuffvd1tk6pux9r8zbojyoajsmip5awra,-
4674,minted,t1pwsn53ukb4e4zbf22ebcxlb7mw548bnjw,1,t1pwsn53ukb4e4zbf22ebcxlb7mw548bnjw,-
4676,minted,t1yfgvhdolzlcwgbxa54mnc4hzjhm9jiteh,1,t1yfgvhdolzlcwgbxa54mnc4hzjhm9jiteh,-
4679,minted,t1jts8xyoc3stscbtkbkpdspd3detcnfb4u,1,t1jts8xyoc3stscbtkbkpdspd3detcnfb4u,-
4680,minted,t1dggdv9xnrzge2juzmaxew28j7e217yu3g,1,t1dggdv9xnrzge2juzmaxew28j7e217yu3g,-
4682,minted,t1k1k3lvujfthpw1rx5gye1wt1w3nfffkuz,1,t1k1k3lvujfthpw1rx5gye1wt1w3nfffkuz,-
4685,minted,t1utwwsaslf2xhdaec4hnfbewky6k9e6yqi,1,t1utwwsaslf2xhdaec4hnfbewky6k9e6yqi,-
4686,minted,t1tqmu6mujknd7ieks9wpikrwswzdcxkdfc,1,t1tqmu6mujknd7ieks9wpikrwswzdcxkdfc,-
4687,minted,t1k1k3lvujfthpw1rx5gye1wt1w3nfffkuz,1,t1k1k3lvujfthpw1rx5gye1wt1w3nfffkuz,-
4689,minted,t1qupqtxglgncbo4msuegxdvjmbyunvptdb,1,t1qupqtxglgncbo4msuegxdvjmbyunvptdb,-
4691,minted,t1kb1xwl5gubbnqcjh51roehmwpvng7irxc,1,t1kb1xwl5gubbnqcjh51roehmwpvng7irxc,-
4692,minted,t1mtavq1npudpebkzr8zi77fv6hdw874cm9,1,t1mtavq1npudpebkzr8zi77fv6hdw874cm9,-
4693,minted,t1uijcpndrzgcmqlg67y8ld8xailbijq9ku,1,t1uijcpndrzgcmqlg67y8ld8xailbijq9ku,-
4695,minted,t1vf4k61qeseulhxpzkjch3nb3q1vw6fvx9,1,t1vf4k61qeseulhxpzkjch3nb3q1vw6fvx9,-
4698,minted,t1kcuw1npvr56on7dbzkddjob41akjlwe2h,1,t1kcuw1npvr56on7dbzkddjob41akjlwe2h,-
4699,minted,t1uwhgycnxruf62kfea3wefuetqlahxttqv,1,t1uwhgycnxruf62kfea3wefuetqlahxttqv,-
4701,minted,t1qbjuqt1hbqzrjjz9u4532oitwefqemvtp,1,t1qbjuqt1hbqzrjjz9u4532oitwefqemvtp,-
4702,minted,t1c9zdg3amocc9xwk4s522bp5c9ye5x4d6p,1,t1c9zdg3amocc9xwk4s522bp5c9ye5x4d6p,-
4705,minted,t1wdk8ftmqhutjtpqoftehpxunlkfuvyspm,1,t1wdk8ftmqhutjtpqoftehpxunlkfuvyspm,-
4707,minted,t1dfjru8b7hjg8t7zxhdcuctfffw7b71alt,1,t1dfjru8b7hjg8t7zxhdcuctfffw7b71alt,-
4710,minted,t1qpeclgkhmw4xgk2v6kaixumhjf5pehox1,1,t1qpeclgkhmw4xgk2v6kaixumhjf5pehox1,-
4714,minted,t1nveuzt6vcr9tm2p2xd1gxdbnwyo6rrd39,1,t1nveuzt6vcr9tm2p2xd1gxdbnwyo6rrd39,-
4716,minted,t1c3ko29zefpjjtwe5bqs44hkfzmmshqzj2,1,t1c3ko29zefpjjtwe5bqs44hkfzmmshqzj2,-
4717,minted,t1xkjq7z7dq1s1ksfux7qnk9l8a5rtjxapu,1,t1xkjq7z7dq1s1ksfux7qnk9l8a5rtjxapu,-
4718,minted,t1fcmnktgqtxnnsq9llfxityrj12uteieuk,1,t1fcmnktgqtxnnsq9llfxityrj12uteieuk,-
4720,minted,t1utwwsaslf2xhdaec4hnfbewky6k9e6yqi,1,t1utwwsaslf2xhdaec4hnfbewky6k9e6yqi,-
4722,minted,t1kpwnwxtu8wf5g5twdruqbnh4bi6tohrtn,1,t1kpwnwxtu8wf5g5twdruqbnh4bi6tohrtn,-
4723,minted,t1yjskwibrp2r3pfsrvhuxbgekfiizawzh2,1,t1yjskwibrp2r3pfsrvhuxbgekfiizawzh2,-
4724,minted,t1aphfzzmcujqhuenxl5odscmyv97ti5dwv,1,t1aphfzzmcujqhuenxl5odscmyv97ti5dwv,-
4725,minted,t1pk1uc5ma3yfs7jwim8pje8jqiv36b5eds,1,t1pk1uc5ma3yfs7jwim8pje8jqiv36b5eds,-
4726,minted,t1wsplngf6kmka6fx1n2bs7bgy6r1rsbzff,1,t1wsplngf6kmka6fx1n2bs7bgy6r1rsbzff,-
4729,minted,t1roxdrmb2qgdvzwejbtpl7assozek7uhnb,1,t1roxdrmb2qgdvzwejbtpl7assozek7uhnb,-
4730,minted,t1pcjiaepled7najcti7vxpgjjzhji5m3fg,1,t1pcjiaepled7najcti7vxpgjjzhji5m3fg,-
4732,minted,t1ry1amqjxbasfn4g54vejjhgfwhqyau6kq,1,t1ry1amqjxbasfn4g54vejjhgfwhqyau6kq,-
4733,minted,t1kpwnwxtu8wf5g5twdruqbnh4bi6tohrtn,1,t1kpwnwxtu8wf5g5twdruqbnh4bi6tohrtn,-
4734,minted,t1d1phzjprbfb6l3z7bpobkqdzjlavru3zb,1,t1d1phzjprbfb6l3z7bpobkqdzjlavru3zb,-
4735,minted,t1ceuykreawgbzptq5b4crcjswqgk3iwcvu,1,t1ceuykreawgbzptq5b4crcjswqgk3iwcvu,-
4736,minted,t1gtptcbamzdtc583kadl9r6xgycqhq4pq8,1,t1gtptcbamzdtc583kadl9r6xgycqhq4pq8,-
4737,minted,t1plzelr9uehatsdzm1kb57wz8bnd9p1hdl,1,t1plzelr9uehatsdzm1kb57wz8bnd9p1hdl,-
4738,minted,t1wwe8mf17ryho7niz6wlhriaxac5f8qymi,1,t1wwe8mf17ryho7niz6wlhriaxac5f8qymi,-
4739,minted,t1qbjuqt1hbqzrjjz9u4532oitwefqemvtp,1,t1qbjuqt1hbqzrjjz9u4532oitwefqemvtp,-
4740,minted,t1pwsn53ukb4e4zbf22ebcxlb7mw548bnjw,1,t1pwsn53ukb4e4zbf22ebcxlb7mw548bnjw,-
4742,minted,t1zuffvd1tk6pux9r8zbojyoajsmip5awra,1,t1zuffvd1tk6pux9r8zbojyoajsmip5awra,-
4743,minted,t1z6wmzrucnzzeytapanyucbttqraopcsxz,1,t1z6wmzrucnzzeytapanyucbttqraopcsxz,-
4746,minted,t1qbjuqt1hbqzrjjz9u4532oitwefqemvtp,1,t1qbjuqt1hbqzrjjz9u4532oitwefqemvtp,-
4748,minted,t1keyd75eld8bvhtjn9r2sqxsomd4uksy3q,1,t1keyd75eld8bvhtjn9r2sqxsomd4uksy3q,-
4749,minted,t1swxdgrkwwzgzchaqrn1u8n5sr6gsjtt11,1,t1swxdgrkwwzgzchaqrn1u8n5sr6gsjtt11,-
4751,minted,t1dggdv9xnrzge2juzmaxew28j7e217yu3g,1,t1dggdv9xnrzge2juzmaxew28j7e217yu3g,-
4753,minted,t1swxdgrkwwzgzchaqrn1u8n5sr6gsjtt11,1,t1swxdgrkwwzgzchaqrn1u8n5sr6gsjtt11,-
4754,minted,t1d7guc3dpm6udkueebf5lxbazbetnavxv3,1,t1d7guc3dpm6udkueebf5lxbazbetnavxv3,-
4756,minted,t1gfxpmbrdeohuwrzcrms99tghjuw7fufyu,1,t1gfxpmbrdeohuwrzcrms99tghjuw7fufyu,-
4758,minted,t1lckeea2rgmgawzafrvsyj5fnsbvejxujp,1,t1lckeea2rgmgawzafrvsyj5fnsbvejxujp,-
4759,minted,t1hd8yo89x2kkepbmtnc4sigq5uohoqpfjc,1,t1hd8yo89x2kkepbmtnc4sigq5uohoqpfjc,-
4760,minted,t1rnjbkm81ui7zsy2z2udyi7bil5xvjspvh,1,t1rnjbkm81ui7zsy2z2udyi7bil5xvjspvh,-
4761,minted,t1jdsfjfc6ydm63jvp9jtmykdxyyxrrtqek,1,t1jdsfjfc6ydm63jvp9jtmykdxyyxrrtqek,-
4762,minted,t1wdk8ftmqhutjtpqoftehpxunlkfuvyspm,1,t1wdk8ftmqhutjtpqoftehpxunlkfuvyspm,-
4763,minted,t1vnqzdvmveogfsmvu2hqbadttvlfre5fcr,1,t1vnqzdvmveogfsmvu2hqbadttvlfre5fcr,-
4764,minted,t1harykyjfctqhcswkwobfnqydrtpybcusz,1,t1harykyjfctqhcswkwobfnqydrtpybcusz,-
4769,minted,t1gfxpmbrdeohuwrzcrms99tghjuw7fufyu,1,t1gfxpmbrdeohuwrzcrms99tghjuw7fufyu,-
4771,minted,t1ls3lszpnhsc73sva1vxdteuwkprr9xwmv,1,t1ls3lszpnhsc73sva1vxdteuwkprr9xwmv,-
4772,minted,t1c9zdg3amocc9xwk4s522bp5c9ye5x4d6p,1,t1c9zdg3amocc9xwk4s522bp5c9ye5x4d6p,-
4774,minted,t1xyrfax3c7zbwfxmqcfsqxbmtngrnjhygh,1,t1xyrfax3c7zbwfxmqcfsqxbmtngrnjhygh,-
4775,minted,t1gfxpmbrdeohuwrzcrms99tghjuw7fufyu,1,t1gfxpmbrdeohuwrzcrms99tghjuw7fufyu,-
4777,minted,t1k6zlqemuuuh7y2tzmnybqtkztmzt4kz5z,1,t1k6zlqemuuuh7y2tzmnybqtkztmzt4kz5z,-
4778,minted,t1n9vkjsqqpvji45dbmsyqbf3oms6efzbav,1,t1n9vkjsqqpvji45dbmsyqbf3oms6efzbav,-
4779,minted,t1xfajxmlrekiixhygofvqhimeck96duzsb,1,t1xfajxmlrekiixhygofvqhimeck96duzsb,-
4780,minted,t1uijcpndrzgcmqlg67y8ld8xailbijq9ku,1,t1uijcpndrzgcmqlg67y8ld8xailbijq9ku,-
4784,minted,t1vf4k61qeseulhxpzkjch3nb3q1vw6fvx9,1,t1vf4k61qeseulhxpzkjch3nb3q1vw6fvx9,-
4785,minted,t1wwe8mf17ryho7niz6wlhriaxac5f8qymi,1,t1wwe8mf17ryho7niz6wlhriaxac5f8qymi,-
4786,minted,t1ceuykreawgbzptq5b4crcjswqgk3iwcvu,1,t1ceuykreawgbzptq5b4crcjswqgk3iwcvu,-
4787,minted,t1wjymzb8eklefe8jcxdxijvxwrbxybmig5,1,t1wjymzb8eklefe8jcxdxijvxwrbxybmig5,-
4788,minted,t1wdk8ftmqhutjtpqoftehpxunlkfuvyspm,1,t1wdk8ftmqhutjtpqoftehpxunlkfuvyspm,-
4791,minted,t1geadqaiqyvgaoog8vhocum1sq6scajdbe,1,t1geadqaiqyvgaoog8vhocum1sq6scajdbe,-
4794,minted,t1jdsfjfc6ydm63jvp9jtmykdxyyxrrtqek,1,t1jdsfjfc6ydm63jvp9jtmykdxyyxrrtqek,-
4795,minted,t1nmcjpeuqab3ghpbqpfzg7xypw3th4krnp,1,t1nmcjpeuqab3ghpbqpfzg7xypw3th4krnp,-
4796,minted,t1ry1amqjxbasfn4g54vejjhgfwhqyau6kq,1,t1ry1amqjxbasfn4g54vejjhgfwhqyau6kq,-
4798,minted,t1zuffvd1tk6pux9r8zbojyoajsmip5awra,1,t1zuffvd1tk6pux9r8zbojyoajsmip5awra,-
4800,minted,t1rn9twhetr1qorngpsri97eljaymkuz6ez,1,t1rn9twhetr1qorngpsri97eljaymkuz6ez,-
4801,minted,t1cufblk8osimwlfkpnt815kcsllnjqetwk,1,t1cufblk8osimwlfkpnt815kcsllnjqetwk,-
4802,minted,t1vaehdcmet6fn2nqxc2wufegjj9tnizcz1,1,t1vaehdcmet6fn2nqxc2wufegjj9tnizcz1,-
4803,minted,t1j5gnyyoqkpwqvxwnmrifakdbgg9syf4q1,1,t1j5gnyyoqkpwqvxwnmrifakdbgg9syf4q1,-
4804,minted,t1nmcjpeuqab3ghpbqpfzg7xypw3th4krnp,1,t1nmcjpeuqab3ghpbqpfzg7xypw3th4krnp,-
4805,minted,t1ceuykreawgbzptq5b4crcjswqgk3iwcvu,1,t1ceuykreawgbzptq5b4crcjswqgk3iwcvu,-
4806,minted,t1jdsfjfc6ydm63jvp9jtmykdxyyxrrtqek,1,t1jdsfjfc6ydm63jvp9jtmykdxyyxrrtqek,-
4807,minted,t1utwwsaslf2xhdaec4hnfbewky6k9e6yqi,1,t1utwwsaslf2xhdaec4hnfbewky6k9e6yqi,-
4808,minted,t1sjbaodtmts94hhndm1g6gsxs9r56r3fmi,1,t1sjbaodtmts94hhndm1g6gsxs9r56r3fmi,-
4812,minted,t1plzelr9uehatsdzm1kb57wz8bnd9p1hdl,1,t1plzelr9uehatsdzm1kb57wz8bnd9p1hdl,-
4813,minted,t1kdc4eo3wd5tid6pledtetlckl7ngo9zze,1,t1kdc4eo3wd5tid6pledtetlckl7ngo9zze,-
4815,failed,t1b4xybydvhinc2qasg9zgtdrqmxqyb6ax7,1,-,-
4816,minted,t1bqz7lcv5ca65pcubguiqdjfy4qhsvzbzz,1,t1bqz7lcv5ca65pcubguiqdjfy4qhsvzbzz,-
4821,minted,t1rgw6g813bmzoyvyd37iaewney6hditzvq,1,t1rgw6g813bmzoyvyd37iaewney6hditzvq,-
4822,minted,t1umuzozkqrbtaknbascznhnpqj7dxixrvq,1,t1umuzozkqrbtaknbascznhnpqj7dxixrvq,-
4824,minted,t1khhgjrucrrbn1jhnlz8ibmtok9tpidfui,1,t1khhgjrucrrbn1jhnlz8ibmtok9tpidfui,-
4826,minted,t1plzelr9uehatsdzm1kb57wz8bnd9p1hdl,1,t1plzelr9uehatsdzm1kb57wz8bnd9p1hdl,-
4827,minted,t1tm3cakrhdvy2bdakoqgtkyea4qed9qda8,1,t1tm3cakrhdvy2bdakoqgtkyea4qed9qda8,-
4829,minted,t1sg7teea9tkjymwsffeq3aqyczdvpknsny,1,t1sg7teea9tkjymwsffeq3aqyczdvpknsny,-
4830,minted,t1dfjru8b7hjg8t7zxhdcuctfffw7b71alt,1,t1dfjru8b7hjg8t7zxhdcuctfffw7b71alt,-
4832,minted,t1eytcrhqquhq1kr1rzqyc1zracih7cpewl,1,t1eytcrhqquhq1kr1rzqyc1zracih7cpewl,-
4834,minted,t1n9vkjsqqpvji45dbmsyqbf3oms6efzbav,1,t1n9vkjsqqpvji45dbmsyqbf3oms6efzbav,-
4838,minted,t1mesgayna3uxewakpuyhh464vyffvtchvv,1,t1mesgayna3uxewakpuyhh464vyffvtchvv,-
4842,minted,t1ugnmmfgvei3prgchynzyhugd5qysjpdcd,1,t1ugnmmfgvei3prgchynzyhugd5qysjpdcd,-
4844,minted,t1aphfzzmcujqhuenxl5odscmyv97ti5dwv,1,t1aphfzzmcujqhuenxl5odscmyv97ti5dwv,-
4845,minted,t1plzelr9uehatsdzm1kb57wz8bnd9p1hdl,1,t1plzelr9uehatsdzm1kb57wz8bnd9p1hdl,-
4846,minted,t1fcmnktgqtxnnsq9llfxityrj12uteieuk,1,t1fcmnktgqtxnnsq9llfxityrj12uteieuk,-
4848,minted,t1mbrhhk6cqac6m4qboz9muv9bkinymot5w,1,t1mbrhhk6cqac6m4qboz9muv9bkinymot5w,-
4849,minted,t1yhhkhqqqgtgr7fqa2ce1pcagqxwt5xwcy,1,t1yhhkhqqqgtgr7fqa2ce1pcagqxwt5xwcy,-
4850,minted,t1cmaavjvkvscj1adavejjh5ndq9zgzj7yq,1,t1cmaavjvkvscj1adavejjh5ndq9zgzj7yq,-
4852,minted,t1ad5mp7aux3fxfv5hwtjfeiihcdtb71smg,1,t1ad5mp7aux3fxfv5hwtjfeiihcdtb71smg,-
4853,minted,t1uijcpndrzgcmqlg67y8ld8xailbijq9ku,1,t1uijcpndrzgcmqlg67y8ld8xailbijq9ku,-
4854,minted,t1keyd75eld8bvhtjn9r2sqxsomd4uksy3q,1,t1keyd75eld8bvhtjn9r2sqxsomd4uksy3q,-
4855,minted,t1nveuzt6vcr9tm2p2xd1gxdbnwyo6rrd39,1,t1nveuzt6vcr9tm2p2xd1gxdbnwyo6rrd39,-
4857,minted,t1nveuzt6vcr9tm2p2xd1gxdbnwyo6rrd39,1,t1nveuzt6vcr9tm2p2xd1gxdbnwyo6rrd39,-
4858,minted,t1hd8yo89x2kkepbmtnc4sigq5uohoqpfjc,1,t1hd8yo89x2kkepbmtnc4sigq5uohoqpfjc,-
4859,minted,t1uijcpndrzgcmqlg67y8ld8xailbijq9ku,1,t1uijcpndrzgcmqlg67y8ld8xailbijq9ku,-
4863,minted,t1ackjtwvbsfgafminnbmneegdypv9g3gca,1,t1ackjtwvbsfgafminnbmneegdypv9g3gca,-
4864,minted,t1d7guc3dpm6udkueebf5lxbazbetnavxv3,1,t1d7guc3dpm6udkueebf5lxbazbetnavxv3,-
4865,minted,t1qpeclgkhmw4xgk2v6kaixumhjf5pehox1,1,t1qpeclgkhmw4xgk2v6kaixumhjf5pehox1,-
4868,minted,t1ad5mp7aux3fxfv5hwtjfeiihcdtb71smg,1,t1ad5mp7aux3fxfv5hwtjfeiihcdtb71smg,-
4869,minted,t1sn6q8wbuc1a2s7tjdbjzcqcti8uqutseq,1,t1sn6q8wbuc1a2s7tjdbjzcqcti8uqutseq,-
4870,minted,t1vimk2cvlaf4yf1cpkyw9zw2vqglla6pw9,1,t1vimk2cvlaf4yf1cpkyw9zw2vqglla6pw9,-
4874,minted,t1rivrni4ifxjxgjcn8zu5kqqf5s3omngkl,1,t1rivrni4ifxjxgjcn8zu5kqqf5s3omngkl,-
4875,minted,t1lz7kt1duyahmqzcuxp8jvrcvy1ps6so6e,1,t1lz7kt1duyahmqzcuxp8jvrcvy1ps6so6e,-
4876,minted,t1rgw6g813bmzoyvyd37iaewney6hditzvq,1,t1rgw6g813bmzoyvyd37iaewney6hditzvq,-
4877,minted,t1kpwnwxtu8wf5g5twdruqbnh4bi6tohrtn,1,t1kpwnwxtu8wf5g5twdruqbnh4bi6tohrtn,-
4880,minted,t1tm4ukzttclqbius6oqzhbb5wla9soo3ii,1,t1tm4ukzttclqbius6oqzhbb5wla9soo3ii,-
4882,minted,t1qunysptkw1jvmv2abfvljustmikybvfiy,1,t1qunysptkw1jvmv2abfvljustmikybvfiy,-
4883,minted,t1ls3lszpnhsc73sva1vxdteuwkprr9xwmv,1,t1ls3lszpnhsc73sva1vxdteuwkprr9xwmv,-
4884,minted,t1n9vkjsqqpvji45dbmsyqbf3oms6efzbav,1,t1n9vkjsqqpvji45dbmsyqbf3oms6efzbav,-
4885,minted,t1k6zlqemuuuh7y2tzmnybqtkztmzt4kz5z,1,t1k6zlqemuuuh7y2tzmnybqtkztmzt4kz5z,-
4890,minted,t1xkb2xu5cytyrh46mgtxqe9rbuvcwmdxbw,1,t1xkb2xu5cytyrh46mgtxqe9rbuvcwmdxbw,-
4891,minted,t1aphfzzmcujqhuenxl5odscmyv97ti5dwv,1,t1aphfzzmcujqhuenxl5odscmyv97ti5dwv,-
4892,minted,t1swxdgrkwwzgzchaqrn1u8n5sr6gsjtt11,1,t1swxdgrkwwzgzchaqrn1u8n5sr6gsjtt11,-
4893,minted,t1d1phzjprbfb6l3z7bpobkqdzjlavru3zb,1,t1d1phzjprbfb6l3z7bpobkqdzjlavru3zb,-
4896,minted,t1zvfc8q8ritdcmiyfuo4k1sytbf7fgtggs,1,t1zvfc8q8ritdcmiyfuo4k1sytbf7fgtggs,-
4898,minted,t1vcwc3cycthart9cxhmse14bwj8wdpdqpk,1,t1vcwc3cycthart9cxhmse14bwj8wdpdqpk,-
4899,minted,t1uwhgycnxruf62kfea3wefuetqlahxttqv,1,t1uwhgycnxruf62kfea3wefuetqlahxttqv,-
4900,minted,t1n2xu9lwtm2ht86utphhhi1umgppn6lfw5,1,t1n2xu9lwtm2ht86utphhhi1umgppn6lfw5,-
4901,minted,t1fym6ponzmhqgj1azpaimmy1wzligfzdwt,1,t1fym6ponzmhqgj1azpaimmy1wzligfzdwt,-
4902,minted,t1uwhgycnxruf62kfea3wefuetqlahxttqv,1,t1uwhgycnxruf62kfea3wefuetqlahxttqv,-
4904,minted,t1fcmnktgqtxnnsq9llfxityrj12uteieuk,1,t1fcmnktgqtxnnsq9llfxityrj12uteieuk,-
4905,minted,t1kayatk2rupd6vgyudh88q4ssbdennhhoh,1,t1kayatk2rupd6vgyudh88q4ssbdennhhoh,-
4908,minted,t1xhfqj7mpkskx4zd7xnhulq6g78c8sz4k5,1,t1xhfqj7mpkskx4zd7xnhulq6g78c8sz4k5,-
4909,minted,t1ad5mp7aux3fxfv5hwtjfeiihcdtb71smg,1,t1ad5mp7aux3fxfv5hwtjfeiihcdtb71smg,-
4912,minted,t1sjbaodtmts94hhndm1g6gsxs9r56r3fmi,1,t1sjbaodtmts94hhndm1g6gsxs9r56r3fmi,-
4914,minted,t1qpeclgkhmw4xgk2v6kaixumhjf5pehox1,1,t1qpeclgkhmw4xgk2v6kaixumhjf5pehox1,-
4915,minted,t1vnqzdvmveogfsmvu2hqbadttvlfre5fcr,1,t1vnqzdvmveogfsmvu2hqbadttvlfre5fcr,-
4916,minted,t1wup8b6wsaeewjbzszy5kfnvessbm8dhdj,1,t1wup8b6wsaeewjbzszy5kfnvessbm8dhdj,-
4918,minted,t1mh8fytskubkcsbwy9r79xf6jgnchjyz4m,1,t1mh8fytskubkcsbwy9r79xf6jgnchjyz4m,-
4919,minted,t1yezkfeppcwa16xtjkhfes91yzlcvkauvm,1,t1yezkfeppcwa16xtjkhfes91yzlcvkauvm,-
4920,minted,t1zpzocw6bnvu4bekcg29cokyno37dmuuck,1,t1zpzocw6bnvu4bekcg29cokyno37dmuuck,-
4922,minted,t1plr7emfb4ptjr3ydgkxtvvcx88vipczbg,1,t1plr7emfb4ptjr3ydgkxtvvcx88vipczbg,-
4923,minted,t1qr45sgpxm8tmdkcpb2ntxbkacl6mqdopq,1,t1qr45sgpxm8tmdkcpb2ntxbkacl6mqdopq,-
4925,minted,t1uijcpndrzgcmqlg67y8ld8xailbijq9ku,1,t1uijcpndrzgcmqlg67y8ld8xailbijq9ku,-
4926,minted,t1pym9hcnf7vl6jt4lnq1f3ko2jzzcqq9om,1,t1pym9hcnf7vl6jt4lnq1f3ko2jzzcqq9om,-
4927,minted,t1fym6ponzmhqgj1azpaimmy1wzligfzdwt,1,t1fym6ponzmhqgj1azpaimmy1wzligfzdwt,-
4930,minted,t1mbrhhk6cqac6m4qboz9muv9bkinymot5w,1,t1mbrhhk6cqac6m4qboz9muv9bkinymot5w,-
4932,minted,t1ls3lszpnhsc73sva1vxdteuwkprr9xwmv,1,t1ls3lszpnhsc73sva1vxdteuwkprr9xwmv,-
4933,minted,t1uijcpndrzgcmqlg67y8ld8xailbijq9ku,1,t1uijcpndrzgcmqlg67y8ld8xailbijq9ku,-
4934,minted,t1kcuw1npvr56on7dbzkddjob41akjlwe2h,1,t1kcuw1npvr56on7dbzkddjob41akjlwe2h,-
4937,minted,t1xkb2xu5cytyrh46mgtxqe9rbuvcwmdxbw,1,t1xkb2xu5cytyrh46mgtxqe9rbuvcwmdxbw,-
4939,minted,t1sqqn7d3fhvj1adwgfip6ebxtqjcngrwff,1,t1sqqn7d3fhvj1adwgfip6ebxtqjcngrwff,-
4940,minted,t1lckeea2rgmgawzafrvsyj5fnsbvejxujp,1,t1lckeea2rgmgawzafrvsyj5fnsbvejxujp,-
4943,minted,t1rmhswkzucw9ub1owuggjwv6lbrvbfxczv,1,t1rmhswkzucw9ub1owuggjwv6lbrvbfxczv,-
4944,minted,t1bzl1asatjjcpee5t3hsqdmpvhw39rmzan,1,t1bzl1asatjjcpee5t3hsqdmpvhw39rmzan,-
4945,minted,t1keyd75eld8bvhtjn9r2sqxsomd4uksy3q,1,t1keyd75eld8bvhtjn9r2sqxsomd4uksy3q,-
4946,minted,t1e8ngofffiypiaep6pvacscj6g3y1ircr8,1,t1e8ngofffiypiaep6pvacscj6g3y1ircr8,-
4949,minted,t1xkb2xu5cytyrh46mgtxqe9rbuvcwmdxbw,1,t1xkb2xu5cytyrh46mgtxqe9rbuvcwmdxbw,-
4950,minted,t1neyegc8iskf9j5jpaaax6f2gvphtcft7s,1,t1neyegc8iskf9j5jpaaax6f2gvphtcft7s,-
4952,minted,t1aphfzzmcujqhuenxl5odscmyv97ti5dwv,1,t1aphfzzmcujqhuenxl5odscmyv97ti5dwv,-
4953,minted,t1ath4yup42szwmabiwbfr8trwwteqpgtkt,1,t1ath4yup42szwmabiwbfr8trwwteqpgtkt,-
4957,minted,t1swxdgrkwwzgzchaqrn1u8n5sr6gsjtt11,1,t1swxdgrkwwzgzchaqrn1u8n5sr6gsjtt11,-
4958,minted,t1mbpptgk2u1whfogrhk3b38npfymyf1ckz,1,t1mbpptgk2u1whfogrhk3b38npfymyf1ckz,-
4959,minted,t1keyd75eld8bvhtjn9r2sqxsomd4uksy3q,1,t1keyd75eld8bvhtjn9r2sqxsomd4uksy3q,-
4962,minted,t1wsohyjrazyhjmzfvbxtrbwh1fo9iypbqx,1,t1wsohyjrazyhjmzfvbxtrbwh1fo9iypbqx,-
4964,minted,t1vimk2cvlaf4yf1cpkyw9zw2vqglla6pw9,1,t1vimk2cvlaf4yf1cpkyw9zw2vqglla6pw9,-
4968,minted,t1lzi24jydjzsfib29wpm2jvp83kwlnkcrb,1,t1lzi24jydjzsfib29wpm2jvp83kwlnkcrb,-
4969,minted,t1rmhswkzucw9ub1owuggjwv6lbrvbfxczv,1,t1rmhswkzucw9ub1owuggjwv6lbrvbfxczv,-
4972,minted,t1qyfewbckpqy1q8ck5f5g2yv69urgdtdab,1,t1qyfewbckpqy1q8ck5f5g2yv69urgdtdab,-
4973,minted,t1edeayny2lzdrdyy65r37opkpnkhaoeazy,1,t1edeayny2lzdrdyy65r37opkpnkhaoeazy,-
4974,minted,t1k1k3lvujfthpw1rx5gye1wt1w3nfffkuz,1,t1k1k3lvujfthpw1rx5gye1wt1w3nfffkuz,-
4975,minted,t1ad5mp7aux3fxfv5hwtjfeiihcdtb71smg,1,t1ad5mp7aux3fxfv5hwtjfeiihcdtb71smg,-
4977,minted,t1utwwsaslf2xhdaec4hnfbewky6k9e6yqi,1,t1utwwsaslf2xhdaec4hnfbewky6k9e6yqi,-
4981,minted,t1qpeclgkhmw4xgk2v6kaixumhjf5pehox1,1,t1qpeclgkhmw4xgk2v6kaixumhjf5pehox1,-
4982,minted,t1gubfunujh7opq9ax1wohmpvsuv5p7hzab,1,t1gubfunujh7opq9ax1wohmpvsuv5p7hzab,-
4983,minted,t1jts8xyoc3stscbtkbkpdspd3detcnfb4u,1,t1jts8xyoc3stscbtkbkpdspd3detcnfb4u,-
4984,minted,t1cufblk8osimwlfkpnt815kcsllnjqetwk,1,t1cufblk8osimwlfkpnt815kcsllnjqetwk,-
4986,minted,t1qpeclgkhmw4xgk2v6kaixumhjf5pehox1,1,t1qpeclgkhmw4xgk2v6kaixumhjf5pehox1,-
4991,minted,t1k6zlqemuuuh7y2tzmnybqtkztmzt4kz5z,1,t1k6zlqemuuuh7y2tzmnybqtkztmzt4kz5z,-
4995,minted,t1ceuykreawgbzptq5b4crcjswqgk3iwcvu,1,t1ceuykreawgbzptq5b4crcjswqgk3iwcvu,-
5001,minted,t1e8ngofffiypiaep6pvacscj6g3y1ircr8,1,t1e8ngofffiypiaep6pvacscj6g3y1ircr8,-
5002,minted,t1n2xu9lwtm2ht86utphhhi1umgppn6lfw5,1,t1n2xu9lwtm2ht86utphhhi1umgppn6lfw5,-
5003,minted,t1geadqaiqyvgaoog8vhocum1sq6scajdbe,1,t1geadqaiqyvgaoog8vhocum1sq6scajdbe,-
5005,minted,t1fcmnktgqtxnnsq9llfxityrj12uteieuk,1,t1fcmnktgqtxnnsq9llfxityrj12uteieuk,-
5006,minted,t1q3k7lwfkwzyxbpwjrqe9mewfw7iqwbbpg,1,t1q3k7lwfkwzyxbpwjrqe9mewfw7iqwbbpg,-
5007,minted,t1ls3lszpnhsc73sva1vxdteuwkprr9xwmv,1,t1ls3lszpnhsc73sva1vxdteuwkprr9xwmv,-
5013,minted,t1pudhqtsiqkwcge7gr3yo48b8ihw7s76ko,1,t1pudhqtsiqkwcge7gr3yo48b8ihw7s76ko,-
5014,minted,t1ygtbn96tjbjxvszhbzbt6wcuy3nqp1xfc,1,t1ygtbn96tjbjxvszhbzbt6wcuy3nqp1xfc,-
5015,minted,t1k1k3lvujfthpw1rx5gye1wt1w3nfffkuz,1,t1k1k3lvujfthpw1rx5gye1wt1w3nfffkuz,-
5017,minted,t1vf4k61qeseulhxpzkjch3nb3q1vw6fvx9,1,t1vf4k61qeseulhxpzkjch3nb3q1vw6fvx9,-
5022,minted,t1wjymzb8eklefe8jcxdxijvxwrbxybmig5,1,t1wjymzb8eklefe8jcxdxijvxwrbxybmig5,-
5023,minted,t1plr7emfb4ptjr3ydgkxtvvcx88vipczbg,1,t1plr7emfb4ptjr3ydgkxtvvcx88vipczbg,-
5026,minted,t1dggdv9xnrzge2juzmaxew28j7e217yu3g,1,t1dggdv9xnrzge2juzmaxew28j7e217yu3g,-
5027,minted,t1gwmsjkr1uxwsyds4czjewvm6r3vm2rq7o,1,t1gwmsjkr1uxwsyds4czjewvm6r3vm2rq7o,-
5030,minted,t1yhhkhqqqgtgr7fqa2ce1pcagqxwt5xwcy,1,t1yhhkhqqqgtgr7fqa2ce1pcagqxwt5xwcy,-
5031,minted,t1vlqp3zm55bd1ltecwhwyceev4gtkgfhyh,1,t1vlqp3zm55bd1ltecwhwyceev4gtkgfhyh,-
5033,minted,t1nmcjpeuqab3ghpbqpfzg7xypw3th4krnp,1,t1nmcjpeuqab3ghpbqpfzg7xypw3th4krnp,-
5034,minted,t1lakakmmjky8le5cmznkgdvcvvtnrkac8a,1,t1lakakmmjky8le5cmznkgdvcvvtnrkac8a,-
5035,minted,t1lakakmmjky8le5cmznkgdvcvvtnrkac8a,1,t1lakakmmjky8le5cmznkgdvcvvtnrkac8a,-
5036,minted,t1k6yc47blup7xpfvsassvk9xa4b2zd2yxq,1,t1k6yc47blup7xpfvsassvk9xa4b2zd2yxq,-
5037,minted,t1cl1qdwnrt331wmrgd3kd1g7r1ej3jrdcn,1,t1cl1qdwnrt331wmrgd3kd1g7r1ej3jrdcn,-
5038,minted,t1nmcjpeuqab3ghpbqpfzg7xypw3th4krnp,1,t1nmcjpeuqab3ghpbqpfzg7xypw3th4krnp,-
5039,minted,t1c2kcpjr9duwyeaxgkcryauwpgapspt44n,1,t1c2kcpjr9duwyeaxgkcryauwpgapspt44n,-
5040,minted,t1n9vkjsqqpvji45dbmsyqbf3oms6efzbav,1,t1n9vkjsqqpvji45dbmsyqbf3oms6efzbav,-
5045,minted,t1sn6q8wbuc1a2s7tjdbjzcqcti8uqutseq,1,t1sn6q8wbuc1a2s7tjdbjzcqcti8uqutseq,-
5047,minted,t1k1k3lvujfthpw1rx5gye1wt1w3nfffkuz,1,t1k1k3lvujfthpw1rx5gye1wt1w3nfffkuz,-
5050,minted,t1n9vkjsqqpvji45dbmsyqbf3oms6efzbav,1,t1n9vkjsqqpvji45dbmsyqbf3oms6efzbav,-
5051,minted,t1s7eadhhq5jufr1tkzgphgucbyjtja8ee1,1,t1s7eadhhq5jufr1tkzgphgucbyjtja8ee1,-
5052,minted,t1bk11iorabhu61dwycja26k5xamq2x5efb,1,t1bk11iorabhu61dwycja26k5xamq2x5efb,-
5053,minted,t1nveuzt6vcr9tm2p2xd1gxdbnwyo6rrd39,1,t1nveuzt6vcr9tm2p2xd1gxdbnwyo6rrd39,-
5054,minted,t1brl5gccrfyg9xmcwdlsyv4xfluucssvym,1,t1brl5gccrfyg9xmcwdlsyv4xfluucssvym,-
5055,minted,t1nmcjpeuqab3ghpbqpfzg7xypw3th4krnp,1,t1nmcjpeuqab3ghpbqpfzg7xypw3th4krnp,-
5057,minted,t1vlqp3zm55bd1ltecwhwyceev4gtkgfhyh,1,t1vlqp3zm55bd1ltecwhwyceev4gtkgfhyh,-
5063,minted,t1j5gnyyoqkpwqvxwnmrifakdbgg9syf4q1,1,t1j5gnyyoqkpwqvxwnmrifakdbgg9syf4q1,-
5064,minted,t1xgramzt5zp1cjwno2hzuyp66g3lhojpn4,1,t1xgramzt5zp1cjwno2hzuyp66g3lhojpn4,-
5065,minted,t1kqn6lrzaaqmy4vetlswnmpucd71ltoesq,1,t1kqn6lrzaaqmy4vetlswnmpucd71ltoesq,-
5066,minted,t1pudhqtsiqkwcge7gr3yo48b8ihw7s76ko,1,t1pudhqtsiqkwcge7gr3yo48b8ihw7s76ko,-
5067,minted,t1ugnmmfgvei3prgchynzyhugd5qysjpdcd,1,t1ugnmmfgvei3prgchynzyhugd5qysjpdcd,-
5068,minted,t1d1phzjprbfb6l3z7bpobkqdzjlavru3zb,1,t1d1phzjprbfb6l3z7bpobkqdzjlavru3zb,-
5070,minted,t1utwwsaslf2xhdaec4hnfbewky6k9e6yqi,1,t1utwwsaslf2xhdaec4hnfbewky6k9e6yqi,-
5071,minted,t1vnqzdvmveogfsmvu2hqbadttvlfre5fcr,1,t1vnqzdvmveogfsmvu2hqbadttvlfre5fcr,-
5073,minted,t1rgw6g813bmzoyvyd37iaewney6hditzvq,1,t1rgw6g813bmzoyvyd37iaewney6hditzvq,-
5074,minted,t1sjbaodtmts94hhndm1g6gsxs9r56r3fmi,1,t1sjbaodtmts94hhndm1g6gsxs9r56r3fmi,-
5075,minted,t1sjbaodtmts94hhndm1g6gsxs9r56r3fmi,1,t1sjbaodtmts94hhndm1g6gsxs9r56r3fmi,-
5077,minted,t1vf4k61qeseulhxpzkjch3nb3q1vw6fvx9,1,t1vf4k61qeseulhxpzkjch3nb3q1vw6fvx9,-
5080,minted,t1utwwsaslf2xhdaec4hnfbewky6k9e6yqi,1,t1utwwsaslf2xhdaec4hnfbewky6k9e6yqi,-
5081,minted,t1zvfc8q8ritdcmiyfuo4k1sytbf7fgtggs,1,t1zvfc8q8ritdcmiyfuo4k1sytbf7fgtggs,-
5082,minted,t1rnjbkm81ui7zsy2z2udyi7bil5xvjspvh,1,t1rnjbkm81ui7zsy2z2udyi7bil5xvjspvh,-
5083,minted,t1gvchfhecde9hjz5sqkitjjsc1ojqpdpak,1,t1gvchfhecde9hjz5sqkitjjsc1ojqpdpak,-
5084,minted,t1qupqtxglgncbo4msuegxdvjmbyunvptdb,1,t1qupqtxglgncbo4msuegxdvjmbyunvptdb,-
5085,minted,t1k6zlqemuuuh7y2tzmnybqtkztmzt4kz5z,1,t1k6zlqemuuuh7y2tzmnybqtkztmzt4kz5z,-
5086,minted,t1plr7emfb4ptjr3ydgkxtvvcx88vipczbg,1,t1plr7emfb4ptjr3ydgkxtvvcx88vipczbg,-
5087,minted,t1tqmu6mujknd7ieks9wpikrwswzdcxkdfc,1,t1tqmu6mujknd7ieks9wpikrwswzdcxkdfc,-
5091,minted,t1kpwnwxtu8wf5g5twdruqbnh4bi6tohrtn,1,t1kpwnwxtu8wf5g5twdruqbnh4bi6tohrtn,-
5092,minted,t1phbzxzsn1drjjezf6wmsujgxayy9h5daz,1,t1phbzxzsn1drjjezf6wmsujgxayy9h5daz,-
5095,minted,t1yvnhrmuhezqczspzi71yd8xk4xfywy5vg,1,t1yvnhrmuhezqczspzi71yd8xk4xfywy5vg,-
5099,minted,t1tdx3jecge1dd9pmzxuaphvjm5hyq2c7wn,1,t1tdx3jecge1dd9pmzxuaphvjm5hyq2c7wn,-
5100,minted,t1rnjbkm81ui7zsy2z2udyi7bil5xvjspvh,1,t1rnjbkm81ui7zsy2z2udyi7bil5xvjspvh,-
5104,minted,t1psnfhk4ildwruk9t5s955rcsdypgkzlch,1,t1psnfhk4ildwruk9t5s955rcsdypgkzlch,-
5106,minted,t1kcuw1npvr56on7dbzkddjob41akjlwe2h,1,t1kcuw1npvr56on7dbzkddjob41akjlwe2h,-
5107,minted,t1lz7kt1duyahmqzcuxp8jvrcvy1ps6so6e,1,t1lz7kt1duyahmqzcuxp8jvrcvy1ps6so6e,-
5108,minted,t1cufblk8osimwlfkpnt815kcsllnjqetwk,1,t1cufblk8osimwlfkpnt815kcsllnjqetwk,-
5111,minted,t1d7guc3dpm6udkueebf5lxbazbetnavxv3,1,t1d7guc3dpm6udkueebf5lxbazbetnavxv3,-
5114,minted,t1rsmvjj6sgpcc3ntzyzjqh8msxbtapxesb,1,t1rsmvjj6sgpcc3ntzyzjqh8msxbtapxesb,-
5116,minted,t1uwhgycnxruf62kfea3wefuetqlahxttqv,1,t1uwhgycnxruf62kfea3wefuetqlahxttqv,-
5119,minted,t1rivrni4ifxjxgjcn8zu5kqqf5s3omngkl,1,t1rivrni4ifxjxgjcn8zu5kqqf5s3omngkl,-
5123,minted,t1d7guc3dpm6udkueebf5lxbazbetnavxv3,1,t1d7guc3dpm6udkueebf5lxbazbetnavxv3,-
5126,minted,t1k1k3lvujfthpw1rx5gye1wt1w3nfffkuz,1,t1k1k3lvujfthpw1rx5gye1wt1w3nfffkuz,-
5129,minted,t1fcmnktgqtxnnsq9llfxityrj12uteieuk,1,t1fcmnktgqtxnnsq9llfxityrj12uteieuk,-
5130,minted,t1fygwxb9m6az4j3jftu52yeg2btdajqw5j,1,t1fygwxb9m6az4j3jftu52yeg2btdajqw5j,-
5131,minted,t1toh1zcyjhhvo64hjrcedtaq5exomsjgqv,1,t1toh1zcyjhhvo64hjrcedtaq5exomsjgqv,-
5133,minted,t1keyd75eld8bvhtjn9r2sqxsomd4uksy3q,1,t1keyd75eld8bvhtjn9r2sqxsomd4uksy3q,-
5134,minted,t1vnqzdvmveogfsmvu2hqbadttvlfre5fcr,1,t1vnqzdvmveogfsmvu2hqbadttvlfre5fcr,-
5135,minted,t1aphfzzmcujqhuenxl5odscmyv97ti5dwv,1,t1aphfzzmcujqhuenxl5odscmyv97ti5dwv,-
5137,minted,t1bzl1asatjjcpee5t3hsqdmpvhw39rmzan,1,t1bzl1asatjjcpee5t3hsqdmpvhw39rmzan,-
5141,minted,t1zuffvd1tk6pux9r8zbojyoajsmip5awra,1,t1zuffvd1tk6pux9r8zbojyoajsmip5awra,-
5142,minted,t1b4xybydvhinc2qasg9zgtdrqmxqyb6ax7,1,t1b4xybydvhinc2qasg9zgtdrqmxqyb6ax7,-
5143,minted,t1q3k7lwfkwzyxbpwjrqe9mewfw7iqwbbpg,1,t1q3k7lwfkwzyxbpwjrqe9mewfw7iqwbbpg,-
5144,minted,t1ugnmmfgvei3prgchynzyhugd5qysjpdcd,1,t1ugnmmfgvei3prgchynzyhugd5qysjpdcd,-
5145,minted,t1lakakmmjky8le5cmznkgdvcvvtnrkac8a,1,t1lakakmmjky8le5cmznkgdvcvvtnrkac8a,-
5148,minted,t1qpeclgkhmw4xgk2v6kaixumhjf5pehox1,1,t1qpeclgkhmw4xgk2v6kaixumhjf5pehox1,-
5149,minted,t1umuzozkqrbtaknbascznhnpqj7dxixrvq,1,t1umuzozkqrbtaknbascznhnpqj7dxixrvq,-
5150,minted,t1qpeclgkhmw4xgk2v6kaixumhjf5pehox1,1,t1qpeclgkhmw4xgk2v6kaixumhjf5pehox1,-
5152,minted,t1lz7kt1duyahmqzcuxp8jvrcvy1ps6so6e,1,t1lz7kt1duyahmqzcuxp8jvrcvy1ps6so6e,-
5153,minted,t1ugnmmfgvei3prgchynzyhugd5qysjpdcd,1,t1ugnmmfgvei3prgchynzyhugd5qysjpdcd,-
5159,minted,t1k1k3lvujfthpw1rx5gye1wt1w3nfffkuz,1,t1k1k3lvujfthpw1rx5gye1wt1w3nfffkuz,-
5160,minted,t1jwcn7bwhwiw2xscgwymbdbppl57rpbjjw,1,t1jwcn7bwhwiw2xscgwymbdbppl57rpbjjw,-
5163,minted,t1c4j1rmlwwpelu6xcjqb9zheujusethjcx,1,t1c4j1rmlwwpelu6xcjqb9zheujusethjcx,-
5164,minted,t1n2xu9lwtm2ht86utphhhi1umgppn6lfw5,1,t1n2xu9lwtm2ht86utphhhi1umgppn6lfw5,-
5166,minted,t1pk1uc5ma3yfs7jwim8pje8jqiv36b5eds,1,t1pk1uc5ma3yfs7jwim8pje8jqiv36b5eds,-
5168,minted,t1qpeclgkhmw4xgk2v6kaixumhjf5pehox1,1,t1qpeclgkhmw4xgk2v6kaixumhjf5pehox1,-
5173,minted,t1rjxectx3e63ydhaerxyynqck71mp117ty,1,t1rjxectx3e63ydhaerxyynqck71mp117ty,-
5174,minted,t1roxdrmb2qgdvzwejbtpl7assozek7uhnb,1,t1roxdrmb2qgdvzwejbtpl7assozek7uhnb,-
5177,minted,t1nmcjpeuqab3ghpbqpfzg7xypw3th4krnp,1,t1nmcjpeuqab3ghpbqpfzg7xypw3th4krnp,-
5178,minted,t1roxdrmb2qgdvzwejbtpl7assozek7uhnb,1,t1roxdrmb2qgdvzwejbtpl7assozek7uhnb,-
5179,minted,t1mn1hixkseswrzwe7jbk82flewryugjtc9,1,t1mn1hixkseswrzwe7jbk82flewryugjtc9,-
5180,minted,t1fcmnktgqtxnnsq9llfxityrj12uteieuk,1,t1fcmnktgqtxnnsq9llfxityrj12uteieuk,-
5182,minted,t1vxjd7iypy58chghwfrhmbnijefrkycbvn,1,t1vxjd7iypy58chghwfrhmbnijefrkycbvn,-
5187,minted,t1qz52qxsvz7coou2jjbkhuqhagui85j8sx,1,t1qz52qxsvz7coou2jjbkhuqhagui85j8sx,-
5188,minted,t1gvchfhecde9hjz5sqkitjjsc1ojqpdpak,1,t1gvchfhecde9hjz5sqkitjjsc1ojqpdpak,-
5189,minted,t1geadqaiqyvgaoog8vhocum1sq6scajdbe,1,t1geadqaiqyvgaoog8vhocum1sq6scajdbe,-
5193,minted,t1p5vrsuo2qdsnk3npp3scfrsayer2cnxqu,1,t1p5vrsuo2qdsnk3npp3scfrsayer2cnxqu,-
5194,minted,t1askfh9tmjzftuczkyhkv5wsf2f6ze78g6,1,t1askfh9tmjzftuczkyhkv5wsf2f6ze78g6,-
5195,minted,t1rgw6g813bmzoyvyd37iaewney6hditzvq,1,t1rgw6g813bmzoyvyd37iaewney6hditzvq,-
5198,minted,t1sjbaodtmts94hhndm1g6gsxs9r56r3fmi,1,t1sjbaodtmts94hhndm1g6gsxs9r56r3fmi,-
5199,minted,t1phbzxzsn1drjjezf6wmsujgxayy9h5daz,1,t1phbzxzsn1drjjezf6wmsujgxayy9h5daz,-
5202,minted,t1dfjru8b7hjg8t7zxhdcuctfffw7b71alt,1,t1dfjru8b7hjg8t7zxhdcuctfffw7b71alt,-
5205,minted,t1vlqp3zm55bd1ltecwhwyceev4gtkgfhyh,1,t1vlqp3zm55bd1ltecwhwyceev4gtkgfhyh,-
5206,minted,t1khhgjrucrrbn1jhnlz8ibmtok9tpidfui,1,t1khhgjrucrrbn1jhnlz8ibmtok9tpidfui,-
5207,minted,t1kcuw1npvr56on7dbzkddjob41akjlwe2h,1,t1kcuw1npvr56on7dbzkddjob41akjlwe2h,-
5208,minted,t1c4j1rmlwwpelu6xcjqb9zheujusethjcx,1,t1c4j1rmlwwpelu6xcjqb9zheujusethjcx,-
5209,minted,t1qunysptkw1jvmv2abfvljustmikybvfiy,1,t1qunysptkw1jvmv2abfvljustmikybvfiy,-
5210,minted,t1kcuw1npvr56on7dbzkddjob41akjlwe2h,1,t1kcuw1npvr56on7dbzkddjob41akjlwe2h,-
5211,minted,t1txjy2pkqzgyamblaeqkfjox5cszkk2fn4,1,t1txjy2pkqzgyamblaeqkfjox5cszkk2fn4,-
5213,minted,t1wjymzb8eklefe8jcxdxijvxwrbxybmig5,1,t1wjymzb8eklefe8jcxdxijvxwrbxybmig5,-
5215,failed,t1b4xybydvhinc2qasg9zgtdrqmxqyb6ax7,1,-,-
5219,minted,t1d1phzjprbfb6l3z7bpobkqdzjlavru3zb,1,t1d1phzjprbfb6l3z7bpobkqdzjlavru3zb,-
5222,minted,t1keyd75eld8bvhtjn9r2sqxsomd4uksy3q,1,t1keyd75eld8bvhtjn9r2sqxsomd4uksy3q,-
5224,minted,t1rgw6g813bmzoyvyd37iaewney6hditzvq,1,t1rgw6g813bmzoyvyd37iaewney6hditzvq,-
5225,minted,t1plzelr9uehatsdzm1kb57wz8bnd9p1hdl,1,t1plzelr9uehatsdzm1kb57wz8bnd9p1hdl,-
5226,minted,t1fulu1jlxahglec9lbpiuydcd9w89sbfvr,1,t1fulu1jlxahglec9lbpiuydcd9w89sbfvr,-
5227,minted,t1rgw6g813bmzoyvyd37iaewney6hditzvq,1,t1rgw6g813bmzoyvyd37iaewney6hditzvq,-
5232,minted,t1wjymzb8eklefe8jcxdxijvxwrbxybmig5,1,t1wjymzb8eklefe8jcxdxijvxwrbxybmig5,-
5233,minted,t1p5vrsuo2qdsnk3npp3scfrsayer2cnxqu,1,t1p5vrsuo2qdsnk3npp3scfrsayer2cnxqu,-
5236,minted,t1d1phzjprbfb6l3z7bpobkqdzjlavru3zb,1,t1d1phzjprbfb6l3z7bpobkqdzjlavru3zb,-
5237,minted,t1rzuxxwngrsk2wjkaaa5npsgm9x3dawtcf,1,t1rzuxxwngrsk2wjkaaa5npsgm9x3dawtcf,-
5244,minted,t1qbjuqt1hbqzrjjz9u4532oitwefqemvtp,1,t1qbjuqt1hbqzrjjz9u4532oitwefqemvtp,-
5246,minted,t1kqn6lrzaaqmy4vetlswnmpucd71ltoesq,1,t1kqn6lrzaaqmy4vetlswnmpucd71ltoesq,-
5247,minted,t1geadqaiqyvgaoog8vhocum1sq6scajdbe,1,t1geadqaiqyvgaoog8vhocum1sq6scajdbe,-
5251,minted,t1eytcrhqquhq1kr1rzqyc1zracih7cpewl,1,t1eytcrhqquhq1kr1rzqyc1zracih7cpewl,-
5257,minted,t1tqmu6mujknd7ieks9wpikrwswzdcxkdfc,1,t1tqmu6mujknd7ieks9wpikrwswzdcxkdfc,-
5258,minted,t1geadqaiqyvgaoog8vhocum1sq6scajdbe,1,t1geadqaiqyvgaoog8vhocum1sq6scajdbe,-
5260,minted,t1c3ko29zefpjjtwe5bqs44hkfzmmshqzj2,1,t1c3ko29zefpjjtwe5bqs44hkfzmmshqzj2,-
5263,minted,t1vnqzdvmveogfsmvu2hqbadttvlfre5fcr,1,t1vnqzdvmveogfsmvu2hqbadttvlfre5fcr,-
5265,minted,t1lckeea2rgmgawzafrvsyj5fnsbvejxujp,1,t1lckeea2rgmgawzafrvsyj5fnsbvejxujp,-
5266,minted,t1bqz7lcv5ca65pcubguiqdjfy4qhsvzbzz,1,t1bqz7lcv5ca65pcubguiqdjfy4qhsvzbzz,-
5268,minted,t1xkb2xu5cytyrh46mgtxqe9rbuvcwmdxbw,1,t1xkb2xu5cytyrh46mgtxqe9rbuvcwmdxbw,-
5269,minted,t1keyd75eld8bvhtjn9r2sqxsomd4uksy3q,1,t1keyd75eld8bvhtjn9r2sqxsomd4uksy3q,-
5277,minted,t1aphfzzmcujqhuenxl5odscmyv97ti5dwv,1,t1aphfzzmcujqhuenxl5odscmyv97ti5dwv,-
5279,minted,t1nveuzt6vcr9tm2p2xd1gxdbnwyo6rrd39,1,t1nveuzt6vcr9tm2p2xd1gxdbnwyo6rrd39,-
5280,minted,t1wdk8ftmqhutjtpqoftehpxunlkfuvyspm,1,t1wdk8ftmqhutjtpqoftehpxunlkfuvyspm,-
5284,minted,t1ceuykreawgbzptq5b4crcjswqgk3iwcvu,1,t1ceuykreawgbzptq5b4crcjswqgk3iwcvu,-
5286,minted,t1rgw6g813bmzoyvyd37iaewney6hditzvq,1,t1rgw6g813bmzoyvyd37iaewney6hditzvq,-
5287,minted,t1harykyjfctqhcswkwobfnqydrtpybcusz,1,t1harykyjfctqhcswkwobfnqydrtpybcusz,-
5288,minted,t1fym6ponzmhqgj1azpaimmy1wzligfzdwt,1,t1fym6ponzmhqgj1azpaimmy1wzligfzdwt,-
5289,minted,t1ugnmmfgvei3prgchynzyhugd5qysjpdcd,1,t1ugnmmfgvei3prgchynzyhugd5qysjpdcd,-
5290,minted,t1kcuw1npvr56on7dbzkddjob41akjlwe2h,1,t1kcuw1npvr56on7dbzkddjob41akjlwe2h,-
5291,minted,t1y7dtde9rxmxgbxrqlk9vsraqztczp89m1,1,t1y7dtde9rxmxgbxrqlk9vsraqztczp89m1,-
5292,minted,t1qbjuqt1hbqzrjjz9u4532oitwefqemvtp,1,t1qbjuqt1hbqzrjjz9u4532oitwefqemvtp,-
5295,minted,t1keyd75eld8bvhtjn9r2sqxsomd4uksy3q,1,t1keyd75eld8bvhtjn9r2sqxsomd4uksy3q,-
5296,minted,t1bnbdl7zusefkhvhgzfad5jq6e3d1fg3hz,1,t1bnbdl7zusefkhvhgzfad5jq6e3d1fg3hz,-
5299,minted,t1k1k3lvujfthpw1rx5gye1wt1w3nfffkuz,1,t1k1k3lvujfthpw1rx5gye1wt1w3nfffkuz,-
5300,minted,t1txjy2pkqzgyamblaeqkfjox5cszkk2fn4,1,t1txjy2pkqzgyamblaeqkfjox5cszkk2fn4,-
5302,minted,t1qbjuqt1hbqzrjjz9u4532oitwefqemvtp,1,t1qbjuqt1hbqzrjjz9u4532oitwefqemvtp,-
5307,minted,t1zvfc8q8ritdcmiyfuo4k1sytbf7fgtggs,1,t1zvfc8q8ritdcmiyfuo4k1sytbf7fgtggs,-
5308,minted,t1qupqtxglgncbo4msuegxdvjmbyunvptdb,1,t1qupqtxglgncbo4msuegxdvjmbyunvptdb,-
5309,minted,t1swxdgrkwwzgzchaqrn1u8n5sr6gsjtt11,1,t1swxdgrkwwzgzchaqrn1u8n5sr6gsjtt11,-
5310,minted,t1sn6q8wbuc1a2s7tjdbjzcqcti8uqutseq,1,t1sn6q8wbuc1a2s7tjdbjzcqcti8uqutseq,-
5312,minted,t1ldpz7hjrtq2ungknph3lf8ihehlsmebsv,1,t1ldpz7hjrtq2ungknph3lf8ihehlsmebsv,-
5314,minted,t1rivrni4ifxjxgjcn8zu5kqqf5s3omngkl,1,t1rivrni4ifxjxgjcn8zu5kqqf5s3omngkl,-
5315,minted,t1plzelr9uehatsdzm1kb57wz8bnd9p1hdl,1,t1plzelr9uehatsdzm1kb57wz8bnd9p1hdl,-
5316,minted,t1fygwxb9m6az4j3jftu52yeg2btdajqw5j,1,t1fygwxb9m6az4j3jftu52yeg2btdajqw5j,-
5317,minted,t1gwmsjkr1uxwsyds4czjewvm6r3vm2rq7o,1,t1gwmsjkr1uxwsyds4czjewvm6r3vm2rq7o,-
5319,minted,t1ncm6d3y4b2mggbds5anvzs1cgvzjoch5k,1,t1ncm6d3y4b2mggbds5anvzs1cgvzjoch5k,-
5320,minted,t1vnqzdvmveogfsmvu2hqbadttvlfre5fcr,1,t1vnqzdvmveogfsmvu2hqbadttvlfre5fcr,-
5322,minted,t1utwwsaslf2xhdaec4hnfbewky6k9e6yqi,1,t1utwwsaslf2xhdaec4hnfbewky6k9e6yqi,-
5327,minted,t1c9zdg3amocc9xwk4s522bp5c9ye5x4d6p,1,t1c9zdg3amocc9xwk4s522bp5c9ye5x4d6p,-
5328,minted,t1lzpx1jbaka9jlgu26bfufmqgkbk9vhhyq,1,t1lzpx1jbaka9jlgu26bfufmqgkbk9vhhyq,-
5329,minted,t1fcmnktgqtxnnsq9llfxityrj12uteieuk,1,t1fcmnktgqtxnnsq9llfxityrj12uteieuk,-
5330,minted,t1geadqaiqyvgaoog8vhocum1sq6scajdbe,1,t1geadqaiqyvgaoog8vhocum1sq6scajdbe,-
5332,minted,t1wwe8mf17ryho7niz6wlhriaxac5f8qymi,1,t1wwe8mf17ryho7niz6wlhriaxac5f8qymi,-
5333,minted,t1c9zdg3amocc9xwk4s522bp5c9ye5x4d6p,1,t1c9zdg3amocc9xwk4s522bp5c9ye5x4d6p,-
5334,minted,t1uijcpndrzgcmqlg67y8ld8xailbijq9ku,1,t1uijcpndrzgcmqlg67y8ld8xailbijq9ku,-
5337,minted,t1lckeea2rgmgawzafrvsyj5fnsbvejxujp,1,t1lckeea2rgmgawzafrvsyj5fnsbvejxujp,-
5338,minted,t1tm4ckf29ikxbctrub9f2udckawtb5aiyz,1,t1tm4ckf29ikxbctrub9f2udckawtb5aiyz,-
5340,minted,t1k6zlqemuuuh7y2tzmnybqtkztmzt4kz5z,1,t1k6zlqemuuuh7y2tzmnybqtkztmzt4kz5z,-
5342,minted,t1m8t2byct6rxcsdsjjirbv3ixip4sxx7hz,1,t1m8t2byct6rxcsdsjjirbv3ixip4sxx7hz,-
5343,minted,t1kwrij5yvuj3a1paujxjjzxm9mhyz53t1e,1,t1kwrij5yvuj3a1paujxjjzxm9mhyz53t1e,-
5344,minted,t1kkqmysfuxqt2urpv6hjwbbytnktecj9yr,1,t1kkqmysfuxqt2urpv6hjwbbytnktecj9yr,-
5345,minted,t1uwhgycnxruf62kfea3wefuetqlahxttqv,1,t1uwhgycnxruf62kfea3wefuetqlahxttqv,-
5348,minted,t1zuffvd1tk6pux9r8zbojyoajsmip5awra,1,t1zuffvd1tk6pux9r8zbojyoajsmip5awra,-
5349,minted,t1wjymzb8eklefe8jcxdxijvxwrbxybmig5,1,t1wjymzb8eklefe8jcxdxijvxwrbxybmig5,-
5350,minted,t1a6nwf5tjdprzfwhaduw1brvoybqbnquso,1,t1a6nwf5tjdprzfwhaduw1brvoybqbnquso,-
5351,minted,t1kcuw1npvr56on7dbzkddjob41akjlwe2h,1,t1kcuw1npvr56on7dbzkddjob41akjlwe2h,-
5352,minted,t1px7hlrau7co9lk3k81jcrntnilhrwgoxj,1,t1px7hlrau7co9lk3k81jcrntnilhrwgoxj,-
5353,minted,t1psnfhk4ildwruk9t5s955rcsdypgkzlch,1,t1psnfhk4ildwruk9t5s955rcsdypgkzlch,-
5355,minted,t1rjxectx3e63ydhaerxyynqck71mp117ty,1,t1rjxectx3e63ydhaerxyynqck71mp117ty,-
5356,minted,t1ktjgv2pfr1zjjsysvbhazviuacosicske,1,t1ktjgv2pfr1zjjsysvbhazviuacosicske,-
5357,minted,t1xkb2xu5cytyrh46mgtxqe9rbuvcwmdxbw,1,t1xkb2xu5cytyrh46mgtxqe9rbuvcwmdxbw,-
5358,minted,t1yfgvhdolzlcwgbxa54mnc4hzjhm9jiteh,1,t1yfgvhdolzlcwgbxa54mnc4hzjhm9jiteh,-
5359,minted,t1vnqzdvmveogfsmvu2hqbadttvlfre5fcr,1,t1vnqzdvmveogfsmvu2hqbadttvlfre5fcr,-
5361,minted,t1rivrni4ifxjxgjcn8zu5kqqf5s3omngkl,1,t1rivrni4ifxjxgjcn8zu5kqqf5s3omngkl,-
5364,minted,t1swxdgrkwwzgzchaqrn1u8n5sr6gsjtt11,1,t1swxdgrkwwzgzchaqrn1u8n5sr6gsjtt11,-
5367,minted,t1ev9bumx5osibnkbe22pqnkad7sbnv5qgo,1,t1ev9bumx5osibnkbe22pqnkad7sbnv5qgo,-
5370,minted,t1lckeea2rgmgawzafrvsyj5fnsbvejxujp,1,t1lckeea2rgmgawzafrvsyj5fnsbvejxujp,-
5371,minted,t1k1k3lvujfthpw1rx5gye1wt1w3nfffkuz,1,t1k1k3lvujfthpw1rx5gye1wt1w3nfffkuz,-
5372,minted,t1wsohyjrazyhjmzfvbxtrbwh1fo9iypbqx,1,t1wsohyjrazyhjmzfvbxtrbwh1fo9iypbqx,-
5375,minted,t1gfxpmbrdeohuwrzcrms99tghjuw7fufyu,1,t1gfxpmbrdeohuwrzcrms99tghjuw7fufyu,-
5376,minted,t1ugnmmfgvei3prgchynzyhugd5qysjpdcd,1,t1ugnmmfgvei3prgchynzyhugd5qysjpdcd,-
5379,minted,t1b3zgxvh3pagwffnadb6adlat9lgwdc1sd,1,t1b3zgxvh3pagwffnadb6adlat9lgwdc1sd,-
5380,minted,t1egohrhbvkcebhmzf9xvxfy86njvkjkssa,1,t1egohrhbvkcebhmzf9xvxfy86njvkjkssa,-
5381,minted,t1qr5zva26etiovwiahfuqv2ay8d9jltdan,1,t1qr5zva26etiovwiahfuqv2ay8d9jltdan,-
5382,minted,t1uwhgycnxruf62kfea3wefuetqlahxttqv,1,t1uwhgycnxruf62kfea3wefuetqlahxttqv,-
5385,minted,t1umuzozkqrbtaknbascznhnpqj7dxixrvq,1,t1umuzozkqrbtaknbascznhnpqj7dxixrvq,-
5386,minted,t1y7dtde9rxmxgbxrqlk9vsraqztczp89m1,1,t1y7dtde9rxmxgbxrqlk9vsraqztczp89m1,-
5388,minted,t1rgw6g813bmzoyvyd37iaewney6hditzvq,1,t1rgw6g813bmzoyvyd37iaewney6hditzvq,-
5389,minted,t1mn1hixkseswrzwe7jbk82flewryugjtc9,1,t1mn1hixkseswrzwe7jbk82flewryugjtc9,-
5390,minted,t1kcuw1npvr56on7dbzkddjob41akjlwe2h,1,t1kcuw1npvr56on7dbzkddjob41akjlwe2h,-
5391,minted,t1tdwjklmpx8k3pykwzyamcydtw24agjuus,1,t1tdwjklmpx8k3pykwzyamcydtw24agjuus,-
5392,minted,t1bb4co8dzr6chaxdhtcgddwbealrnepeoj,1,t1bb4co8dzr6chaxdhtcgddwbealrnepeoj,-
5393,minted,t1c3ko29zefpjjtwe5bqs44hkfzmmshqzj2,1,t1c3ko29zefpjjtwe5bqs44hkfzmmshqzj2,-
5397,minted,t1utwwsaslf2xhdaec4hnfbewky6k9e6yqi,1,t1utwwsaslf2xhdaec4hnfbewky6k9e6yqi,-
5398,minted,t1txjy2pkqzgyamblaeqkfjox5cszkk2fn4,1,t1txjy2pkqzgyamblaeqkfjox5cszkk2fn4,-
5399,minted,t1kcuw1npvr56on7dbzkddjob41akjlwe2h,1,t1kcuw1npvr56on7dbzkddjob41akjlwe2h,-
5401,minted,t1xkmdryc22kstmiishiddayq1tzbar1sgu,1,t1xkmdryc22kstmiishiddayq1tzbar1sgu,-
5409,minted,t1xkb2xu5cytyrh46mgtxqe9rbuvcwmdxbw,1,t1xkb2xu5cytyrh46mgtxqe9rbuvcwmdxbw,-
5410,minted,t1keyd75eld8bvhtjn9r2sqxsomd4uksy3q,1,t1keyd75eld8bvhtjn9r2sqxsomd4uksy3q,-
5414,minted,t1c9zdg3amocc9xwk4s522bp5c9ye5x4d6p,1,t1c9zdg3amocc9xwk4s522bp5c9ye5x4d6p,-
5415,minted,t1ry1amqjxbasfn4g54vejjhgfwhqyau6kq,1,t1ry1amqjxbasfn4g54vejjhgfwhqyau6kq,-
5417,minted,t1qbjuqt1hbqzrjjz9u4532oitwefqemvtp,1,t1qbjuqt1hbqzrjjz9u4532oitwefqemvtp,-
5418,minted,t1lakakmmjky8le5cmznkgdvcvvtnrkac8a,1,t1lakakmmjky8le5cmznkgdvcvvtnrkac8a,-
5420,minted,t1sjbaodtmts94hhndm1g6gsxs9r56r3fmi,1,t1sjbaodtmts94hhndm1g6gsxs9r56r3fmi,-
5421,minted,t1rnjbkm81ui7zsy2z2udyi7bil5xvjspvh,1,t1rnjbkm81ui7zsy2z2udyi7bil5xvjspvh,-
5423,minted,t1nmcjpeuqab3ghpbqpfzg7xypw3th4krnp,1,t1nmcjpeuqab3ghpbqpfzg7xypw3th4krnp,-
5424,minted,t1ackjtwvbsfgafminnbmneegdypv9g3gca,1,t1ackjtwvbsfgafminnbmneegdypv9g3gca,-
5428,minted,t1ceuykreawgbzptq5b4crcjswqgk3iwcvu,1,t1ceuykreawgbzptq5b4crcjswqgk3iwcvu,-
5430,minted,t1harykyjfctqhcswkwobfnqydrtpybcusz,1,t1harykyjfctqhcswkwobfnqydrtpybcusz,-
5431,minted,t1b4xybydvhinc2qasg9zgtdrqmxqyb6ax7,1,t1b4xybydvhinc2qasg9zgtdrqmxqyb6ax7,-
5432,minted,t1mesgayna3uxewakpuyhh464vyffvtchvv,1,t1mesgayna3uxewakpuyhh464vyffvtchvv,-
5433,minted,t1rcjsmdbq4di89rpnswmejxiwj48erui54,1,t1rcjsmdbq4di89rpnswmejxiwj48erui54,-
5436,minted,t1yezkfeppcwa16xtjkhfes91yzlcvkauvm,1,t1yezkfeppcwa16xtjkhfes91yzlcvkauvm,-
5437,minted,t1cufblk8osimwlfkpnt815kcsllnjqetwk,1,t1cufblk8osimwlfkpnt815kcsllnjqetwk,-
5438,minted,t1k6zlqemuuuh7y2tzmnybqtkztmzt4kz5z,1,t1k6zlqemuuuh7y2tzmnybqtkztmzt4kz5z,-
5440,minted,t1ad5mp7aux3fxfv5hwtjfeiihcdtb71smg,1,t1ad5mp7aux3fxfv5hwtjfeiihcdtb71smg,-
5441,minted,t1vxjd7iypy58chghwfrhmbnijefrkycbvn,1,t1vxjd7iypy58chghwfrhmbnijefrkycbvn,-
5442,minted,t1qyfewbckpqy1q8ck5f5g2yv69urgdtdab,1,t1qyfewbckpqy1q8ck5f5g2yv69urgdtdab,-
5443,minted,t1vnqzdvmveogfsmvu2hqbadttvlfre5fcr,1,t1vnqzdvmveogfsmvu2hqbadttvlfre5fcr,-
5445,minted,t1fdta8dvjokvjh6ihzwu6vkhepfks9ay9a,1,t1fdta8dvjokvjh6ihzwu6vkhepfks9ay9a,-
5446,minted,t1c4j1rmlwwpelu6xcjqb9zheujusethjcx,1,t1c4j1rmlwwpelu6xcjqb9zheujusethjcx,-
5447,minted,t1s7eadhhq5jufr1tkzgphgucbyjtja8ee1,1,t1s7eadhhq5jufr1tkzgphgucbyjtja8ee1,-
5450,minted,t1ry1amqjxbasfn4g54vejjhgfwhqyau6kq,1,t1ry1amqjxbasfn4g54vejjhgfwhqyau6kq,-
5451,minted,t1zvfc8q8ritdcmiyfuo4k1sytbf7fgtggs,1,t1zvfc8q8ritdcmiyfuo4k1sytbf7fgtggs,-
5454,minted,t1k6zlqemuuuh7y2tzmnybqtkztmzt4kz5z,1,t1k6zlqemuuuh7y2tzmnybqtkztmzt4kz5z,-
5456,minted,t1wjymzb8eklefe8jcxdxijvxwrbxybmig5,1,t1wjymzb8eklefe8jcxdxijvxwrbxybmig5,-
5457,minted,t1jdsfjfc6ydm63jvp9jtmykdxyyxrrtqek,1,t1jdsfjfc6ydm63jvp9jtmykdxyyxrrtqek,-
5458,minted,t1q3k7lwfkwzyxbpwjrqe9mewfw7iqwbbpg,1,t1q3k7lwfkwzyxbpwjrqe9mewfw7iqwbbpg,-
5459,minted,t1pudhqtsiqkwcge7gr3yo48b8ihw7s76ko,1,t1pudhqtsiqkwcge7gr3yo48b8ihw7s76ko,-
5460,minted,t1harykyjfctqhcswkwobfnqydrtpybcusz,1,t1harykyjfctqhcswkwobfnqydrtpybcusz,-
5462,minted,t1rjxectx3e63ydhaerxyynqck71mp117ty,1,t1rjxectx3e63ydhaerxyynqck71mp117ty,-
5463,minted,t1wdk8ftmqhutjtpqoftehpxunlkfuvyspm,1,t1wdk8ftmqhutjtpqoftehpxunlkfuvyspm,-
5464,minted,t1ceuykreawgbzptq5b4crcjswqgk3iwcvu,1,t1ceuykreawgbzptq5b4crcjswqgk3iwcvu,-
5465,minted,t1harykyjfctqhcswkwobfnqydrtpybcusz,1,t1harykyjfctqhcswkwobfnqydrtpybcusz,-
5466,minted,t1nmcjpeuqab3ghpbqpfzg7xypw3th4krnp,1,t1nmcjpeuqab3ghpbqpfzg7xypw3th4krnp,-
5468,minted,t1d1phzjprbfb6l3z7bpobkqdzjlavru3zb,1,t1d1phzjprbfb6l3z7bpobkqdzjlavru3zb,-
5470,minted,t1c9zdg3amocc9xwk4s522bp5c9ye5x4d6p,1,t1c9zdg3amocc9xwk4s522bp5c9ye5x4d6p,-
5474,minted,t1dfjru8b7hjg8t7zxhdcuctfffw7b71alt,1,t1dfjru8b7hjg8t7zxhdcuctfffw7b71alt,-
5475,minted,t1qupqtxglgncbo4msuegxdvjmbyunvptdb,1,t1qupqtxglgncbo4msuegxdvjmbyunvptdb,-
5476,minted,t1wuc9smduamu6tphqqkn5nhkq9jcfwljzv,1,t1wuc9smduamu6tphqqkn5nhkq9jcfwljzv,-
5478,minted,t1geadqaiqyvgaoog8vhocum1sq6scajdbe,1,t1geadqaiqyvgaoog8vhocum1sq6scajdbe,-
5480,minted,t1upzl3anjphpushv5l1phfr3x9agyvfwmg,1,t1upzl3anjphpushv5l1phfr3x9agyvfwmg,-
5481,minted,t1vnqzdvmveogfsmvu2hqbadttvlfre5fcr,1,t1vnqzdvmveogfsmvu2hqbadttvlfre5fcr,-
5482,minted,t1geadqaiqyvgaoog8vhocum1sq6scajdbe,1,t1geadqaiqyvgaoog8vhocum1sq6scajdbe,-
5483,minted,t1sn6q8wbuc1a2s7tjdbjzcqcti8uqutseq,1,t1sn6q8wbuc1a2s7tjdbjzcqcti8uqutseq,-
5484,minted,t1qz52qxsvz7coou2jjbkhuqhagui85j8sx,1,t1qz52qxsvz7coou2jjbkhuqhagui85j8sx,-
5485,minted,t1xgramzt5zp1cjwno2hzuyp66g3lhojpn4,1,t1xgramzt5zp1cjwno2hzuyp66g3lhojpn4,-
5487,minted,t1ad5mp7aux3fxfv5hwtjfeiihcdtb71smg,1,t1ad5mp7aux3fxfv5hwtjfeiihcdtb71smg,-
5490,minted,t1rnjbkm81ui7zsy2z2udyi7bil5xvjspvh,1,t1rnjbkm81ui7zsy2z2udyi7bil5xvjspvh,-
5491,minted,t1umuzozkqrbtaknbascznhnpqj7dxixrvq,1,t1umuzozkqrbtaknbascznhnpqj7dxixrvq,-
5492,minted,t1lckeea2rgmgawzafrvsyj5fnsbvejxujp,1,t1lckeea2rgmgawzafrvsyj5fnsbvejxujp,-
5493,minted,t1rnjbkm81ui7zsy2z2udyi7bil5xvjspvh,1,t1rnjbkm81ui7zsy2z2udyi7bil5xvjspvh,-
5494,minted,t1lz7kt1duyahmqzcuxp8jvrcvy1ps6so6e,1,t1lz7kt1duyahmqzcuxp8jvrcvy1ps6so6e,-
5496,minted,t1px7hlrau7co9lk3k81jcrntnilhrwgoxj,1,t1px7hlrau7co9lk3k81jcrntnilhrwgoxj,-
5497,minted,t1uijcpndrzgcmqlg67y8ld8xailbijq9ku,1,t1uijcpndrzgcmqlg67y8ld8xailbijq9ku,-
5498,minted,t1rsq4gsyy9b4nzndczrgbwhfdlbumj5uxd,1,t1rsq4gsyy9b4nzndczrgbwhfdlbumj5uxd,-
5501,minted,t1plr7emfb4ptjr3ydgkxtvvcx88vipczbg,1,t1plr7emfb4ptjr3ydgkxtvvcx88vipczbg,-
5503,minted,t1zvfc8q8ritdcmiyfuo4k1sytbf7fgtggs,1,t1zvfc8q8ritdcmiyfuo4k1sytbf7fgtggs,-
5505,minted,t1phbzxzsn1drjjezf6wmsujgxayy9h5daz,1,t1phbzxzsn1drjjezf6wmsujgxayy9h5daz,-
5506,minted,t1nmcjpeuqab3ghpbqpfzg7xypw3th4krnp,1,t1nmcjpeuqab3ghpbqpfzg7xypw3th4krnp,-
5508,minted,t1wsohyjrazyhjmzfvbxtrbwh1fo9iypbqx,1,t1wsohyjrazyhjmzfvbxtrbwh1fo9iypbqx,-
5510,minted,t1rn9twhetr1qorngpsri97eljaymkuz6ez,1,t1rn9twhetr1qorngpsri97eljaymkuz6ez,-
5514,minted,t1kdc4eo3wd5tid6pledtetlckl7ngo9zze,1,t1kdc4eo3wd5tid6pledtetlckl7ngo9zze,-
5515,minted,t1rgw6g813bmzoyvyd37iaewney6hditzvq,1,t1rgw6g813bmzoyvyd37iaewney6hditzvq,-
5516,minted,t1neyegc8iskf9j5jpaaax6f2gvphtcft7s,1,t1neyegc8iskf9j5jpaaax6f2gvphtcft7s,-
5517,minted,t1c4j1rmlwwpelu6xcjqb9zheujusethjcx,1,t1c4j1rmlwwpelu6xcjqb9zheujusethjcx,-
5518,minted,t1swxdgrkwwzgzchaqrn1u8n5sr6gsjtt11,1,t1swxdgrkwwzgzchaqrn1u8n5sr6gsjtt11,-
5519,minted,t1sjbaodtmts94hhndm1g6gsxs9r56r3fmi,1,t1sjbaodtmts94hhndm1g6gsxs9r56r3fmi,-
5520,minted,t1yfgvhdolzlcwgbxa54mnc4hzjhm9jiteh,1,t1yfgvhdolzlcwgbxa54mnc4hzjhm9jiteh,-
5525,minted,t1vulscnzrjrajkaodvbkqeomamjxnkwrsd,1,t1vulscnzrjrajkaodvbkqeomamjxnkwrsd,-
5526,minted,t1gvuboqhcpbg9xaqgzqrmghqvbdsx4i6h5,1,t1gvuboqhcpbg9xaqgzqrmghqvbdsx4i6h5,-
5528,minted,t1roxdrmb2qgdvzwejbtpl7assozek7uhnb,1,t1roxdrmb2qgdvzwejbtpl7assozek7uhnb,-
5530,minted,t1zvfc8q8ritdcmiyfuo4k1sytbf7fgtggs,1,t1zvfc8q8ritdcmiyfuo4k1sytbf7fgtggs,-
5532,minted,t1vimk2cvlaf4yf1cpkyw9zw2vqglla6pw9,1,t1vimk2cvlaf4yf1cpkyw9zw2vqglla6pw9,-
5538,minted,t1wsohyjrazyhjmzfvbxtrbwh1fo9iypbqx,1,t1wsohyjrazyhjmzfvbxtrbwh1fo9iypbqx,-
5539,minted,t1aphfzzmcujqhuenxl5odscmyv97ti5dwv,1,t1aphfzzmcujqhuenxl5odscmyv97ti5dwv,-
5541,minted,t1vf4k61qeseulhxpzkjch3nb3q1vw6fvx9,1,t1vf4k61qeseulhxpzkjch3nb3q1vw6fvx9,-
5543,minted,t1vlqp3zm55bd1ltecwhwyceev4gtkgfhyh,1,t1vlqp3zm55bd1ltecwhwyceev4gtkgfhyh,-
5551,minted,t1vcwc3cycthart9cxhmse14bwj8wdpdqpk,1,t1vcwc3cycthart9cxhmse14bwj8wdpdqpk,-
5552,minted,t1geadqaiqyvgaoog8vhocum1sq6scajdbe,1,t1geadqaiqyvgaoog8vhocum1sq6scajdbe,-
5555,minted,t1s2gpitwhmehgxip5iosmgtgnxsnkgkylx,1,t1s2gpitwhmehgxip5iosmgtgnxsnkgkylx,-
5556,minted,t1plzelr9uehatsdzm1kb57wz8bnd9p1hdl,1,t1plzelr9uehatsdzm1kb57wz8bnd9p1hdl,-
5559,minted,t1ackjtwvbsfgafminnbmneegdypv9g3gca,1,t1ackjtwvbsfgafminnbmneegdypv9g3gca,-
5560,minted,t1b4xybydvhinc2qasg9zgtdrqmxqyb6ax7,1,t1b4xybydvhinc2qasg9zgtdrqmxqyb6ax7,-
5562,minted,t1swxdgrkwwzgzchaqrn1u8n5sr6gsjtt11,1,t1swxdgrkwwzgzchaqrn1u8n5sr6gsjtt11,-
5563,minted,t1kcuw1npvr56on7dbzkddjob41akjlwe2h,1,t1kcuw1npvr56on7dbzkddjob41akjlwe2h,-
5564,minted,t1n9vkjsqqpvji45dbmsyqbf3oms6efzbav,1,t1n9vkjsqqpvji45dbmsyqbf3oms6efzbav,-
5565,minted,t1nveuzt6vcr9tm2p2xd1gxdbnwyo6rrd39,1,t1nveuzt6vcr9tm2p2xd1gxdbnwyo6rrd39,-
5566,minted,t1lakakmmjky8le5cmznkgdvcvvtnrkac8a,1,t1lakakmmjky8le5cmznkgdvcvvtnrkac8a,-
5568,minted,t1zvfc8q8ritdcmiyfuo4k1sytbf7fgtggs,1,t1zvfc8q8ritdcmiyfuo4k1sytbf7fgtggs,-
5573,minted,t1harykyjfctqhcswkwobfnqydrtpybcusz,1,t1harykyjfctqhcswkwobfnqydrtpybcusz,-
5575,minted,t1sjbaodtmts94hhndm1g6gsxs9r56r3fmi,1,t1sjbaodtmts94hhndm1g6gsxs9r56r3fmi,-
5579,minted,t1uwhgycnxruf62kfea3wefuetqlahxttqv,1,t1uwhgycnxruf62kfea3wefuetqlahxttqv,-
5580,minted,t1vxzayz2wtcgluk2rrlctxr5ivjzzfmluy,1,t1vxzayz2wtcgluk2rrlctxr5ivjzzfmluy,-
5583,minted,t1sjbaodtmts94hhndm1g6gsxs9r56r3fmi,1,t1sjbaodtmts94hhndm1g6gsxs9r56r3fmi,-
5586,minted,t1toh1zcyjhhvo64hjrcedtaq5exomsjgqv,1,t1toh1zcyjhhvo64hjrcedtaq5exomsjgqv,-
5588,minted,t1qpeclgkhmw4xgk2v6kaixumhjf5pehox1,1,t1qpeclgkhmw4xgk2v6kaixumhjf5pehox1,-
5592,minted,t1qupqtxglgncbo4msuegxdvjmbyunvptdb,1,t1qupqtxglgncbo4msuegxdvjmbyunvptdb,-
5596,minted,t1rgw6g813bmzoyvyd37iaewney6hditzvq,1,t1rgw6g813bmzoyvyd37iaewney6hditzvq,-
5597,minted,t1lakakmmjky8le5cmznkgdvcvvtnrkac8a,1,t1lakakmmjky8le5cmznkgdvcvvtnrkac8a,-
5598,minted,t1wdk8ftmqhutjtpqoftehpxunlkfuvyspm,1,t1wdk8ftmqhutjtpqoftehpxunlkfuvyspm,-
5599,minted,t1n1xtg7cfgtg5dpjmtn6kohhpdmxtfehxe,1,t1n1xtg7cfgtg5dpjmtn6kohhpdmxtfehxe,-
5601,minted,t1lzi24jydjzsfib29wpm2jvp83kwlnkcrb,1,t1lzi24jydjzsfib29wpm2jvp83kwlnkcrb,-
5604,minted,t1sjbaodtmts94hhndm1g6gsxs9r56r3fmi,1,t1sjbaodtmts94hhndm1g6gsxs9r56r3fmi,-
5606,minted,t1umuzozkqrbtaknbascznhnpqj7dxixrvq,1,t1umuzozkqrbtaknbascznhnpqj7dxixrvq,-
5607,minted,t1nveuzt6vcr9tm2p2xd1gxdbnwyo6rrd39,1,t1nveuzt6vcr9tm2p2xd1gxdbnwyo6rrd39,-
5609,minted,t1qbjuqt1hbqzrjjz9u4532oitwefqemvtp,1,t1qbjuqt1hbqzrjjz9u4532oitwefqemvtp,-
5610,minted,t1jdsfjfc6ydm63jvp9jtmykdxyyxrrtqek,1,t1jdsfjfc6ydm63jvp9jtmykdxyyxrrtqek,-
5611,minted,t1qlpbfcgqthby7gtqlcxjemd3unmdc17p9,1,t1qlpbfcgqthby7gtqlcxjemd3unmdc17p9,-
5613,minted,t1qupqtxglgncbo4msuegxdvjmbyunvptdb,1,t1qupqtxglgncbo4msuegxdvjmbyunvptdb,-
5615,minted,t1zuffvd1tk6pux9r8zbojyoajsmip5awra,1,t1zuffvd1tk6pux9r8zbojyoajsmip5awra,-
5616,minted,t1qupqtxglgncbo4msuegxdvjmbyunvptdb,1,t1qupqtxglgncbo4msuegxdvjmbyunvptdb,-
5617,minted,t1rmhswkzucw9ub1owuggjwv6lbrvbfxczv,1,t1rmhswkzucw9ub1owuggjwv6lbrvbfxczv,-
5623,minted,t1utwwsaslf2xhdaec4hnfbewky6k9e6yqi,1,t1utwwsaslf2xhdaec4hnfbewky6k9e6yqi,-
5624,minted,t1c9zdg3amocc9xwk4s522bp5c9ye5x4d6p,1,t1c9zdg3amocc9xwk4s522bp5c9ye5x4d6p,-
5627,minted,t1tm4ukzttclqbius6oqzhbb5wla9soo3ii,1,t1tm4ukzttclqbius6oqzhbb5wla9soo3ii,-
5629,minted,t1toh1zcyjhhvo64hjrcedtaq5exomsjgqv,1,t1toh1zcyjhhvo64hjrcedtaq5exomsjgqv,-
5630,minted,t1n9vkjsqqpvji45dbmsyqbf3oms6efzbav,1,t1n9vkjsqqpvji45dbmsyqbf3oms6efzbav,-
5631,minted,t1tm4ukzttclqbius6oqzhbb5wla9soo3ii,1,t1tm4ukzttclqbius6oqzhbb5wla9soo3ii,-
5634,minted,t1whphyhzhyom7vainruyucxljcqa1ru38a,1,t1whphyhzhyom7vainruyucxljcqa1ru38a,-
5636,minted,t1lzpx1jbaka9jlgu26bfufmqgkbk9vhhyq,1,t1lzpx1jbaka9jlgu26bfufmqgkbk9vhhyq,-
5637,minted,t1txjy2pkqzgyamblaeqkfjox5cszkk2fn4,1,t1txjy2pkqzgyamblaeqkfjox5cszkk2fn4,-
5642,minted,t1px7hlrau7co9lk3k81jcrntnilhrwgoxj,1,t1px7hlrau7co9lk3k81jcrntnilhrwgoxj,-
5644,minted,t1xkb2xu5cytyrh46mgtxqe9rbuvcwmdxbw,1,t1xkb2xu5cytyrh46mgtxqe9rbuvcwmdxbw,-
5646,minted,t1lckeea2rgmgawzafrvsyj5fnsbvejxujp,1,t1lckeea2rgmgawzafrvsyj5fnsbvejxujp,-
5647,minted,t1vf4k61qeseulhxpzkjch3nb3q1vw6fvx9,1,t1vf4k61qeseulhxpzkjch3nb3q1vw6fvx9,-
5648,minted,t1phbzxzsn1drjjezf6wmsujgxayy9h5daz,1,t1phbzxzsn1drjjezf6wmsujgxayy9h5daz,-
5649,minted,t1rjxectx3e63ydhaerxyynqck71mp117ty,1,t1rjxectx3e63ydhaerxyynqck71mp117ty,-
5650,failed,t1b4xybydvhinc2qasg9zgtdrqmxqyb6ax7,1,-,-
5651,minted,t1k6zlqemuuuh7y2tzmnybqtkztmzt4kz5z,1,t1k6zlqemuuuh7y2tzmnybqtkztmzt4kz5z,-
5652,minted,t1eqrq34pr3zkecprjvanrxmpdpxt32j8tv,1,t1eqrq34pr3zkecprjvanrxmpdpxt32j8tv,-
5653,minted,t1rjxectx3e63ydhaerxyynqck71mp117ty,1,t1rjxectx3e63ydhaerxyynqck71mp117ty,-
5654,minted,t1feeekduec8liqgczgjjrdeg8hegncfduw,1,t1feeekduec8liqgczgjjrdeg8hegncfduw,-
5657,minted,t1ad5mp7aux3fxfv5hwtjfeiihcdtb71smg,1,t1ad5mp7aux3fxfv5hwtjfeiihcdtb71smg,-
5658,minted,t1px7hlrau7co9lk3k81jcrntnilhrwgoxj,1,t1px7hlrau7co9lk3k81jcrntnilhrwgoxj,-
5659,minted,t1k1k3lvujfthpw1rx5gye1wt1w3nfffkuz,1,t1k1k3lvujfthpw1rx5gye1wt1w3nfffkuz,-
5663,minted,t1b4xybydvhinc2qasg9zgtdrqmxqyb6ax7,1,t1b4xybydvhinc2qasg9zgtdrqmxqyb6ax7,-
5668,minted,t1geadqaiqyvgaoog8vhocum1sq6scajdbe,1,t1geadqaiqyvgaoog8vhocum1sq6scajdbe,-
5669,minted,t1mh8fytskubkcsbwy9r79xf6jgnchjyz4m,1,t1mh8fytskubkcsbwy9r79xf6jgnchjyz4m,-
5670,minted,t1lz7kt1duyahmqzcuxp8jvrcvy1ps6so6e,1,t1lz7kt1duyahmqzcuxp8jvrcvy1ps6so6e,-
5673,minted,t1fcmnktgqtxnnsq9llfxityrj12uteieuk,1,t1fcmnktgqtxnnsq9llfxityrj12uteieuk,-
5674,minted,t1ls3lszpnhsc73sva1vxdteuwkprr9xwmv,1,t1ls3lszpnhsc73sva1vxdteuwkprr9xwmv,-
5675,minted,t1roxdrmb2qgdvzwejbtpl7assozek7uhnb,1,t1roxdrmb2qgdvzwejbtpl7assozek7uhnb,-
5678,minted,t1c3ko29zefpjjtwe5bqs44hkfzmmshqzj2,1,t1c3ko29zefpjjtwe5bqs44hkfzmmshqzj2,-
5679,minted,t1ceuykreawgbzptq5b4crcjswqgk3iwcvu,1,t1ceuykreawgbzptq5b4crcjswqgk3iwcvu,-
5680,minted,t1zybnnvwk71nxwnwh56brslsjsedo1utre,1,t1zybnnvwk71nxwnwh56brslsjsedo1utre,-
5684,minted,t1rnjbkm81ui7zsy2z2udyi7bil5xvjspvh,1,t1rnjbkm81ui7zsy2z2udyi7bil5xvjspvh,-
5685,minted,t1zybnnvwk71nxwnwh56brslsjsedo1utre,1,t1zybnnvwk71nxwnwh56brslsjsedo1utre,-
5686,minted,t1ezmafcocld3avqj6clnp9ecyjeey3bbgn,1,t1ezmafcocld3avqj6clnp9ecyjeey3bbgn,-
5687,minted,t1c4j1rmlwwpelu6xcjqb9zheujusethjcx,1,t1c4j1rmlwwpelu6xcjqb9zheujusethjcx,-
5688,minted,t1s957gnh26o9d7rzkrxft3p2zgwg1f6ztd,1,t1s957gnh26o9d7rzkrxft3p2zgwg1f6ztd,-
5689,minted,t1ahn537hrtes9qlcbhlq7rcztkukqh9nsz,1,t1ahn537hrtes9qlcbhlq7rcztkukqh9nsz,-
5690,minted,t1ncm6d3y4b2mggbds5anvzs1cgvzjoch5k,1,t1ncm6d3y4b2mggbds5anvzs1cgvzjoch5k,-
5692,minted,t1lzpx1jbaka9jlgu26bfufmqgkbk9vhhyq,1,t1lzpx1jbaka9jlgu26bfufmqgkbk9vhhyq,-
5695,minted,t1xkb2xu5cytyrh46mgtxqe9rbuvcwmdxbw,1,t1xkb2xu5cytyrh46mgtxqe9rbuvcwmdxbw,-
5696,minted,t1wjymzb8eklefe8jcxdxijvxwrbxybmig5,1,t1wjymzb8eklefe8jcxdxijvxwrbxybmig5,-
5700,minted,t1roxdrmb2qgdvzwejbtpl7assozek7uhnb,1,t1roxdrmb2qgdvzwejbtpl7assozek7uhnb,-
5701,minted,t1cufblk8osimwlfkpnt815kcsllnjqetwk,1,t1cufblk8osimwlfkpnt815kcsllnjqetwk,-
5704,minted,t1dfjru8b7hjg8t7zxhdcuctfffw7b71alt,1,t1dfjru8b7hjg8t7zxhdcuctfffw7b71alt,-
5705,minted,t1plzelr9uehatsdzm1kb57wz8bnd9p1hdl,1,t1plzelr9uehatsdzm1kb57wz8bnd9p1hdl,-
5706,minted,t1b4xybydvhinc2qasg9zgtdrqmxqyb6ax7,1,t1b4xybydvhinc2qasg9zgtdrqmxqyb6ax7,-
5708,minted,t1uijcpndrzgcmqlg67y8ld8xailbijq9ku,1,t1uijcpndrzgcmqlg67y8ld8xailbijq9ku,-
5711,minted,t1zybnnvwk71nxwnwh56brslsjsedo1utre,1,t1zybnnvwk71nxwnwh56brslsjsedo1utre,-
5712,minted,t1lzi24jydjzsfib29wpm2jvp83kwlnkcrb,1,t1lzi24jydjzsfib29wpm2jvp83kwlnkcrb,-
5713,minted,t1rzuxxwngrsk2wjkaaa5npsgm9x3dawtcf,1,t1rzuxxwngrsk2wjkaaa5npsgm9x3dawtcf,-
5718,minted,t1qupqtxglgncbo4msuegxdvjmbyunvptdb,1,t1qupqtxglgncbo4msuegxdvjmbyunvptdb,-
5719,minted,t1px7hlrau7co9lk3k81jcrntnilhrwgoxj,1,t1px7hlrau7co9lk3k81jcrntnilhrwgoxj,-
5720,minted,t1t954bo5mpnjpjqri544hnaazmwxuvgpmh,1,t1t954bo5mpnjpjqri544hnaazmwxuvgpmh,-
5724,minted,t1edeayny2lzdrdyy65r37opkpnkhaoeazy,1,t1edeayny2lzdrdyy65r37opkpnkhaoeazy,-
5732,minted,t1bqz7lcv5ca65pcubguiqdjfy4qhsvzbzz,1,t1bqz7lcv5ca65pcubguiqdjfy4qhsvzbzz,-
5734,minted,t1lzi24jydjzsfib29wpm2jvp83kwlnkcrb,1,t1lzi24jydjzsfib29wpm2jvp83kwlnkcrb,-
5735,minted,t1ezmafcocld3avqj6clnp9ecyjeey3bbgn,1,t1ezmafcocld3avqj6clnp9ecyjeey3bbgn,-
5736,minted,t1xkb2xu5cytyrh46mgtxqe9rbuvcwmdxbw,1,t1xkb2xu5cytyrh46mgtxqe9rbuvcwmdxbw,-
5737,minted,t1xkb2xu5cytyrh46mgtxqe9rbuvcwmdxbw,1,t1xkb2xu5cytyrh46mgtxqe9rbuvcwmdxbw,-
5738,minted,t1ezmafcocld3avqj6clnp9ecyjeey3bbgn,1,t1ezmafcocld3avqj6clnp9ecyjeey3bbgn,-
5740,minted,t1zvfc8q8ritdcmiyfuo4k1sytbf7fgtggs,1,t1zvfc8q8ritdcmiyfuo4k1sytbf7fgtggs,-
5746,minted,t1keyd75eld8bvhtjn9r2sqxsomd4uksy3q,1,t1keyd75eld8bvhtjn9r2sqxsomd4uksy3q,-
5750,minted,t1qlpbfcgqthby7gtqlcxjemd3unmdc17p9,1,t1qlpbfcgqthby7gtqlcxjemd3unmdc17p9,-
5752,minted,t1ugnmmfgvei3prgchynzyhugd5qysjpdcd,1,t1ugnmmfgvei3prgchynzyhugd5qysjpdcd,-
5758,minted,t1knsuhktchkune9j2m7v5sehutqg5udzdf,1,t1knsuhktchkune9j2m7v5sehutqg5udzdf,-
5759,minted,t1kqn6lrzaaqmy4vetlswnmpucd71ltoesq,1,t1kqn6lrzaaqmy4vetlswnmpucd71ltoesq,-
5760,minted,t1d1phzjprbfb6l3z7bpobkqdzjlavru3zb,1,t1d1phzjprbfb6l3z7bpobkqdzjlavru3zb,-
5761,minted,t1vxzayz2wtcgluk2rrlctxr5ivjzzfmluy,1,t1vxzayz2wtcgluk2rrlctxr5ivjzzfmluy,-
5763,minted,t1pudhqtsiqkwcge7gr3yo48b8ihw7s76ko,1,t1pudhqtsiqkwcge7gr3yo48b8ihw7s76ko,-
5764,minted,t1ceuykreawgbzptq5b4crcjswqgk3iwcvu,1,t1ceuykreawgbzptq5b4crcjswqgk3iwcvu,-
5765,minted,t1plzelr9uehatsdzm1kb57wz8bnd9p1hdl,1,"t1b4xybydvhinc2qasg9zgtdrqmxqyb6ax7,t1plzelr9uehatsdzm1kb57wz8bnd9p1hdl",-
5767,minted,t1c3ko29zefpjjtwe5bqs44hkfzmmshqzj2,1,t1c3ko29zefpjjtwe5bqs44hkfzmmshqzj2,-
5770,minted,t1ygtbn96tjbjxvszhbzbt6wcuy3nqp1xfc,1,t1ygtbn96tjbjxvszhbzbt6wcuy3nqp1xfc,-
5771,minted,t1umuzozkqrbtaknbascznhnpqj7dxixrvq,1,t1umuzozkqrbtaknbascznhnpqj7dxixrvq,-
5772,minted,t1gfxpmbrdeohuwrzcrms99tghjuw7fufyu,1,t1gfxpmbrdeohuwrzcrms99tghjuw7fufyu,-
5776,minted,t1d1phzjprbfb6l3z7bpobkqdzjlavru3zb,1,t1d1phzjprbfb6l3z7bpobkqdzjlavru3zb,-
5778,minted,t1kcuw1npvr56on7dbzkddjob41akjlwe2h,1,t1kcuw1npvr56on7dbzkddjob41akjlwe2h,-
5779,minted,t1wmgffiauhm7a7ynhwr3z4gukbvayvtal4,1,t1wmgffiauhm7a7ynhwr3z4gukbvayvtal4,-
5781,minted,t1qr45sgpxm8tmdkcpb2ntxbkacl6mqdopq,1,t1qr45sgpxm8tmdkcpb2ntxbkacl6mqdopq,-
5782,minted,t1c3ko29zefpjjtwe5bqs44hkfzmmshqzj2,1,t1c3ko29zefpjjtwe5bqs44hkfzmmshqzj2,-
5784,minted,t1qpeclgkhmw4xgk2v6kaixumhjf5pehox1,1,t1qpeclgkhmw4xgk2v6kaixumhjf5pehox1,-
5785,minted,t1qbjuqt1hbqzrjjz9u4532oitwefqemvtp,1,t1qbjuqt1hbqzrjjz9u4532oitwefqemvtp,-
5787,minted,t1lzi24jydjzsfib29wpm2jvp83kwlnkcrb,1,t1lzi24jydjzsfib29wpm2jvp83kwlnkcrb,-
5789,minted,t1k6zlqemuuuh7y2tzmnybqtkztmzt4kz5z,1,t1k6zlqemuuuh7y2tzmnybqtkztmzt4kz5z,-
5790,minted,t1vxzayz2wtcgluk2rrlctxr5ivjzzfmluy,1,t1vxzayz2wtcgluk2rrlctxr5ivjzzfmluy,-
5792,minted,t1tm4ukzttclqbius6oqzhbb5wla9soo3ii,1,t1tm4ukzttclqbius6oqzhbb5wla9soo3ii,-
5793,minted,t1yfgvhdolzlcwgbxa54mnc4hzjhm9jiteh,1,t1yfgvhdolzlcwgbxa54mnc4hzjhm9jiteh,-
5795,minted,t1roxdrmb2qgdvzwejbtpl7assozek7uhnb,1,t1roxdrmb2qgdvzwejbtpl7assozek7uhnb,-
5796,minted,t1zuffvd1tk6pux9r8zbojyoajsmip5awra,1,t1zuffvd1tk6pux9r8zbojyoajsmip5awra,-
5797,minted,t1sl65eqxvgabrlsxfdtthepd4tjrvyneab,1,t1sl65eqxvgabrlsxfdtthepd4tjrvyneab,-
5799,minted,t1bzl1asatjjcpee5t3hsqdmpvhw39rmzan,1,t1bzl1asatjjcpee5t3hsqdmpvhw39rmzan,-
5801,minted,t1d1phzjprbfb6l3z7bpobkqdzjlavru3zb,1,t1d1phzjprbfb6l3z7bpobkqdzjlavru3zb,-
5802,minted,t1tmtfdgwqxtxoqrnvmosa6kadkayg4kf8n,1,t1tmtfdgwqxtxoqrnvmosa6kadkayg4kf8n,-
5803,minted,t1dvmn42ahlgqhk4eaqcg8hticmc7sdu4mn,1,t1dvmn42ahlgqhk4eaqcg8hticmc7sdu4mn,-
5804,minted,t1akqraypbyjua8kq2iduagz2fxswik7shh,1,t1akqraypbyjua8kq2iduagz2fxswik7shh,-
5805,minted,t1wwe8mf17ryho7niz6wlhriaxac5f8qymi,1,t1wwe8mf17ryho7niz6wlhriaxac5f8qymi,-
5807,minted,t1yhhkhqqqgtgr7fqa2ce1pcagqxwt5xwcy,1,t1yhhkhqqqgtgr7fqa2ce1pcagqxwt5xwcy,-
5809,minted,t1zvfc8q8ritdcmiyfuo4k1sytbf7fgtggs,1,t1zvfc8q8ritdcmiyfuo4k1sytbf7fgtggs,-
5812,minted,t1swxdgrkwwzgzchaqrn1u8n5sr6gsjtt11,1,t1swxdgrkwwzgzchaqrn1u8n5sr6gsjtt11,-
5813,minted,t1rnjbkm81ui7zsy2z2udyi7bil5xvjspvh,1,t1rnjbkm81ui7zsy2z2udyi7bil5xvjspvh,-
5814,minted,t1mtavq1npudpebkzr8zi77fv6hdw874cm9,1,t1mtavq1npudpebkzr8zi77fv6hdw874cm9,-
5815,minted,t1fcmnktgqtxnnsq9llfxityrj12uteieuk,1,t1fcmnktgqtxnnsq9llfxityrj12uteieuk,-
5820,minted,t1qunysptkw1jvmv2abfvljustmikybvfiy,1,t1qunysptkw1jvmv2abfvljustmikybvfiy,-
5821,minted,t1qpeclgkhmw4xgk2v6kaixumhjf5pehox1,1,t1qpeclgkhmw4xgk2v6kaixumhjf5pehox1,-
5823,minted,t1wdk8ftmqhutjtpqoftehpxunlkfuvyspm,1,t1wdk8ftmqhutjtpqoftehpxunlkfuvyspm,-
5824,minted,t1ahn537hrtes9qlcbhlq7rcztkukqh9nsz,1,t1ahn537hrtes9qlcbhlq7rcztkukqh9nsz,-
5825,minted,t1wjymzb8eklefe8jcxdxijvxwrbxybmig5,1,t1wjymzb8eklefe8jcxdxijvxwrbxybmig5,-
5826,minted,t1zuffvd1tk6pux9r8zbojyoajsmip5awra,1,t1zuffvd1tk6pux9r8zbojyoajsmip5awra,-
5827,minted,t1rnjbkm81ui7zsy2z2udyi7bil5xvjspvh,1,t1rnjbkm81ui7zsy2z2udyi7bil5xvjspvh,-
5828,minted,t1zvfc8q8ritdcmiyfuo4k1sytbf7fgtggs,1,t1zvfc8q8ritdcmiyfuo4k1sytbf7fgtggs,-
5829,minted,t1g797iuz3hzgkyxzuxjlukm7a8juqndwnv,1,t1g797iuz3hzgkyxzuxjlukm7a8juqndwnv,-
5833,minted,t1lz7kt1duyahmqzcuxp8jvrcvy1ps6so6e,1,t1lz7kt1duyahmqzcuxp8jvrcvy1ps6so6e,-
5834,minted,t1q3k7lwfkwzyxbpwjrqe9mewfw7iqwbbpg,1,t1q3k7lwfkwzyxbpwjrqe9mewfw7iqwbbpg,-
5838,minted,t1jwcn7bwhwiw2xscgwymbdbppl57rpbjjw,1,t1jwcn7bwhwiw2xscgwymbdbppl57rpbjjw,-
5839,minted,t1jts8xyoc3stscbtkbkpdspd3detcnfb4u,1,t1jts8xyoc3stscbtkbkpdspd3detcnfb4u,-
5840,minted,t1vxjd7iypy58chghwfrhmbnijefrkycbvn,1,t1vxjd7iypy58chghwfrhmbnijefrkycbvn,-
5842,minted,t1yvnhrmuhezqczspzi71yd8xk4xfywy5vg,1,t1yvnhrmuhezqczspzi71yd8xk4xfywy5vg,-
5843,minted,t1fcmnktgqtxnnsq9llfxityrj12uteieuk,1,t1fcmnktgqtxnnsq9llfxityrj12uteieuk,-
5844,minted,t1dmol5cxocwndah9cyqydl3ntxv3kh4ysd,1,t1dmol5cxocwndah9cyqydl3ntxv3kh4ysd,-
5845,minted,t1geadqaiqyvgaoog8vhocum1sq6scajdbe,1,t1geadqaiqyvgaoog8vhocum1sq6scajdbe,-
5846,minted,t1ppp9pu3ezkzjgu7cccmx1xsnxxxp3apas,1,t1ppp9pu3ezkzjgu7cccmx1xsnxxxp3apas,-
5847,minted,t1edeayny2lzdrdyy65r37opkpnkhaoeazy,1,t1edeayny2lzdrdyy65r37opkpnkhaoeazy,-
5848,minted,t1harykyjfctqhcswkwobfnqydrtpybcusz,1,t1harykyjfctqhcswkwobfnqydrtpybcusz,-
5850,minted,t1harykyjfctqhcswkwobfnqydrtpybcusz,1,t1harykyjfctqhcswkwobfnqydrtpybcusz,-
5855,minted,t1bnbdl7zusefkhvhgzfad5jq6e3d1fg3hz,1,t1bnbdl7zusefkhvhgzfad5jq6e3d1fg3hz,-
5858,minted,t1ahn537hrtes9qlcbhlq7rcztkukqh9nsz,1,t1ahn537hrtes9qlcbhlq7rcztkukqh9nsz,-
5860,minted,t1qunysptkw1jvmv2abfvljustmikybvfiy,1,t1qunysptkw1jvmv2abfvljustmikybvfiy,-
5861,minted,t1wsohyjrazyhjmzfvbxtrbwh1fo9iypbqx,1,t1wsohyjrazyhjmzfvbxtrbwh1fo9iypbqx,-
5863,minted,t1plzelr9uehatsdzm1kb57wz8bnd9p1hdl,1,t1plzelr9uehatsdzm1kb57wz8bnd9p1hdl,-
5864,minted,t1nmcjpeuqab3ghpbqpfzg7xypw3th4krnp,1,t1nmcjpeuqab3ghpbqpfzg7xypw3th4krnp,-
5865,minted,t1xkb2xu5cytyrh46mgtxqe9rbuvcwmdxbw,1,t1xkb2xu5cytyrh46mgtxqe9rbuvcwmdxbw,-
5866,minted,t1kcuw1npvr56on7dbzkddjob41akjlwe2h,1,t1kcuw1npvr56on7dbzkddjob41akjlwe2h,-
5869,minted,t1ejiip3sav9nyvisgbjzptpbux7csgwhn1,1,t1ejiip3sav9nyvisgbjzptpbux7csgwhn1,-
5872,minted,t1plzelr9uehatsdzm1kb57wz8bnd9p1hdl,1,t1plzelr9uehatsdzm1kb57wz8bnd9p1hdl,-
5874,minted,t1khhgjrucrrbn1jhnlz8ibmtok9tpidfui,1,t1khhgjrucrrbn1jhnlz8ibmtok9tpidfui,-
5875,minted,t1pyrvmpavfagheyp743brdnnjgdyzedsn3,1,t1pyrvmpavfagheyp743brdnnjgdyzedsn3,-
5876,minted,t1rnjbkm81ui7zsy2z2udyi7bil5xvjspvh,1,t1rnjbkm81ui7zsy2z2udyi7bil5xvjspvh,-
5877,minted,t1rn9twhetr1qorngpsri97eljaymkuz6ez,1,t1rn9twhetr1qorngpsri97eljaymkuz6ez,-
5880,minted,t1lckeea2rgmgawzafrvsyj5fnsbvejxujp,1,t1lckeea2rgmgawzafrvsyj5fnsbvejxujp,-
5882,minted,t1qunysptkw1jvmv2abfvljustmikybvfiy,1,t1qunysptkw1jvmv2abfvljustmikybvfiy,-
5884,minted,t1tdwjklmpx8k3pykwzyamcydtw24agjuus,1,t1tdwjklmpx8k3pykwzyamcydtw24agjuus,-
5885,minted,t1c9zdg3amocc9xwk4s522bp5c9ye5x4d6p,1,t1c9zdg3amocc9xwk4s522bp5c9ye5x4d6p,-
5886,minted,t1gvchfhecde9hjz5sqkitjjsc1ojqpdpak,1,t1gvchfhecde9hjz5sqkitjjsc1ojqpdpak,-
5888,minted,t1dfjru8b7hjg8t7zxhdcuctfffw7b71alt,1,t1dfjru8b7hjg8t7zxhdcuctfffw7b71alt,-
5891,minted,t1fym6ponzmhqgj1azpaimmy1wzligfzdwt,1,t1fym6ponzmhqgj1azpaimmy1wzligfzdwt,-
5895,minted,t1ackjtwvbsfgafminnbmneegdypv9g3gca,1,t1ackjtwvbsfgafminnbmneegdypv9g3gca,-
5897,minted,t1c9zdg3amocc9xwk4s522bp5c9ye5x4d6p,1,t1c9zdg3amocc9xwk4s522bp5c9ye5x4d6p,-
5898,minted,t1ugnmmfgvei3prgchynzyhugd5qysjpdcd,1,t1ugnmmfgvei3prgchynzyhugd5qysjpdcd,-
5900,minted,t1wmgffiauhm7a7ynhwr3z4gukbvayvtal4,1,t1wmgffiauhm7a7ynhwr3z4gukbvayvtal4,-
5901,minted,t1eqrq34pr3zkecprjvanrxmpdpxt32j8tv,1,t1eqrq34pr3zkecprjvanrxmpdpxt32j8tv,-
5902,minted,t1ezmafcocld3avqj6clnp9ecyjeey3bbgn,1,t1ezmafcocld3avqj6clnp9ecyjeey3bbgn,-
5903,minted,t1tm4ukzttclqbius6oqzhbb5wla9soo3ii,1,t1tm4ukzttclqbius6oqzhbb5wla9soo3ii,-
5906,minted,t1sv5yhhefkgqyxnf6v2dzteuwr9fth5otq,1,t1sv5yhhefkgqyxnf6v2dzteuwr9fth5otq,-
5907,minted,t1dmol5cxocwndah9cyqydl3ntxv3kh4ysd,1,t1dmol5cxocwndah9cyqydl3ntxv3kh4ysd,-
5909,minted,t1b4xybydvhinc2qasg9zgtdrqmxqyb6ax7,1,t1b4xybydvhinc2qasg9zgtdrqmxqyb6ax7,-
5913,minted,t1ackjtwvbsfgafminnbmneegdypv9g3gca,1,t1ackjtwvbsfgafminnbmneegdypv9g3gca,-
5914,minted,t1qpeclgkhmw4xgk2v6kaixumhjf5pehox1,1,t1qpeclgkhmw4xgk2v6kaixumhjf5pehox1,-
5919,minted,t1ceuykreawgbzptq5b4crcjswqgk3iwcvu,1,t1ceuykreawgbzptq5b4crcjswqgk3iwcvu,-
5921,minted,t1uwhgycnxruf62kfea3wefuetqlahxttqv,1,t1uwhgycnxruf62kfea3wefuetqlahxttqv,-
5924,minted,t1tdwjklmpx8k3pykwzyamcydtw24agjuus,1,t1tdwjklmpx8k3pykwzyamcydtw24agjuus,-
5925,minted,t1x3y1a1mjibencqksuu4yugyhjk7xednho,1,t1x3y1a1mjibencqksuu4yugyhjk7xednho,-
5926,minted,t1eeycfbwbu2fm3fztxs4iufljukzbnqpdg,1,t1eeycfbwbu2fm3fztxs4iufljukzbnqpdg,-
5927,minted,t1c4j1rmlwwpelu6xcjqb9zheujusethjcx,1,t1c4j1rmlwwpelu6xcjqb9zheujusethjcx,-
5928,minted,t1tdx3jecge1dd9pmzxuaphvjm5hyq2c7wn,1,t1tdx3jecge1dd9pmzxuaphvjm5hyq2c7wn,-
5931,minted,t1yjskwibrp2r3pfsrvhuxbgekfiizawzh2,1,t1yjskwibrp2r3pfsrvhuxbgekfiizawzh2,-
5932,minted,t1sn6q8wbuc1a2s7tjdbjzcqcti8uqutseq,1,t1sn6q8wbuc1a2s7tjdbjzcqcti8uqutseq,-
5933,minted,t1c3ko29zefpjjtwe5bqs44hkfzmmshqzj2,1,t1c3ko29zefpjjtwe5bqs44hkfzmmshqzj2,-
5934,minted,t1k1k3lvujfthpw1rx5gye1wt1w3nfffkuz,1,t1k1k3lvujfthpw1rx5gye1wt1w3nfffkuz,-
5935,minted,t1qlpbfcgqthby7gtqlcxjemd3unmdc17p9,1,t1qlpbfcgqthby7gtqlcxjemd3unmdc17p9,-
5937,minted,t1qpeclgkhmw4xgk2v6kaixumhjf5pehox1,1,t1qpeclgkhmw4xgk2v6kaixumhjf5pehox1,-
5938,minted,t1rjxectx3e63ydhaerxyynqck71mp117ty,1,t1rjxectx3e63ydhaerxyynqck71mp117ty,-
5940,minted,t1rivrni4ifxjxgjcn8zu5kqqf5s3omngkl,1,t1rivrni4ifxjxgjcn8zu5kqqf5s3omngkl,-
5943,minted,t1etsdpxd64kfqkr1jhgrjwaummz8gbfuuy,1,t1etsdpxd64kfqkr1jhgrjwaummz8gbfuuy,-
5945,minted,t1kcuw1npvr56on7dbzkddjob41akjlwe2h,1,t1kcuw1npvr56on7dbzkddjob41akjlwe2h,-
5946,minted,t1cufblk8osimwlfkpnt815kcsllnjqetwk,1,t1cufblk8osimwlfkpnt815kcsllnjqetwk,-
5950,minted,t1g797iuz3hzgkyxzuxjlukm7a8juqndwnv,1,t1g797iuz3hzgkyxzuxjlukm7a8juqndwnv,-
5951,minted,t1feeekduec8liqgczgjjrdeg8hegncfduw,1,t1feeekduec8liqgczgjjrdeg8hegncfduw,-
5955,minted,t1dvmn42ahlgqhk4eaqcg8hticmc7sdu4mn,1,t1dvmn42ahlgqhk4eaqcg8hticmc7sdu4mn,-
5956,minted,t1geadqaiqyvgaoog8vhocum1sq6scajdbe,1,t1geadqaiqyvgaoog8vhocum1sq6scajdbe,-
5957,minted,t1dvmn42ahlgqhk4eaqcg8hticmc7sdu4mn,1,t1dvmn42ahlgqhk4eaqcg8hticmc7sdu4mn,-
5962,minted,t1k1k3lvujfthpw1rx5gye1wt1w3nfffkuz,1,t1k1k3lvujfthpw1rx5gye1wt1w3nfffkuz,-
5964,minted,t1cufblk8osimwlfkpnt815kcsllnjqetwk,1,t1cufblk8osimwlfkpnt815kcsllnjqetwk,-
5966,minted,t1xkjq7z7dq1s1ksfux7qnk9l8a5rtjxapu,1,t1xkjq7z7dq1s1ksfux7qnk9l8a5rtjxapu,-
5967,minted,t1harykyjfctqhcswkwobfnqydrtpybcusz,1,t1harykyjfctqhcswkwobfnqydrtpybcusz,-
5968,minted,t1swxdgrkwwzgzchaqrn1u8n5sr6gsjtt11,1,t1swxdgrkwwzgzchaqrn1u8n5sr6gsjtt11,-
5970,minted,t1qlpbfcgqthby7gtqlcxjemd3unmdc17p9,1,t1qlpbfcgqthby7gtqlcxjemd3unmdc17p9,-
5972,minted,t1plr7emfb4ptjr3ydgkxtvvcx88vipczbg,1,t1plr7emfb4ptjr3ydgkxtvvcx88vipczbg,-
5976,minted,t1txjy2pkqzgyamblaeqkfjox5cszkk2fn4,1,t1txjy2pkqzgyamblaeqkfjox5cszkk2fn4,-
5977,minted,t1fcmnktgqtxnnsq9llfxityrj12uteieuk,1,t1fcmnktgqtxnnsq9llfxityrj12uteieuk,-
5981,minted,t1gvchfhecde9hjz5sqkitjjsc1ojqpdpak,1,t1gvchfhecde9hjz5sqkitjjsc1ojqpdpak,-
5982,minted,t1aphfzzmcujqhuenxl5odscmyv97ti5dwv,1,t1aphfzzmcujqhuenxl5odscmyv97ti5dwv,-
5984,minted,t1ackjtwvbsfgafminnbmneegdypv9g3gca,1,t1ackjtwvbsfgafminnbmneegdypv9g3gca,-
5985,minted,t1zvfc8q8ritdcmiyfuo4k1sytbf7fgtggs,1,t1zvfc8q8ritdcmiyfuo4k1sytbf7fgtggs,-
5986,minted,t1qr45sgpxm8tmdkcpb2ntxbkacl6mqdopq,1,t1qr45sgpxm8tmdkcpb2ntxbkacl6mqdopq,-
5987,minted,t1wdk8ftmqhutjtpqoftehpxunlkfuvyspm,1,t1wdk8ftmqhutjtpqoftehpxunlkfuvyspm,-
5988,minted,t1gwmsjkr1uxwsyds4czjewvm6r3vm2rq7o,1,t1gwmsjkr1uxwsyds4czjewvm6r3vm2rq7o,-
5989,minted,t1nveuzt6vcr9tm2p2xd1gxdbnwyo6rrd39,1,t1nveuzt6vcr9tm2p2xd1gxdbnwyo6rrd39,-
5992,minted,t1c9zdg3amocc9xwk4s522bp5c9ye5x4d6p,1,t1c9zdg3amocc9xwk4s522bp5c9ye5x4d6p,-
5993,minted,t1ceuykreawgbzptq5b4crcjswqgk3iwcvu,1,t1ceuykreawgbzptq5b4crcjswqgk3iwcvu,-
5994,minted,t1p5vrsuo2qdsnk3npp3scfrsayer2cnxqu,1,t1p5vrsuo2qdsnk3npp3scfrsayer2cnxqu,-
5996,minted,t1vxzayz2wtcgluk2rrlctxr5ivjzzfmluy,1,t1vxzayz2wtcgluk2rrlctxr5ivjzzfmluy,-
6000,minted,t1qupqtxglgncbo4msuegxdvjmbyunvptdb,1,t1qupqtxglgncbo4msuegxdvjmbyunvptdb,-
6001,minted,t1c3ko29zefpjjtwe5bqs44hkfzmmshqzj2,1,t1c3ko29zefpjjtwe5bqs44hkfzmmshqzj2,-
6004,minted,t1fcmnktgqtxnnsq9llfxityrj12uteieuk,1,t1fcmnktgqtxnnsq9llfxityrj12uteieuk,-
6005,minted,t1vimk2cvlaf4yf1cpkyw9zw2vqglla6pw9,1,t1vimk2cvlaf4yf1cpkyw9zw2vqglla6pw9,-
6006,minted,t1qpeclgkhmw4xgk2v6kaixumhjf5pehox1,1,t1qpeclgkhmw4xgk2v6kaixumhjf5pehox1,-
6008,minted,t1lrhgxugmpqro1hz8uuzxfsxysdaqg5kup,1,t1lrhgxugmpqro1hz8uuzxfsxysdaqg5kup,-
6011,minted,t1kcuw1npvr56on7dbzkddjob41akjlwe2h,1,t1kcuw1npvr56on7dbzkddjob41akjlwe2h,-
6012,minted,t1kcuw1npvr56on7dbzkddjob41akjlwe2h,1,t1kcuw1npvr56on7dbzkddjob41akjlwe2h,-
6014,minted,t1b3zgxvh3pagwffnadb6adlat9lgwdc1sd,1,t1b3zgxvh3pagwffnadb6adlat9lgwdc1sd,-
6017,minted,t1dxhdbxbic87ktuvucaxyug62g2binylpj,1,t1dxhdbxbic87ktuvucaxyug62g2binylpj,-
6022,minted,t1uwhgycnxruf62kfea3wefuetqlahxttqv,1,t1uwhgycnxruf62kfea3wefuetqlahxttqv,-
6024,minted,t1plr7emfb4ptjr3ydgkxtvvcx88vipczbg,1,t1plr7emfb4ptjr3ydgkxtvvcx88vipczbg,-
6025,minted,t1zefvvqfpioqts8ynnenemixu5ypmngtmd,1,t1zefvvqfpioqts8ynnenemixu5ypmngtmd,-
6027,minted,t1bqz7lcv5ca65pcubguiqdjfy4qhsvzbzz,1,t1bqz7lcv5ca65pcubguiqdjfy4qhsvzbzz,-
6028,minted,t1z2bqfbjjxavofvagz4s2l3asowczytznu,1,t1z2bqfbjjxavofvagz4s2l3asowczytznu,-
6029,minted,t1harykyjfctqhcswkwobfnqydrtpybcusz,1,t1harykyjfctqhcswkwobfnqydrtpybcusz,-
6030,minted,t1harykyjfctqhcswkwobfnqydrtpybcusz,1,t1harykyjfctqhcswkwobfnqydrtpybcusz,-
6032,minted,t1rjxectx3e63ydhaerxyynqck71mp117ty,1,t1rjxectx3e63ydhaerxyynqck71mp117ty,-
6033,minted,t1c2kcpjr9duwyeaxgkcryauwpgapspt44n,1,t1c2kcpjr9duwyeaxgkcryauwpgapspt44n,-
6037,minted,t1sg7teea9tkjymwsffeq3aqyczdvpknsny,1,t1sg7teea9tkjymwsffeq3aqyczdvpknsny,-
6040,minted,t1nveuzt6vcr9tm2p2xd1gxdbnwyo6rrd39,1,t1nveuzt6vcr9tm2p2xd1gxdbnwyo6rrd39,-
6041,minted,t1d1phzjprbfb6l3z7bpobkqdzjlavru3zb,1,t1d1phzjprbfb6l3z7bpobkqdzjlavru3zb,-
6043,minted,t1w3z6psfkpaqagrsh3j1hvcampr8xitfef,1,t1w3z6psfkpaqagrsh3j1hvcampr8xitfef,-
6045,minted,t1rjxectx3e63ydhaerxyynqck71mp117ty,1,t1rjxectx3e63ydhaerxyynqck71mp117ty,-
6049,minted,t1ub2xrhednp6xqdvpqynpkqeczlowj8z6j,1,t1ub2xrhednp6xqdvpqynpkqeczlowj8z6j,-
6051,minted,t1c3ko29zefpjjtwe5bqs44hkfzmmshqzj2,1,t1c3ko29zefpjjtwe5bqs44hkfzmmshqzj2,-
6054,minted,t1egohrhbvkcebhmzf9xvxfy86njvkjkssa,1,t1egohrhbvkcebhmzf9xvxfy86njvkjkssa,-
6055,minted,t1akqraypbyjua8kq2iduagz2fxswik7shh,1,t1akqraypbyjua8kq2iduagz2fxswik7shh,-
6058,minted,t1wmgffiauhm7a7ynhwr3z4gukbvayvtal4,1,t1wmgffiauhm7a7ynhwr3z4gukbvayvtal4,-
6060,minted,t1k7jffednikqubpoc8mvj8ij6tqidmzoj2,1,t1k7jffednikqubpoc8mvj8ij6tqidmzoj2,-
6061,minted,t1keyd75eld8bvhtjn9r2sqxsomd4uksy3q,1,t1keyd75eld8bvhtjn9r2sqxsomd4uksy3q,-
6062,minted,t1n9vkjsqqpvji45dbmsyqbf3oms6efzbav,1,t1n9vkjsqqpvji45dbmsyqbf3oms6efzbav,-
6063,minted,t1ceuykreawgbzptq5b4crcjswqgk3iwcvu,1,t1ceuykreawgbzptq5b4crcjswqgk3iwcvu,-
6066,minted,t1bqz7lcv5ca65pcubguiqdjfy4qhsvzbzz,1,t1bqz7lcv5ca65pcubguiqdjfy4qhsvzbzz,-
6068,minted,t1qlpbfcgqthby7gtqlcxjemd3unmdc17p9,1,t1qlpbfcgqthby7gtqlcxjemd3unmdc17p9,-
6070,minted,t1wjymzb8eklefe8jcxdxijvxwrbxybmig5,1,t1wjymzb8eklefe8jcxdxijvxwrbxybmig5,-
6071,minted,t1ackjtwvbsfgafminnbmneegdypv9g3gca,1,t1ackjtwvbsfgafminnbmneegdypv9g3gca,-
6074,minted,t1ugnmmfgvei3prgchynzyhugd5qysjpdcd,1,t1ugnmmfgvei3prgchynzyhugd5qysjpdcd,-
6077,minted,t1dmzxbvj7kqrftvwd2pugsrkaeqfuwtjrl,1,t1dmzxbvj7kqrftvwd2pugsrkaeqfuwtjrl,-
6080,minted,t1nveuzt6vcr9tm2p2xd1gxdbnwyo6rrd39,1,t1nveuzt6vcr9tm2p2xd1gxdbnwyo6rrd39,-
6081,minted,t1j5gnyyoqkpwqvxwnmrifakdbgg9syf4q1,1,t1j5gnyyoqkpwqvxwnmrifakdbgg9syf4q1,-
6083,minted,t1k6zlqemuuuh7y2tzmnybqtkztmzt4kz5z,1,t1k6zlqemuuuh7y2tzmnybqtkztmzt4kz5z,-
6085,minted,t1jfcigsd4fnvprdnfh2nlhwd27njddj9kc,1,t1jfcigsd4fnvprdnfh2nlhwd27njddj9kc,-
6086,minted,t1vnqzdvmveogfsmvu2hqbadttvlfre5fcr,1,t1vnqzdvmveogfsmvu2hqbadttvlfre5fcr,-
6087,minted,t1qunysptkw1jvmv2abfvljustmikybvfiy,1,t1qunysptkw1jvmv2abfvljustmikybvfiy,-
6088,minted,t1ceuykreawgbzptq5b4crcjswqgk3iwcvu,1,t1ceuykreawgbzptq5b4crcjswqgk3iwcvu,-
6089,minted,t1ugnmmfgvei3prgchynzyhugd5qysjpdcd,1,t1ugnmmfgvei3prgchynzyhugd5qysjpdcd,-
6090,minted,t1zvfc8q8ritdcmiyfuo4k1sytbf7fgtggs,1,t1zvfc8q8ritdcmiyfuo4k1sytbf7fgtggs,-
6091,minted,t1alunes1f8r7ps4wmmmecqrg2jdhgcryqk,1,t1alunes1f8r7ps4wmmmecqrg2jdhgcryqk,-
6092,minted,t1bqz7lcv5ca65pcubguiqdjfy4qhsvzbzz,1,t1bqz7lcv5ca65pcubguiqdjfy4qhsvzbzz,-
6093,minted,t1fcmnktgqtxnnsq9llfxityrj12uteieuk,1,t1fcmnktgqtxnnsq9llfxityrj12uteieuk,-
6094,minted,t1rmhswkzucw9ub1owuggjwv6lbrvbfxczv,1,t1rmhswkzucw9ub1owuggjwv6lbrvbfxczv,-
6097,minted,t1qunysptkw1jvmv2abfvljustmikybvfiy,1,t1qunysptkw1jvmv2abfvljustmikybvfiy,-
6100,minted,t1dgqmeqinlpff487bh9pqoqdkm7faxk554,1,t1dgqmeqinlpff487bh9pqoqdkm7faxk554,-
6101,minted,t1vxjd7iypy58chghwfrhmbnijefrkycbvn,1,t1vxjd7iypy58chghwfrhmbnijefrkycbvn,-
6103,minted,t1ceuykreawgbzptq5b4crcjswqgk3iwcvu,1,t1ceuykreawgbzptq5b4crcjswqgk3iwcvu,-
6104,minted,t1rjxectx3e63ydhaerxyynqck71mp117ty,1,t1rjxectx3e63ydhaerxyynqck71mp117ty,-
6107,minted,t1sfmsm39wfeab8ztkpfegffn1lexnishfz,1,t1sfmsm39wfeab8ztkpfegffn1lexnishfz,-
6108,minted,t1aphfzzmcujqhuenxl5odscmyv97ti5dwv,1,t1aphfzzmcujqhuenxl5odscmyv97ti5dwv,-
6109,minted,t1nveuzt6vcr9tm2p2xd1gxdbnwyo6rrd39,1,t1nveuzt6vcr9tm2p2xd1gxdbnwyo6rrd39,-
6111,minted,t1rgw6g813bmzoyvyd37iaewney6hditzvq,1,t1rgw6g813bmzoyvyd37iaewney6hditzvq,-
6112,minted,t1kcuw1npvr56on7dbzkddjob41akjlwe2h,1,t1kcuw1npvr56on7dbzkddjob41akjlwe2h,-
6114,minted,t1relemkcagbfnehud1r1jsu9dhpqwybapn,1,t1relemkcagbfnehud1r1jsu9dhpqwybapn,-
6115,minted,t1w4yxr8rtmgzkd25jgweywxqnem3llmxwq,1,t1w4yxr8rtmgzkd25jgweywxqnem3llmxwq,-
6116,minted,t1kcuw1npvr56on7dbzkddjob41akjlwe2h,1,t1kcuw1npvr56on7dbzkddjob41akjlwe2h,-
6118,failed,t1b4xybydvhinc2qasg9zgtdrqmxqyb6ax7,1,-,-
6119,minted,t1zuffvd1tk6pux9r8zbojyoajsmip5awra,1,t1zuffvd1tk6pux9r8zbojyoajsmip5awra,-
6120,minted,t1eeycfbwbu2fm3fztxs4iufljukzbnqpdg,1,t1eeycfbwbu2fm3fztxs4iufljukzbnqpdg,-
6122,minted,t1n9vkjsqqpvji45dbmsyqbf3oms6efzbav,1,t1n9vkjsqqpvji45dbmsyqbf3oms6efzbav,-
6123,minted,t1plzelr9uehatsdzm1kb57wz8bnd9p1hdl,1,t1plzelr9uehatsdzm1kb57wz8bnd9p1hdl,-
6126,minted,t1p9jplm6rkwlnnfe4b2ruvfngsqj38cmrz,1,t1p9jplm6rkwlnnfe4b2ruvfngsqj38cmrz,-
6128,minted,t1sn6q8wbuc1a2s7tjdbjzcqcti8uqutseq,1,t1sn6q8wbuc1a2s7tjdbjzcqcti8uqutseq,-
6129,minted,t1rgw6g813bmzoyvyd37iaewney6hditzvq,1,t1rgw6g813bmzoyvyd37iaewney6hditzvq,-
6130,minted,t1lhzuuduqgkqm4dppbwnmhb5jhlmjuz7qn,1,t1lhzuuduqgkqm4dppbwnmhb5jhlmjuz7qn,-
6132,minted,t1plzelr9uehatsdzm1kb57wz8bnd9p1hdl,1,t1plzelr9uehatsdzm1kb57wz8bnd9p1hdl,-
6133,minted,t1vf4k61qeseulhxpzkjch3nb3q1vw6fvx9,1,t1vf4k61qeseulhxpzkjch3nb3q1vw6fvx9,-
6138,minted,t1ackjtwvbsfgafminnbmneegdypv9g3gca,1,t1ackjtwvbsfgafminnbmneegdypv9g3gca,-
6140,minted,t1c4j1rmlwwpelu6xcjqb9zheujusethjcx,1,t1c4j1rmlwwpelu6xcjqb9zheujusethjcx,-
6146,minted,t1t954bo5mpnjpjqri544hnaazmwxuvgpmh,1,t1t954bo5mpnjpjqri544hnaazmwxuvgpmh,-
6148,minted,t1keyd75eld8bvhtjn9r2sqxsomd4uksy3q,1,t1keyd75eld8bvhtjn9r2sqxsomd4uksy3q,-
6149,minted,t1sn6q8wbuc1a2s7tjdbjzcqcti8uqutseq,1,t1sn6q8wbuc1a2s7tjdbjzcqcti8uqutseq,-
6155,minted,t1nmcjpeuqab3ghpbqpfzg7xypw3th4krnp,1,t1nmcjpeuqab3ghpbqpfzg7xypw3th4krnp,-
6157,minted,t1k1k3lvujfthpw1rx5gye1wt1w3nfffkuz,1,t1k1k3lvujfthpw1rx5gye1wt1w3nfffkuz,-
6158,minted,t1sjbaodtmts94hhndm1g6gsxs9r56r3fmi,1,t1sjbaodtmts94hhndm1g6gsxs9r56r3fmi,-
6161,minted,t1d1phzjprbfb6l3z7bpobkqdzjlavru3zb,1,t1d1phzjprbfb6l3z7bpobkqdzjlavru3zb,-
6163,minted,t1geadqaiqyvgaoog8vhocum1sq6scajdbe,1,t1geadqaiqyvgaoog8vhocum1sq6scajdbe,-
6164,minted,t1n2xu9lwtm2ht86utphhhi1umgppn6lfw5,1,t1n2xu9lwtm2ht86utphhhi1umgppn6lfw5,-
6168,minted,t1wup8b6wsaeewjbzszy5kfnvessbm8dhdj,1,t1wup8b6wsaeewjbzszy5kfnvessbm8dhdj,-
6171,minted,t1mn1hixkseswrzwe7jbk82flewryugjtc9,1,t1mn1hixkseswrzwe7jbk82flewryugjtc9,-
6172,minted,t1sg7teea9tkjymwsffeq3aqyczdvpknsny,1,t1sg7teea9tkjymwsffeq3aqyczdvpknsny,-
6174,minted,t1c4j1rmlwwpelu6xcjqb9zheujusethjcx,1,t1c4j1rmlwwpelu6xcjqb9zheujusethjcx,-
6175,minted,t1wwe8mf17ryho7niz6wlhriaxac5f8qymi,1,t1wwe8mf17ryho7niz6wlhriaxac5f8qymi,-
6178,failed,t1b4xybydvhinc2qasg9zgtdrqmxqyb6ax7,1,-,-
6180,minted,t1c4j1rmlwwpelu6xcjqb9zheujusethjcx,1,t1c4j1rmlwwpelu6xcjqb9zheujusethjcx,-
6181,minted,t1wdk8ftmqhutjtpqoftehpxunlkfuvyspm,1,t1wdk8ftmqhutjtpqoftehpxunlkfuvyspm,-
6183,minted,t1cdzqcr1bu9exe6wru1yxqjwv5asqjfbby,1,t1cdzqcr1bu9exe6wru1yxqjwv5asqjfbby,-
6184,minted,t1aphfzzmcujqhuenxl5odscmyv97ti5dwv,1,t1aphfzzmcujqhuenxl5odscmyv97ti5dwv,-
6185,minted,t1bqz7lcv5ca65pcubguiqdjfy4qhsvzbzz,1,t1bqz7lcv5ca65pcubguiqdjfy4qhsvzbzz,-
6188,minted,t1zuffvd1tk6pux9r8zbojyoajsmip5awra,1,t1zuffvd1tk6pux9r8zbojyoajsmip5awra,-
6189,minted,t1plr7emfb4ptjr3ydgkxtvvcx88vipczbg,1,t1plr7emfb4ptjr3ydgkxtvvcx88vipczbg,-
6193,minted,t1k1k3lvujfthpw1rx5gye1wt1w3nfffkuz,1,t1k1k3lvujfthpw1rx5gye1wt1w3nfffkuz,-
6194,minted,t1c3ko29zefpjjtwe5bqs44hkfzmmshqzj2,1,t1c3ko29zefpjjtwe5bqs44hkfzmmshqzj2,-
6198,minted,t1cmaavjvkvscj1adavejjh5ndq9zgzj7yq,1,t1cmaavjvkvscj1adavejjh5ndq9zgzj7yq,-
6199,minted,t1ra5rzwpgv2h197mszzuczzh3sqdq7yssl,1,t1ra5rzwpgv2h197mszzuczzh3sqdq7yssl,-
6200,minted,t1vlqp3zm55bd1ltecwhwyceev4gtkgfhyh,1,t1vlqp3zm55bd1ltecwhwyceev4gtkgfhyh,-
6201,minted,t1kcuw1npvr56on7dbzkddjob41akjlwe2h,1,t1kcuw1npvr56on7dbzkddjob41akjlwe2h,-
6205,minted,t1qlpbfcgqthby7gtqlcxjemd3unmdc17p9,1,t1qlpbfcgqthby7gtqlcxjemd3unmdc17p9,-
6207,minted,t1ry1amqjxbasfn4g54vejjhgfwhqyau6kq,1,t1ry1amqjxbasfn4g54vejjhgfwhqyau6kq,-
6210,minted,t1kpwnwxtu8wf5g5twdruqbnh4bi6tohrtn,1,t1kpwnwxtu8wf5g5twdruqbnh4bi6tohrtn,-
6211,minted,t1khhgjrucrrbn1jhnlz8ibmtok9tpidfui,1,t1khhgjrucrrbn1jhnlz8ibmtok9tpidfui,-
6213,minted,t1uijcpndrzgcmqlg67y8ld8xailbijq9ku,1,t1uijcpndrzgcmqlg67y8ld8xailbijq9ku,-
6214,minted,t1zpzocw6bnvu4bekcg29cokyno37dmuuck,1,t1zpzocw6bnvu4bekcg29cokyno37dmuuck,-
6216,minted,t1zvfc8q8ritdcmiyfuo4k1sytbf7fgtggs,1,t1zvfc8q8ritdcmiyfuo4k1sytbf7fgtggs,-
6220,minted,t1tm4ukzttclqbius6oqzhbb5wla9soo3ii,1,t1tm4ukzttclqbius6oqzhbb5wla9soo3ii,-
6221,minted,t1nveuzt6vcr9tm2p2xd1gxdbnwyo6rrd39,1,t1nveuzt6vcr9tm2p2xd1gxdbnwyo6rrd39,-
6222,minted,t1jwcn7bwhwiw2xscgwymbdbppl57rpbjjw,1,t1jwcn7bwhwiw2xscgwymbdbppl57rpbjjw,-
6224,minted,t1rmhswkzucw9ub1owuggjwv6lbrvbfxczv,1,t1rmhswkzucw9ub1owuggjwv6lbrvbfxczv,-
6225,minted,t1tm4ukzttclqbius6oqzhbb5wla9soo3ii,1,t1tm4ukzttclqbius6oqzhbb5wla9soo3ii,-
6226,minted,t1zvfc8q8ritdcmiyfuo4k1sytbf7fgtggs,1,t1zvfc8q8ritdcmiyfuo4k1sytbf7fgtggs,-
6228,minted,t1tm4ukzttclqbius6oqzhbb5wla9soo3ii,1,t1tm4ukzttclqbius6oqzhbb5wla9soo3ii,-
6234,minted,t1m1yuzl9gymphvw3pg2fcutjuidaiyk2g2,1,t1m1yuzl9gymphvw3pg2fcutjuidaiyk2g2,-
6236,minted,t1tmtfdgwqxtxoqrnvmosa6kadkayg4kf8n,1,t1tmtfdgwqxtxoqrnvmosa6kadkayg4kf8n,-
6237,minted,t1ppp9pu3ezkzjgu7cccmx1xsnxxxp3apas,1,t1ppp9pu3ezkzjgu7cccmx1xsnxxxp3apas,-
6238,minted,t1vimk2cvlaf4yf1cpkyw9zw2vqglla6pw9,1,t1vimk2cvlaf4yf1cpkyw9zw2vqglla6pw9,-
6243,minted,t1wmgffiauhm7a7ynhwr3z4gukbvayvtal4,1,t1wmgffiauhm7a7ynhwr3z4gukbvayvtal4,-
6245,minted,t1s957gnh26o9d7rzkrxft3p2zgwg1f6ztd,1,t1s957gnh26o9d7rzkrxft3p2zgwg1f6ztd,-
6246,minted,t1xgramzt5zp1cjwno2hzuyp66g3lhojpn4,1,t1xgramzt5zp1cjwno2hzuyp66g3lhojpn4,-
6247,minted,t1kcuw1npvr56on7dbzkddjob41akjlwe2h,1,t1kcuw1npvr56on7dbzkddjob41akjlwe2h,-
6250,minted,t1vf4k61qeseulhxpzkjch3nb3q1vw6fvx9,1,t1vf4k61qeseulhxpzkjch3nb3q1vw6fvx9,-
6252,minted,t1bqz7lcv5ca65pcubguiqdjfy4qhsvzbzz,1,t1bqz7lcv5ca65pcubguiqdjfy4qhsvzbzz,-
6255,minted,t1ezmafcocld3avqj6clnp9ecyjeey3bbgn,1,t1ezmafcocld3avqj6clnp9ecyjeey3bbgn,-
6258,minted,t1sqqn7d3fhvj1adwgfip6ebxtqjcngrwff,1,t1sqqn7d3fhvj1adwgfip6ebxtqjcngrwff,-
6260,minted,t1tm3cakrhdvy2bdakoqgtkyea4qed9qda8,1,t1tm3cakrhdvy2bdakoqgtkyea4qed9qda8,-
6262,minted,t1plr7emfb4ptjr3ydgkxtvvcx88vipczbg,1,t1plr7emfb4ptjr3ydgkxtvvcx88vipczbg,-
6267,minted,t1k6zlqemuuuh7y2tzmnybqtkztmzt4kz5z,1,t1k6zlqemuuuh7y2tzmnybqtkztmzt4kz5z,-
6268,minted,t1p9jplm6rkwlnnfe4b2ruvfngsqj38cmrz,1,t1p9jplm6rkwlnnfe4b2ruvfngsqj38cmrz,-
6269,minted,t1uufoxnydajnj5x2jxumh4qmu2wrfagbnu,1,t1uufoxnydajnj5x2jxumh4qmu2wrfagbnu,-
6271,minted,t1vnqzdvmveogfsmvu2hqbadttvlfre5fcr,1,t1vnqzdvmveogfsmvu2hqbadttvlfre5fcr,-
6272,minted,t1pk1uc5ma3yfs7jwim8pje8jqiv36b5eds,1,t1pk1uc5ma3yfs7jwim8pje8jqiv36b5eds,-
6273,minted,t1dfjru8b7hjg8t7zxhdcuctfffw7b71alt,1,t1dfjru8b7hjg8t7zxhdcuctfffw7b71alt,-
6274,minted,t1qz52qxsvz7coou2jjbkhuqhagui85j8sx,1,t1qz52qxsvz7coou2jjbkhuqhagui85j8sx,-
6276,minted,t1qpeclgkhmw4xgk2v6kaixumhjf5pehox1,1,t1qpeclgkhmw4xgk2v6kaixumhjf5pehox1,-
6280,minted,t1gfxpmbrdeohuwrzcrms99tghjuw7fufyu,1,t1gfxpmbrdeohuwrzcrms99tghjuw7fufyu,-
6281,minted,t1sn6q8wbuc1a2s7tjdbjzcqcti8uqutseq,1,t1sn6q8wbuc1a2s7tjdbjzcqcti8uqutseq,-
6282,minted,t1umuzozkqrbtaknbascznhnpqj7dxixrvq,1,t1umuzozkqrbtaknbascznhnpqj7dxixrvq,-
6283,minted,t1ceuykreawgbzptq5b4crcjswqgk3iwcvu,1,t1ceuykreawgbzptq5b4crcjswqgk3iwcvu,-
6284,minted,t1pcjiaepled7najcti7vxpgjjzhji5m3fg,1,t1pcjiaepled7najcti7vxpgjjzhji5m3fg,-
6285,minted,t1relemkcagbfnehud1r1jsu9dhpqwybapn,1,t1relemkcagbfnehud1r1jsu9dhpqwybapn,-
6287,minted,t1px7hlrau7co9lk3k81jcrntnilhrwgoxj,1,t1px7hlrau7co9lk3k81jcrntnilhrwgoxj,-
6288,minted,t1d7guc3dpm6udkueebf5lxbazbetnavxv3,1,t1d7guc3dpm6udkueebf5lxbazbetnavxv3,-
6290,minted,t1rmhswkzucw9ub1owuggjwv6lbrvbfxczv,1,t1rmhswkzucw9ub1owuggjwv6lbrvbfxczv,-
6291,minted,t1lakakmmjky8le5cmznkgdvcvvtnrkac8a,1,t1lakakmmjky8le5cmznkgdvcvvtnrkac8a,-
6292,minted,t1bnbdl7zusefkhvhgzfad5jq6e3d1fg3hz,1,t1bnbdl7zusefkhvhgzfad5jq6e3d1fg3hz,-
6294,minted,t1tdwjklmpx8k3pykwzyamcydtw24agjuus,1,t1tdwjklmpx8k3pykwzyamcydtw24agjuus,-
6296,minted,t1ktjgv2pfr1zjjsysvbhazviuacosicske,1,t1ktjgv2pfr1zjjsysvbhazviuacosicske,-
6297,minted,t1vxjd7iypy58chghwfrhmbnijefrkycbvn,1,t1vxjd7iypy58chghwfrhmbnijefrkycbvn,-
6298,minted,t1bqz7lcv5ca65pcubguiqdjfy4qhsvzbzz,1,t1bqz7lcv5ca65pcubguiqdjfy4qhsvzbzz,-
6299,minted,t1sjbaodtmts94hhndm1g6gsxs9r56r3fmi,1,t1sjbaodtmts94hhndm1g6gsxs9r56r3fmi,-
6300,minted,t1aphfzzmcujqhuenxl5odscmyv97ti5dwv,1,t1aphfzzmcujqhuenxl5odscmyv97ti5dwv,-
6301,minted,t1k6zlqemuuuh7y2tzmnybqtkztmzt4kz5z,1,t1k6zlqemuuuh7y2tzmnybqtkztmzt4kz5z,-
6302,minted,t1ad5mp7aux3fxfv5hwtjfeiihcdtb71smg,1,t1ad5mp7aux3fxfv5hwtjfeiihcdtb71smg,-
6303,minted,t1rnjbkm81ui7zsy2z2udyi7bil5xvjspvh,1,t1rnjbkm81ui7zsy2z2udyi7bil5xvjspvh,-
6304,minted,t1knsuhktchkune9j2m7v5sehutqg5udzdf,1,t1knsuhktchkune9j2m7v5sehutqg5udzdf,-
6306,minted,t1d1phzjprbfb6l3z7bpobkqdzjlavru3zb,1,t1d1phzjprbfb6l3z7bpobkqdzjlavru3zb,-
6307,minted,t1uijcpndrzgcmqlg67y8ld8xailbijq9ku,1,t1uijcpndrzgcmqlg67y8ld8xailbijq9ku,-
6308,minted,t1nmcjpeuqab3ghpbqpfzg7xypw3th4krnp,1,t1nmcjpeuqab3ghpbqpfzg7xypw3th4krnp,-
6309,minted,t1px7hlrau7co9lk3k81jcrntnilhrwgoxj,1,t1px7hlrau7co9lk3k81jcrntnilhrwgoxj,-
6311,minted,t1sv5yhhefkgqyxnf6v2dzteuwr9fth5otq,1,t1sv5yhhefkgqyxnf6v2dzteuwr9fth5otq,-
6312,minted,t1vimk2cvlaf4yf1cpkyw9zw2vqglla6pw9,1,t1vimk2cvlaf4yf1cpkyw9zw2vqglla6pw9,-
6314,minted,t1pcjiaepled7najcti7vxpgjjzhji5m3fg,1,t1pcjiaepled7najcti7vxpgjjzhji5m3fg,-
6316,minted,t1k1k3lvujfthpw1rx5gye1wt1w3nfffkuz,1,t1k1k3lvujfthpw1rx5gye1wt1w3nfffkuz,-
6317,minted,t1fygwxb9m6az4j3jftu52yeg2btdajqw5j,1,t1fygwxb9m6az4j3jftu52yeg2btdajqw5j,-
6318,minted,t1lckeea2rgmgawzafrvsyj5fnsbvejxujp,1,t1lckeea2rgmgawzafrvsyj5fnsbvejxujp,-
6320,minted,t1bnbdl7zusefkhvhgzfad5jq6e3d1fg3hz,1,t1bnbdl7zusefkhvhgzfad5jq6e3d1fg3hz,-
6321,minted,t1hd8yo89x2kkepbmtnc4sigq5uohoqpfjc,1,t1hd8yo89x2kkepbmtnc4sigq5uohoqpfjc,-
6322,minted,t1geadqaiqyvgaoog8vhocum1sq6scajdbe,1,t1geadqaiqyvgaoog8vhocum1sq6scajdbe,-
6323,minted,t1wxlkbsuqmtd6nzburphdhp5bfhgajllps,1,t1wxlkbsuqmtd6nzburphdhp5bfhgajllps,-
6324,minted,t1yhhkhqqqgtgr7fqa2ce1pcagqxwt5xwcy,1,t1yhhkhqqqgtgr7fqa2ce1pcagqxwt5xwcy,-
6325,minted,t1umuzozkqrbtaknbascznhnpqj7dxixrvq,1,t1umuzozkqrbtaknbascznhnpqj7dxixrvq,-
6328,minted,t1rnjbkm81ui7zsy2z2udyi7bil5xvjspvh,1,t1rnjbkm81ui7zsy2z2udyi7bil5xvjspvh,-
6329,minted,t1vnqzdvmveogfsmvu2hqbadttvlfre5fcr,1,t1vnqzdvmveogfsmvu2hqbadttvlfre5fcr,-
6331,minted,t1k6zlqemuuuh7y2tzmnybqtkztmzt4kz5z,1,t1k6zlqemuuuh7y2tzmnybqtkztmzt4kz5z,-
6332,minted,t1lzi24jydjzsfib29wpm2jvp83kwlnkcrb,1,t1lzi24jydjzsfib29wpm2jvp83kwlnkcrb,-
6333,minted,t1wmgffiauhm7a7ynhwr3z4gukbvayvtal4,1,t1wmgffiauhm7a7ynhwr3z4gukbvayvtal4,-
6334,minted,t1tdx3jecge1dd9pmzxuaphvjm5hyq2c7wn,1,t1tdx3jecge1dd9pmzxuaphvjm5hyq2c7wn,-
6335,minted,t1vnqzdvmveogfsmvu2hqbadttvlfre5fcr,1,t1vnqzdvmveogfsmvu2hqbadttvlfre5fcr,-
6338,minted,t1nveuzt6vcr9tm2p2xd1gxdbnwyo6rrd39,1,t1nveuzt6vcr9tm2p2xd1gxdbnwyo6rrd39,-
6340,minted,t1eqrq34pr3zkecprjvanrxmpdpxt32j8tv,1,t1eqrq34pr3zkecprjvanrxmpdpxt32j8tv,-
6341,minted,t1lakakmmjky8le5cmznkgdvcvvtnrkac8a,1,t1lakakmmjky8le5cmznkgdvcvvtnrkac8a,-
6344,minted,t1c3ko29zefpjjtwe5bqs44hkfzmmshqzj2,1,t1c3ko29zefpjjtwe5bqs44hkfzmmshqzj2,-
6345,minted,t1uufoxnydajnj5x2jxumh4qmu2wrfagbnu,1,t1uufoxnydajnj5x2jxumh4qmu2wrfagbnu,-
6346,minted,t1sntdtkq4sbsk3socy6uzrbxvjwdn1x7cm,1,t1sntdtkq4sbsk3socy6uzrbxvjwdn1x7cm,-
6348,minted,t1rnjbkm81ui7zsy2z2udyi7bil5xvjspvh,1,t1rnjbkm81ui7zsy2z2udyi7bil5xvjspvh,-
6349,minted,t1txjy2pkqzgyamblaeqkfjox5cszkk2fn4,1,t1txjy2pkqzgyamblaeqkfjox5cszkk2fn4,-
6352,minted,t1d7guc3dpm6udkueebf5lxbazbetnavxv3,1,t1d7guc3dpm6udkueebf5lxbazbetnavxv3,-
6353,minted,t1kl4fasdmwjcjpikeb4yrog6uddknzw5fv,1,t1kl4fasdmwjcjpikeb4yrog6uddknzw5fv,-
6355,minted,t1qyfewbckpqy1q8ck5f5g2yv69urgdtdab,1,t1qyfewbckpqy1q8ck5f5g2yv69urgdtdab,-
6356,minted,t1ejiip3sav9nyvisgbjzptpbux7csgwhn1,1,t1ejiip3sav9nyvisgbjzptpbux7csgwhn1,-
6357,minted,t1qpeclgkhmw4xgk2v6kaixumhjf5pehox1,1,t1qpeclgkhmw4xgk2v6kaixumhjf5pehox1,-
6358,minted,t1rnjbkm81ui7zsy2z2udyi7bil5xvjspvh,1,t1rnjbkm81ui7zsy2z2udyi7bil5xvjspvh,-
6360,minted,t1w4yxr8rtmgzkd25jgweywxqnem3llmxwq,1,t1w4yxr8rtmgzkd25jgweywxqnem3llmxwq,-
6361,minted,t1dfjru8b7hjg8t7zxhdcuctfffw7b71alt,1,t1dfjru8b7hjg8t7zxhdcuctfffw7b71alt,-
6363,minted,t1lzi24jydjzsfib29wpm2jvp83kwlnkcrb,1,t1lzi24jydjzsfib29wpm2jvp83kwlnkcrb,-
6364,minted,t1bqz7lcv5ca65pcubguiqdjfy4qhsvzbzz,1,t1bqz7lcv5ca65pcubguiqdjfy4qhsvzbzz,-
6365,minted,t1lz7kt1duyahmqzcuxp8jvrcvy1ps6so6e,1,t1lz7kt1duyahmqzcuxp8jvrcvy1ps6so6e,-
6367,minted,t1qbjuqt1hbqzrjjz9u4532oitwefqemvtp,1,t1qbjuqt1hbqzrjjz9u4532oitwefqemvtp,-
6368,minted,t1ppp9pu3ezkzjgu7cccmx1xsnxxxp3apas,1,t1ppp9pu3ezkzjgu7cccmx1xsnxxxp3apas,-
6369,minted,t1dfjru8b7hjg8t7zxhdcuctfffw7b71alt,1,t1dfjru8b7hjg8t7zxhdcuctfffw7b71alt,-
6370,minted,t1ranm3flfnubmddbgbmdajw4ia9arknlzu,1,t1ranm3flfnubmddbgbmdajw4ia9arknlzu,-
6371,minted,t1knsuhktchkune9j2m7v5sehutqg5udzdf,1,t1knsuhktchkune9j2m7v5sehutqg5udzdf,-
6373,minted,t1hd8yo89x2kkepbmtnc4sigq5uohoqpfjc,1,t1hd8yo89x2kkepbmtnc4sigq5uohoqpfjc,-
6376,minted,t1plr7emfb4ptjr3ydgkxtvvcx88vipczbg,1,t1plr7emfb4ptjr3ydgkxtvvcx88vipczbg,-
6378,minted,t1xkb2xu5cytyrh46mgtxqe9rbuvcwmdxbw,1,t1xkb2xu5cytyrh46mgtxqe9rbuvcwmdxbw,-
6379,minted,t1txjy2pkqzgyamblaeqkfjox5cszkk2fn4,1,t1txjy2pkqzgyamblaeqkfjox5cszkk2fn4,-
6382,minted,t1ackjtwvbsfgafminnbmneegdypv9g3gca,1,t1ackjtwvbsfgafminnbmneegdypv9g3gca,-
6383,minted,t1uctyrme2jmsqcg6qcjumu1yjhxnogfddj,1,t1uctyrme2jmsqcg6qcjumu1yjhxnogfddj,-
6386,minted,t1swxdgrkwwzgzchaqrn1u8n5sr6gsjtt11,1,t1swxdgrkwwzgzchaqrn1u8n5sr6gsjtt11,-
6388,minted,t1sjbaodtmts94hhndm1g6gsxs9r56r3fmi,1,t1sjbaodtmts94hhndm1g6gsxs9r56r3fmi,-
6389,minted,t1k6zlqemuuuh7y2tzmnybqtkztmzt4kz5z,1,t1k6zlqemuuuh7y2tzmnybqtkztmzt4kz5z,-
6392,minted,t1ntc76ehbxiqujv2dfaffwaeugj8tmvwzw,1,t1ntc76ehbxiqujv2dfaffwaeugj8tmvwzw,-
6393,minted,t1xgramzt5zp1cjwno2hzuyp66g3lhojpn4,1,t1xgramzt5zp1cjwno2hzuyp66g3lhojpn4,-
6395,minted,t1lzi24jydjzsfib29wpm2jvp83kwlnkcrb,1,t1lzi24jydjzsfib29wpm2jvp83kwlnkcrb,-
6396,minted,t1khhgjrucrrbn1jhnlz8ibmtok9tpidfui,1,t1khhgjrucrrbn1jhnlz8ibmtok9tpidfui,-
6397,minted,t1gvuboqhcpbg9xaqgzqrmghqvbdsx4i6h5,1,t1gvuboqhcpbg9xaqgzqrmghqvbdsx4i6h5,-
6399,minted,t1kl4fasdmwjcjpikeb4yrog6uddknzw5fv,1,t1kl4fasdmwjcjpikeb4yrog6uddknzw5fv,-
6402,minted,t1vf4k61qeseulhxpzkjch3nb3q1vw6fvx9,1,t1vf4k61qeseulhxpzkjch3nb3q1vw6fvx9,-
6404,minted,t1ezmafcocld3avqj6clnp9ecyjeey3bbgn,1,t1ezmafcocld3avqj6clnp9ecyjeey3bbgn,-
6407,minted,t1redydp4vcmaufwpkoihptr3ommyslnmxu,1,t1redydp4vcmaufwpkoihptr3ommyslnmxu,-
6410,minted,t1k6zlqemuuuh7y2tzmnybqtkztmzt4kz5z,1,t1k6zlqemuuuh7y2tzmnybqtkztmzt4kz5z,-
6411,minted,t1d1phzjprbfb6l3z7bpobkqdzjlavru3zb,1,t1d1phzjprbfb6l3z7bpobkqdzjlavru3zb,-
6412,minted,t1nveuzt6vcr9tm2p2xd1gxdbnwyo6rrd39,1,t1nveuzt6vcr9tm2p2xd1gxdbnwyo6rrd39,-
6413,minted,t1plzelr9uehatsdzm1kb57wz8bnd9p1hdl,1,t1plzelr9uehatsdzm1kb57wz8bnd9p1hdl,-
6416,minted,t1ranm3flfnubmddbgbmdajw4ia9arknlzu,1,t1ranm3flfnubmddbgbmdajw4ia9arknlzu,-
6418,minted,t1xkmdryc22kstmiishiddayq1tzbar1sgu,1,t1xkmdryc22kstmiishiddayq1tzbar1sgu,-
6422,minted,t1txjy2pkqzgyamblaeqkfjox5cszkk2fn4,1,t1txjy2pkqzgyamblaeqkfjox5cszkk2fn4,-
6424,failed,t1b4xybydvhinc2qasg9zgtdrqmxqyb6ax7,1,-,-
6425,minted,t1ackjtwvbsfgafminnbmneegdypv9g3gca,1,t1ackjtwvbsfgafminnbmneegdypv9g3gca,-
6429,minted,t1plr7emfb4ptjr3ydgkxtvvcx88vipczbg,1,t1plr7emfb4ptjr3ydgkxtvvcx88vipczbg,-
6431,minted,t1wdk8ftmqhutjtpqoftehpxunlkfuvyspm,1,t1wdk8ftmqhutjtpqoftehpxunlkfuvyspm,-
6433,minted,t1yhhkhqqqgtgr7fqa2ce1pcagqxwt5xwcy,1,t1yhhkhqqqgtgr7fqa2ce1pcagqxwt5xwcy,-
6434,minted,t1d7guc3dpm6udkueebf5lxbazbetnavxv3,1,t1d7guc3dpm6udkueebf5lxbazbetnavxv3,-
6436,minted,t1d7guc3dpm6udkueebf5lxbazbetnavxv3,1,t1d7guc3dpm6udkueebf5lxbazbetnavxv3,-
6438,minted,t1vxzayz2wtcgluk2rrlctxr5ivjzzfmluy,1,t1vxzayz2wtcgluk2rrlctxr5ivjzzfmluy,-
6440,minted,t1xgramzt5zp1cjwno2hzuyp66g3lhojpn4,1,t1xgramzt5zp1cjwno2hzuyp66g3lhojpn4,-
6442,minted,t1rtxvnmfpjf5xrcdmceizvffpk2fxyjpte,1,t1rtxvnmfpjf5xrcdmceizvffpk2fxyjpte,-
6443,minted,t1vxzayz2wtcgluk2rrlctxr5ivjzzfmluy,1,t1vxzayz2wtcgluk2rrlctxr5ivjzzfmluy,-
6448,minted,t1tdwjklmpx8k3pykwzyamcydtw24agjuus,1,t1tdwjklmpx8k3pykwzyamcydtw24agjuus,-
6450,minted,t1lzi24jydjzsfib29wpm2jvp83kwlnkcrb,1,t1lzi24jydjzsfib29wpm2jvp83kwlnkcrb,-
6451,minted,t1d1phzjprbfb6l3z7bpobkqdzjlavru3zb,1,t1d1phzjprbfb6l3z7bpobkqdzjlavru3zb,-
6452,minted,t1lfz9vt9gfkylljtzctsvpqdjdsfnp5ths,1,t1lfz9vt9gfkylljtzctsvpqdjdsfnp5ths,-
6453,minted,t1geadqaiqyvgaoog8vhocum1sq6scajdbe,1,t1geadqaiqyvgaoog8vhocum1sq6scajdbe,-
6454,minted,t1dfjru8b7hjg8t7zxhdcuctfffw7b71alt,1,t1dfjru8b7hjg8t7zxhdcuctfffw7b71alt,-
6457,minted,t1sqqn7d3fhvj1adwgfip6ebxtqjcngrwff,1,t1sqqn7d3fhvj1adwgfip6ebxtqjcngrwff,-
6458,minted,t1plzelr9uehatsdzm1kb57wz8bnd9p1hdl,1,t1plzelr9uehatsdzm1kb57wz8bnd9p1hdl,-
6465,minted,t1q3k7lwfkwzyxbpwjrqe9mewfw7iqwbbpg,1,t1q3k7lwfkwzyxbpwjrqe9mewfw7iqwbbpg,-
6467,minted,t1yhhkhqqqgtgr7fqa2ce1pcagqxwt5xwcy,1,t1yhhkhqqqgtgr7fqa2ce1pcagqxwt5xwcy,-
6468,minted,t1pk1uc5ma3yfs7jwim8pje8jqiv36b5eds,1,t1pk1uc5ma3yfs7jwim8pje8jqiv36b5eds,-
6470,minted,t1vf4k61qeseulhxpzkjch3nb3q1vw6fvx9,1,t1vf4k61qeseulhxpzkjch3nb3q1vw6fvx9,-
6472,minted,t1ad5mp7aux3fxfv5hwtjfeiihcdtb71smg,1,t1ad5mp7aux3fxfv5hwtjfeiihcdtb71smg,-
6476,minted,t1a7hvjbrse6vvorjndlqrau7kyjzcgqnk5,1,t1a7hvjbrse6vvorjndlqrau7kyjzcgqnk5,-
6477,minted,t1d1phzjprbfb6l3z7bpobkqdzjlavru3zb,1,t1d1phzjprbfb6l3z7bpobkqdzjlavru3zb,-
6478,minted,t1qz52qxsvz7coou2jjbkhuqhagui85j8sx,1,t1qz52qxsvz7coou2jjbkhuqhagui85j8sx,-
6479,minted,t1qunysptkw1jvmv2abfvljustmikybvfiy,1,t1qunysptkw1jvmv2abfvljustmikybvfiy,-
6481,minted,t1sjbaodtmts94hhndm1g6gsxs9r56r3fmi,1,t1sjbaodtmts94hhndm1g6gsxs9r56r3fmi,-
6482,minted,t1qunysptkw1jvmv2abfvljustmikybvfiy,1,t1qunysptkw1jvmv2abfvljustmikybvfiy,-
6487,minted,t1xkjq7z7dq1s1ksfux7qnk9l8a5rtjxapu,1,t1xkjq7z7dq1s1ksfux7qnk9l8a5rtjxapu,-
6488,minted,t1nmcjpeuqab3ghpbqpfzg7xypw3th4krnp,1,t1nmcjpeuqab3ghpbqpfzg7xypw3th4krnp,-
6492,minted,t1g797iuz3hzgkyxzuxjlukm7a8juqndwnv,1,t1g797iuz3hzgkyxzuxjlukm7a8juqndwnv,-
6493,minted,t1jdsfjfc6ydm63jvp9jtmykdxyyxrrtqek,1,t1jdsfjfc6ydm63jvp9jtmykdxyyxrrtqek,-
6495,minted,t1tm4ukzttclqbius6oqzhbb5wla9soo3ii,1,t1tm4ukzttclqbius6oqzhbb5wla9soo3ii,-
6498,minted,t1kqn6lrzaaqmy4vetlswnmpucd71ltoesq,1,t1kqn6lrzaaqmy4vetlswnmpucd71ltoesq,-
6499,minted,t1utwwsaslf2xhdaec4hnfbewky6k9e6yqi,1,t1utwwsaslf2xhdaec4hnfbewky6k9e6yqi,-
6501,minted,t1jts8xyoc3stscbtkbkpdspd3detcnfb4u,1,t1jts8xyoc3stscbtkbkpdspd3detcnfb4u,-
6502,minted,t1yjskwibrp2r3pfsrvhuxbgekfiizawzh2,1,t1yjskwibrp2r3pfsrvhuxbgekfiizawzh2,-
6503,minted,t1dfjru8b7hjg8t7zxhdcuctfffw7b71alt,1,t1dfjru8b7hjg8t7zxhdcuctfffw7b71alt,-
6507,minted,t1ugnmmfgvei3prgchynzyhugd5qysjpdcd,1,t1ugnmmfgvei3prgchynzyhugd5qysjpdcd,-
6508,minted,t1uijcpndrzgcmqlg67y8ld8xailbijq9ku,1,t1uijcpndrzgcmqlg67y8ld8xailbijq9ku,-
6512,minted,t1umuzozkqrbtaknbascznhnpqj7dxixrvq,1,t1umuzozkqrbtaknbascznhnpqj7dxixrvq,-
6513,minted,t1nmcjpeuqab3ghpbqpfzg7xypw3th4krnp,1,t1nmcjpeuqab3ghpbqpfzg7xypw3th4krnp,-
6514,minted,t1fym6ponzmhqgj1azpaimmy1wzligfzdwt,1,t1fym6ponzmhqgj1azpaimmy1wzligfzdwt,-
6515,minted,t1bnbdl7zusefkhvhgzfad5jq6e3d1fg3hz,1,t1bnbdl7zusefkhvhgzfad5jq6e3d1fg3hz,-
6517,minted,t1sqqn7d3fhvj1adwgfip6ebxtqjcngrwff,1,t1sqqn7d3fhvj1adwgfip6ebxtqjcngrwff,-
6519,minted,t1jdsfjfc6ydm63jvp9jtmykdxyyxrrtqek,1,t1jdsfjfc6ydm63jvp9jtmykdxyyxrrtqek,-
6520,minted,t1sqqn7d3fhvj1adwgfip6ebxtqjcngrwff,1,t1sqqn7d3fhvj1adwgfip6ebxtqjcngrwff,-
6521,minted,t1y8g4khzqcpxsvmp5mw9kctngda2g9e4z6,1,t1y8g4khzqcpxsvmp5mw9kctngda2g9e4z6,-
6522,minted,t1kcuw1npvr56on7dbzkddjob41akjlwe2h,1,t1kcuw1npvr56on7dbzkddjob41akjlwe2h,-
6524,minted,t1pyrvmpavfagheyp743brdnnjgdyzedsn3,1,t1pyrvmpavfagheyp743brdnnjgdyzedsn3,-
6526,minted,t1uwhgycnxruf62kfea3wefuetqlahxttqv,1,t1uwhgycnxruf62kfea3wefuetqlahxttqv,-
6528,minted,t1swxdgrkwwzgzchaqrn1u8n5sr6gsjtt11,1,t1swxdgrkwwzgzchaqrn1u8n5sr6gsjtt11,-
6530,minted,t1kcuw1npvr56on7dbzkddjob41akjlwe2h,1,t1kcuw1npvr56on7dbzkddjob41akjlwe2h,-
6531,minted,t1geadqaiqyvgaoog8vhocum1sq6scajdbe,1,t1geadqaiqyvgaoog8vhocum1sq6scajdbe,-
6533,minted,t1rgw6g813bmzoyvyd37iaewney6hditzvq,1,t1rgw6g813bmzoyvyd37iaewney6hditzvq,-
6534,minted,t1pudhqtsiqkwcge7gr3yo48b8ihw7s76ko,1,t1pudhqtsiqkwcge7gr3yo48b8ihw7s76ko,-
6536,minted,t1px7hlrau7co9lk3k81jcrntnilhrwgoxj,1,t1px7hlrau7co9lk3k81jcrntnilhrwgoxj,-
6537,minted,t1qunysptkw1jvmv2abfvljustmikybvfiy,1,t1qunysptkw1jvmv2abfvljustmikybvfiy,-
6538,minted,t1g797iuz3hzgkyxzuxjlukm7a8juqndwnv,1,t1g797iuz3hzgkyxzuxjlukm7a8juqndwnv,-
6541,minted,t1qunysptkw1jvmv2abfvljustmikybvfiy,1,t1qunysptkw1jvmv2abfvljustmikybvfiy,-
6544,minted,t1uufoxnydajnj5x2jxumh4qmu2wrfagbnu,1,t1uufoxnydajnj5x2jxumh4qmu2wrfagbnu,-
6546,minted,t1plzelr9uehatsdzm1kb57wz8bnd9p1hdl,1,t1plzelr9uehatsdzm1kb57wz8bnd9p1hdl,-
6549,minted,t1px7hlrau7co9lk3k81jcrntnilhrwgoxj,1,t1px7hlrau7co9lk3k81jcrntnilhrwgoxj,-
6550,minted,t1sn6q8wbuc1a2s7tjdbjzcqcti8uqutseq,1,t1sn6q8wbuc1a2s7tjdbjzcqcti8uqutseq,-
6551,minted,t1ackjtwvbsfgafminnbmneegdypv9g3gca,1,t1ackjtwvbsfgafminnbmneegdypv9g3gca,-
6554,minted,t1yvnhrmuhezqczspzi71yd8xk4xfywy5vg,1,t1yvnhrmuhezqczspzi71yd8xk4xfywy5vg,-
6555,minted,t1qunysptkw1jvmv2abfvljustmikybvfiy,1,t1qunysptkw1jvmv2abfvljustmikybvfiy,-
6556,minted,t1ub2xrhednp6xqdvpqynpkqeczlowj8z6j,1,t1ub2xrhednp6xqdvpqynpkqeczlowj8z6j,-
6557,minted,t1mngxewfzwa9tch7tyvjbafwy4ths9vn2g,1,t1mngxewfzwa9tch7tyvjbafwy4ths9vn2g,-
6559,minted,t1svqyxaouw8xtet2zpzr9ho5beowfmn3fy,1,t1svqyxaouw8xtet2zpzr9ho5beowfmn3fy,-
6560,minted,t1rtxvnmfpjf5xrcdmceizvffpk2fxyjpte,1,t1rtxvnmfpjf5xrcdmceizvffpk2fxyjpte,-
6561,minted,t1kqn6lrzaaqmy4vetlswnmpucd71ltoesq,1,t1kqn6lrzaaqmy4vetlswnmpucd71ltoesq,-
6562,minted,t1vf4k61qeseulhxpzkjch3nb3q1vw6fvx9,1,t1vf4k61qeseulhxpzkjch3nb3q1vw6fvx9,-
6564,minted,t1tdx3jecge1dd9pmzxuaphvjm5hyq2c7wn,1,t1tdx3jecge1dd9pmzxuaphvjm5hyq2c7wn,-
6568,minted,t1fulu1jlxahglec9lbpiuydcd9w89sbfvr,1,t1fulu1jlxahglec9lbpiuydcd9w89sbfvr,-
6571,minted,t1fym6ponzmhqgj1azpaimmy1wzligfzdwt,1,t1fym6ponzmhqgj1azpaimmy1wzligfzdwt,-
6572,minted,t1kqn6lrzaaqmy4vetlswnmpucd71ltoesq,1,t1kqn6lrzaaqmy4vetlswnmpucd71ltoesq,-
6573,minted,t1qpeclgkhmw4xgk2v6kaixumhjf5pehox1,1,t1qpeclgkhmw4xgk2v6kaixumhjf5pehox1,-
6574,minted,t1vlqp3zm55bd1ltecwhwyceev4gtkgfhyh,1,t1vlqp3zm55bd1ltecwhwyceev4gtkgfhyh,-
6576,minted,t1g797iuz3hzgkyxzuxjlukm7a8juqndwnv,1,t1g797iuz3hzgkyxzuxjlukm7a8juqndwnv,-
6577,minted,t1geadqaiqyvgaoog8vhocum1sq6scajdbe,1,t1geadqaiqyvgaoog8vhocum1sq6scajdbe,-
6578,minted,t1fym6ponzmhqgj1azpaimmy1wzligfzdwt,1,t1fym6ponzmhqgj1azpaimmy1wzligfzdwt,-
6579,minted,t1lz7kt1duyahmqzcuxp8jvrcvy1ps6so6e,1,t1lz7kt1duyahmqzcuxp8jvrcvy1ps6so6e,-
6581,minted,t1dvmn42ahlgqhk4eaqcg8hticmc7sdu4mn,1,t1dvmn42ahlgqhk4eaqcg8hticmc7sdu4mn,-
6583,minted,t1utwwsaslf2xhdaec4hnfbewky6k9e6yqi,1,t1utwwsaslf2xhdaec4hnfbewky6k9e6yqi,-
6586,minted,t1neyegc8iskf9j5jpaaax6f2gvphtcft7s,1,t1neyegc8iskf9j5jpaaax6f2gvphtcft7s,-
6588,minted,t1dvmn42ahlgqhk4eaqcg8hticmc7sdu4mn,1,t1dvmn42ahlgqhk4eaqcg8hticmc7sdu4mn,-
6589,minted,t1uwhgycnxruf62kfea3wefuetqlahxttqv,1,t1uwhgycnxruf62kfea3wefuetqlahxttqv,-
6590,minted,t1tdwjklmpx8k3pykwzyamcydtw24agjuus,1,t1tdwjklmpx8k3pykwzyamcydtw24agjuus,-
6591,minted,t1c9zdg3amocc9xwk4s522bp5c9ye5x4d6p,1,t1c9zdg3amocc9xwk4s522bp5c9ye5x4d6p,-
6599,minted,t1rnjbkm81ui7zsy2z2udyi7bil5xvjspvh,1,t1rnjbkm81ui7zsy2z2udyi7bil5xvjspvh,-
6601,minted,t1vnqzdvmveogfsmvu2hqbadttvlfre5fcr,1,t1vnqzdvmveogfsmvu2hqbadttvlfre5fcr,-
6602,minted,t1n9vkjsqqpvji45dbmsyqbf3oms6efzbav,1,t1n9vkjsqqpvji45dbmsyqbf3oms6efzbav,-
6603,minted,t1wdk8ftmqhutjtpqoftehpxunlkfuvyspm,1,t1wdk8ftmqhutjtpqoftehpxunlkfuvyspm,-
6604,minted,t1wjymzb8eklefe8jcxdxijvxwrbxybmig5,1,t1wjymzb8eklefe8jcxdxijvxwrbxybmig5,-
6606,minted,t1gfxpmbrdeohuwrzcrms99tghjuw7fufyu,1,t1gfxpmbrdeohuwrzcrms99tghjuw7fufyu,-
6608,minted,t1wfqvahfqki118grvxx59xppvbjjo61emf,1,t1wfqvahfqki118grvxx59xppvbjjo61emf,-
6609,minted,t1uijcpndrzgcmqlg67y8ld8xailbijq9ku,1,t1uijcpndrzgcmqlg67y8ld8xailbijq9ku,-
6612,minted,t1kcuw1npvr56on7dbzkddjob41akjlwe2h,1,t1kcuw1npvr56on7dbzkddjob41akjlwe2h,-
6615,minted,t1tm4ukzttclqbius6oqzhbb5wla9soo3ii,1,t1tm4ukzttclqbius6oqzhbb5wla9soo3ii,-
6618,minted,t1fym6ponzmhqgj1azpaimmy1wzligfzdwt,1,t1fym6ponzmhqgj1azpaimmy1wzligfzdwt,-
6619,minted,t1eqrq34pr3zkecprjvanrxmpdpxt32j8tv,1,t1eqrq34pr3zkecprjvanrxmpdpxt32j8tv,-
6620,minted,t1xszkmqptzube3nardgsxf4pdcctb5lac2,1,t1xszkmqptzube3nardgsxf4pdcctb5lac2,-
6621,minted,t1umuzozkqrbtaknbascznhnpqj7dxixrvq,1,t1umuzozkqrbtaknbascznhnpqj7dxixrvq,-
6622,minted,t1ad5mp7aux3fxfv5hwtjfeiihcdtb71smg,1,t1ad5mp7aux3fxfv5hwtjfeiihcdtb71smg,-
6625,minted,t1rnjbkm81ui7zsy2z2udyi7bil5xvjspvh,1,t1rnjbkm81ui7zsy2z2udyi7bil5xvjspvh,-
6626,minted,t1vf4k61qeseulhxpzkjch3nb3q1vw6fvx9,1,t1vf4k61qeseulhxpzkjch3nb3q1vw6fvx9,-
6627,minted,t1wuc9smduamu6tphqqkn5nhkq9jcfwljzv,1,t1wuc9smduamu6tphqqkn5nhkq9jcfwljzv,-
6628,minted,t1rzuxxwngrsk2wjkaaa5npsgm9x3dawtcf,1,t1rzuxxwngrsk2wjkaaa5npsgm9x3dawtcf,-
6630,minted,t1b4xybydvhinc2qasg9zgtdrqmxqyb6ax7,1,t1b4xybydvhinc2qasg9zgtdrqmxqyb6ax7,-
6631,minted,t1zvfc8q8ritdcmiyfuo4k1sytbf7fgtggs,1,t1zvfc8q8ritdcmiyfuo4k1sytbf7fgtggs,-
6633,minted,t1wdk8ftmqhutjtpqoftehpxunlkfuvyspm,1,t1wdk8ftmqhutjtpqoftehpxunlkfuvyspm,-
6639,minted,t1sjbaodtmts94hhndm1g6gsxs9r56r3fmi,1,t1sjbaodtmts94hhndm1g6gsxs9r56r3fmi,-
6640,minted,t1zvfc8q8ritdcmiyfuo4k1sytbf7fgtggs,1,t1zvfc8q8ritdcmiyfuo4k1sytbf7fgtggs,-
6641,minted,t1qupqtxglgncbo4msuegxdvjmbyunvptdb,1,t1qupqtxglgncbo4msuegxdvjmbyunvptdb,-
6642,minted,t1e8ngofffiypiaep6pvacscj6g3y1ircr8,1,t1e8ngofffiypiaep6pvacscj6g3y1ircr8,-
6643,minted,t1n9vkjsqqpvji45dbmsyqbf3oms6efzbav,1,t1n9vkjsqqpvji45dbmsyqbf3oms6efzbav,-
6645,minted,t1ktzbkl1xvd9ddw3zpvjmwzwdkd4nsdfs1,1,t1ktzbkl1xvd9ddw3zpvjmwzwdkd4nsdfs1,-
6647,minted,t1umuzozkqrbtaknbascznhnpqj7dxixrvq,1,t1umuzozkqrbtaknbascznhnpqj7dxixrvq,-
6649,minted,t1vf4k61qeseulhxpzkjch3nb3q1vw6fvx9,1,t1vf4k61qeseulhxpzkjch3nb3q1vw6fvx9,-
6651,minted,t1yvnhrmuhezqczspzi71yd8xk4xfywy5vg,1,t1yvnhrmuhezqczspzi71yd8xk4xfywy5vg,-
6652,minted,t1gfxpmbrdeohuwrzcrms99tghjuw7fufyu,1,t1gfxpmbrdeohuwrzcrms99tghjuw7fufyu,-
6653,minted,t1px7hlrau7co9lk3k81jcrntnilhrwgoxj,1,t1px7hlrau7co9lk3k81jcrntnilhrwgoxj,-
6654,minted,t1wdk8ftmqhutjtpqoftehpxunlkfuvyspm,1,t1wdk8ftmqhutjtpqoftehpxunlkfuvyspm,-
6655,minted,t1txjy2pkqzgyamblaeqkfjox5cszkk2fn4,1,t1txjy2pkqzgyamblaeqkfjox5cszkk2fn4,-
6656,minted,t1tuhpqkrnvjpjkj3yaenccecenarccfwgv,1,t1tuhpqkrnvjpjkj3yaenccecenarccfwgv,-
6657,minted,t1lz7kt1duyahmqzcuxp8jvrcvy1ps6so6e,1,t1lz7kt1duyahmqzcuxp8jvrcvy1ps6so6e,-
6658,minted,t1tm3cakrhdvy2bdakoqgtkyea4qed9qda8,1,t1tm3cakrhdvy2bdakoqgtkyea4qed9qda8,-
6660,minted,t1txjy2pkqzgyamblaeqkfjox5cszkk2fn4,1,t1txjy2pkqzgyamblaeqkfjox5cszkk2fn4,-
6663,minted,t1vxjd7iypy58chghwfrhmbnijefrkycbvn,1,t1vxjd7iypy58chghwfrhmbnijefrkycbvn,-
6665,minted,t1whphyhzhyom7vainruyucxljcqa1ru38a,1,t1whphyhzhyom7vainruyucxljcqa1ru38a,-
6666,minted,t1z2bqfbjjxavofvagz4s2l3asowczytznu,1,t1z2bqfbjjxavofvagz4s2l3asowczytznu,-
6673,minted,t1geadqaiqyvgaoog8vhocum1sq6scajdbe,1,t1geadqaiqyvgaoog8vhocum1sq6scajdbe,-
6674,minted,t1harykyjfctqhcswkwobfnqydrtpybcusz,1,t1harykyjfctqhcswkwobfnqydrtpybcusz,-
6677,minted,t1rgw6g813bmzoyvyd37iaewney6hditzvq,1,t1rgw6g813bmzoyvyd37iaewney6hditzvq,-
6678,minted,t1khhgjrucrrbn1jhnlz8ibmtok9tpidfui,1,t1khhgjrucrrbn1jhnlz8ibmtok9tpidfui,-
6681,minted,t1vnqzdvmveogfsmvu2hqbadttvlfre5fcr,1,t1vnqzdvmveogfsmvu2hqbadttvlfre5fcr,-
6682,minted,t1qpeclgkhmw4xgk2v6kaixumhjf5pehox1,1,t1qpeclgkhmw4xgk2v6kaixumhjf5pehox1,-
6684,minted,t1d1phzjprbfb6l3z7bpobkqdzjlavru3zb,1,t1d1phzjprbfb6l3z7bpobkqdzjlavru3zb,-
6685,minted,t1ub2xrhednp6xqdvpqynpkqeczlowj8z6j,1,t1ub2xrhednp6xqdvpqynpkqeczlowj8z6j,-
6686,minted,t1k1k3lvujfthpw1rx5gye1wt1w3nfffkuz,1,t1k1k3lvujfthpw1rx5gye1wt1w3nfffkuz,-
6688,minted,t1nveuzt6vcr9tm2p2xd1gxdbnwyo6rrd39,1,t1nveuzt6vcr9tm2p2xd1gxdbnwyo6rrd39,-
6689,minted,t1lckeea2rgmgawzafrvsyj5fnsbvejxujp,1,t1lckeea2rgmgawzafrvsyj5fnsbvejxujp,-
6691,minted,t1mtavq1npudpebkzr8zi77fv6hdw874cm9,1,t1mtavq1npudpebkzr8zi77fv6hdw874cm9,-
6693,minted,t1wdk8ftmqhutjtpqoftehpxunlkfuvyspm,1,t1wdk8ftmqhutjtpqoftehpxunlkfuvyspm,-
6695,minted,t1k1k3lvujfthpw1rx5gye1wt1w3nfffkuz,1,t1k1k3lvujfthpw1rx5gye1wt1w3nfffkuz,-
6696,minted,t1rn9twhetr1qorngpsri97eljaymkuz6ez,1,t1rn9twhetr1qorngpsri97eljaymkuz6ez,-
6697,minted,t1vimk2cvlaf4yf1cpkyw9zw2vqglla6pw9,1,t1vimk2cvlaf4yf1cpkyw9zw2vqglla6pw9,-
6698,minted,t1rmhswkzucw9ub1owuggjwv6lbrvbfxczv,1,t1rmhswkzucw9ub1owuggjwv6lbrvbfxczv,-
6699,minted,t1tm4ukzttclqbius6oqzhbb5wla9soo3ii,1,t1tm4ukzttclqbius6oqzhbb5wla9soo3ii,-
6700,minted,t1plzelr9uehatsdzm1kb57wz8bnd9p1hdl,1,t1plzelr9uehatsdzm1kb57wz8bnd9p1hdl,-
6705,minted,t1qupqtxglgncbo4msuegxdvjmbyunvptdb,1,t1qupqtxglgncbo4msuegxdvjmbyunvptdb,-
6706,minted,t1dfjru8b7hjg8t7zxhdcuctfffw7b71alt,1,t1dfjru8b7hjg8t7zxhdcuctfffw7b71alt,-
6707,minted,t1keyd75eld8bvhtjn9r2sqxsomd4uksy3q,1,t1keyd75eld8bvhtjn9r2sqxsomd4uksy3q,-
6708,minted,t1b4xybydvhinc2qasg9zgtdrqmxqyb6ax7,1,t1b4xybydvhinc2qasg9zgtdrqmxqyb6ax7,-
6713,minted,t1n9vkjsqqpvji45dbmsyqbf3oms6efzbav,1,t1n9vkjsqqpvji45dbmsyqbf3oms6efzbav,-
6718,minted,t1rjxectx3e63ydhaerxyynqck71mp117ty,1,t1rjxectx3e63ydhaerxyynqck71mp117ty,-
6719,minted,t1qyfewbckpqy1q8ck5f5g2yv69urgdtdab,1,t1qyfewbckpqy1q8ck5f5g2yv69urgdtdab,-
6723,minted,t1keyd75eld8bvhtjn9r2sqxsomd4uksy3q,1,t1keyd75eld8bvhtjn9r2sqxsomd4uksy3q,-
6725,minted,t1geadqaiqyvgaoog8vhocum1sq6scajdbe,1,t1geadqaiqyvgaoog8vhocum1sq6scajdbe,-
6726,minted,t1ls3lszpnhsc73sva1vxdteuwkprr9xwmv,1,t1ls3lszpnhsc73sva1vxdteuwkprr9xwmv,-
6728,minted,t1qupqtxglgncbo4msuegxdvjmbyunvptdb,1,t1qupqtxglgncbo4msuegxdvjmbyunvptdb,-
6730,minted,t1kl4fasdmwjcjpikeb4yrog6uddknzw5fv,1,t1kl4fasdmwjcjpikeb4yrog6uddknzw5fv,-
6732,minted,t1tdx3jecge1dd9pmzxuaphvjm5hyq2c7wn,1,t1tdx3jecge1dd9pmzxuaphvjm5hyq2c7wn,-
6733,minted,t1sl65eqxvgabrlsxfdtthepd4tjrvyneab,1,t1sl65eqxvgabrlsxfdtthepd4tjrvyneab,-
6735,minted,t1lakakmmjky8le5cmznkgdvcvvtnrkac8a,1,t1lakakmmjky8le5cmznkgdvcvvtnrkac8a,-
6738,minted,t1lakakmmjky8le5cmznkgdvcvvtnrkac8a,1,t1lakakmmjky8le5cmznkgdvcvvtnrkac8a,-
6739,minted,t1keyd75eld8bvhtjn9r2sqxsomd4uksy3q,1,t1keyd75eld8bvhtjn9r2sqxsomd4uksy3q,-
6740,minted,t1jdsfjfc6ydm63jvp9jtmykdxyyxrrtqek,1,t1jdsfjfc6ydm63jvp9jtmykdxyyxrrtqek,-
6742,minted,t1k1k3lvujfthpw1rx5gye1wt1w3nfffkuz,1,t1k1k3lvujfthpw1rx5gye1wt1w3nfffkuz,-
6743,minted,t1k6zlqemuuuh7y2tzmnybqtkztmzt4kz5z,1,t1k6zlqemuuuh7y2tzmnybqtkztmzt4kz5z,-
6744,minted,t1sjbaodtmts94hhndm1g6gsxs9r56r3fmi,1,t1sjbaodtmts94hhndm1g6gsxs9r56r3fmi,-
6748,minted,t1fcmnktgqtxnnsq9llfxityrj12uteieuk,1,t1fcmnktgqtxnnsq9llfxityrj12uteieuk,-
6752,minted,t1n9vkjsqqpvji45dbmsyqbf3oms6efzbav,1,t1n9vkjsqqpvji45dbmsyqbf3oms6efzbav,-
6753,minted,t1z2bqfbjjxavofvagz4s2l3asowczytznu,1,t1z2bqfbjjxavofvagz4s2l3asowczytznu,-
6754,minted,t1dfjru8b7hjg8t7zxhdcuctfffw7b71alt,1,t1dfjru8b7hjg8t7zxhdcuctfffw7b71alt,-
6755,minted,t1zvfc8q8ritdcmiyfuo4k1sytbf7fgtggs,1,t1zvfc8q8ritdcmiyfuo4k1sytbf7fgtggs,-
6756,minted,t1fcmnktgqtxnnsq9llfxityrj12uteieuk,1,t1fcmnktgqtxnnsq9llfxityrj12uteieuk,-
6761,minted,t1dfjru8b7hjg8t7zxhdcuctfffw7b71alt,1,t1dfjru8b7hjg8t7zxhdcuctfffw7b71alt,-
6763,minted,t1xkb2xu5cytyrh46mgtxqe9rbuvcwmdxbw,1,t1xkb2xu5cytyrh46mgtxqe9rbuvcwmdxbw,-
6764,minted,t1ezmafcocld3avqj6clnp9ecyjeey3bbgn,1,t1ezmafcocld3avqj6clnp9ecyjeey3bbgn,-
6765,minted,t1wjymzb8eklefe8jcxdxijvxwrbxybmig5,1,t1wjymzb8eklefe8jcxdxijvxwrbxybmig5,-
6767,minted,t1fcmnktgqtxnnsq9llfxityrj12uteieuk,1,t1fcmnktgqtxnnsq9llfxityrj12uteieuk,-
6768,minted,t1k1k3lvujfthpw1rx5gye1wt1w3nfffkuz,1,t1k1k3lvujfthpw1rx5gye1wt1w3nfffkuz,-
6770,minted,t1qlpbfcgqthby7gtqlcxjemd3unmdc17p9,1,t1qlpbfcgqthby7gtqlcxjemd3unmdc17p9,-
6772,minted,t1k6zlqemuuuh7y2tzmnybqtkztmzt4kz5z,1,t1k6zlqemuuuh7y2tzmnybqtkztmzt4kz5z,-
6774,minted,t1lz7kt1duyahmqzcuxp8jvrcvy1ps6so6e,1,t1lz7kt1duyahmqzcuxp8jvrcvy1ps6so6e,-
6776,minted,t1n2xu9lwtm2ht86utphhhi1umgppn6lfw5,1,t1n2xu9lwtm2ht86utphhhi1umgppn6lfw5,-
6777,minted,t1g797iuz3hzgkyxzuxjlukm7a8juqndwnv,1,t1g797iuz3hzgkyxzuxjlukm7a8juqndwnv,-
6778,minted,t1zvfc8q8ritdcmiyfuo4k1sytbf7fgtggs,1,t1zvfc8q8ritdcmiyfuo4k1sytbf7fgtggs,-
6780,minted,t1vf4k61qeseulhxpzkjch3nb3q1vw6fvx9,1,t1vf4k61qeseulhxpzkjch3nb3q1vw6fvx9,-
6781,minted,t1lakakmmjky8le5cmznkgdvcvvtnrkac8a,1,t1lakakmmjky8le5cmznkgdvcvvtnrkac8a,-
6782,minted,t1d9wxcsbbkyk74mtaak9qs1gaunuqdtrny,1,t1d9wxcsbbkyk74mtaak9qs1gaunuqdtrny,-
6783,minted,t1k6zlqemuuuh7y2tzmnybqtkztmzt4kz5z,1,t1k6zlqemuuuh7y2tzmnybqtkztmzt4kz5z,-
6784,minted,t1zuffvd1tk6pux9r8zbojyoajsmip5awra,1,t1zuffvd1tk6pux9r8zbojyoajsmip5awra,-
6785,minted,t1cufblk8osimwlfkpnt815kcsllnjqetwk,1,t1cufblk8osimwlfkpnt815kcsllnjqetwk,-
6787,minted,t1n2xu9lwtm2ht86utphhhi1umgppn6lfw5,1,t1n2xu9lwtm2ht86utphhhi1umgppn6lfw5,-
6789,minted,t1c3ko29zefpjjtwe5bqs44hkfzmmshqzj2,1,t1c3ko29zefpjjtwe5bqs44hkfzmmshqzj2,-
6790,minted,t1rjxectx3e63ydhaerxyynqck71mp117ty,1,t1rjxectx3e63ydhaerxyynqck71mp117ty,-
6792,minted,t1vnqzdvmveogfsmvu2hqbadttvlfre5fcr,1,t1vnqzdvmveogfsmvu2hqbadttvlfre5fcr,-
6793,minted,t1c3ko29zefpjjtwe5bqs44hkfzmmshqzj2,1,t1c3ko29zefpjjtwe5bqs44hkfzmmshqzj2,-
6794,failed,t1b4xybydvhinc2qasg9zgtdrqmxqyb6ax7,1,-,-
6795,minted,t1dvrkgwshone2nyqv4aoqdj1carynnja1o,1,t1dvrkgwshone2nyqv4aoqdj1carynnja1o,-
6796,minted,t1b4xybydvhinc2qasg9zgtdrqmxqyb6ax7,1,t1b4xybydvhinc2qasg9zgtdrqmxqyb6ax7,-
6797,minted,t1wmvgymhcviohvrozfxtkvmemy5bmuintt,1,t1wmvgymhcviohvrozfxtkvmemy5bmuintt,-
6798,minted,t1jdsfjfc6ydm63jvp9jtmykdxyyxrrtqek,1,t1jdsfjfc6ydm63jvp9jtmykdxyyxrrtqek,-
6800,minted,t1sg7teea9tkjymwsffeq3aqyczdvpknsny,1,t1sg7teea9tkjymwsffeq3aqyczdvpknsny,-
6802,minted,t1geadqaiqyvgaoog8vhocum1sq6scajdbe,1,t1geadqaiqyvgaoog8vhocum1sq6scajdbe,-
6804,minted,t1mn1hixkseswrzwe7jbk82flewryugjtc9,1,t1mn1hixkseswrzwe7jbk82flewryugjtc9,-
6805,minted,t1c3ko29zefpjjtwe5bqs44hkfzmmshqzj2,1,t1c3ko29zefpjjtwe5bqs44hkfzmmshqzj2,-
6806,minted,t1vnqzdvmveogfsmvu2hqbadttvlfre5fcr,1,t1vnqzdvmveogfsmvu2hqbadttvlfre5fcr,-
6809,minted,t1swxdgrkwwzgzchaqrn1u8n5sr6gsjtt11,1,t1swxdgrkwwzgzchaqrn1u8n5sr6gsjtt11,-
6810,minted,t1sjbaodtmts94hhndm1g6gsxs9r56r3fmi,1,t1sjbaodtmts94hhndm1g6gsxs9r56r3fmi,-
6813,minted,t1cufblk8osimwlfkpnt815kcsllnjqetwk,1,t1cufblk8osimwlfkpnt815kcsllnjqetwk,-
6814,minted,t1wxlkbsuqmtd6nzburphdhp5bfhgajllps,1,t1wxlkbsuqmtd6nzburphdhp5bfhgajllps,-
6815,minted,t1umuzozkqrbtaknbascznhnpqj7dxixrvq,1,t1umuzozkqrbtaknbascznhnpqj7dxixrvq,-
6817,minted,t1wwe8mf17ryho7niz6wlhriaxac5f8qymi,1,t1wwe8mf17ryho7niz6wlhriaxac5f8qymi,-
6819,minted,t1wsohyjrazyhjmzfvbxtrbwh1fo9iypbqx,1,t1wsohyjrazyhjmzfvbxtrbwh1fo9iypbqx,-
6820,minted,t1geadqaiqyvgaoog8vhocum1sq6scajdbe,1,t1geadqaiqyvgaoog8vhocum1sq6scajdbe,-
6821,minted,t1xzzv9apfaq5ypoekiegwcq2tuf4vr1g2a,1,t1xzzv9apfaq5ypoekiegwcq2tuf4vr1g2a,-
6822,minted,t1d1phzjprbfb6l3z7bpobkqdzjlavru3zb,1,t1d1phzjprbfb6l3z7bpobkqdzjlavru3zb,-
6823,minted,t1txjy2pkqzgyamblaeqkfjox5cszkk2fn4,1,t1txjy2pkqzgyamblaeqkfjox5cszkk2fn4,-
6825,minted,t1geadqaiqyvgaoog8vhocum1sq6scajdbe,1,t1geadqaiqyvgaoog8vhocum1sq6scajdbe,-
6827,minted,t1qpeclgkhmw4xgk2v6kaixumhjf5pehox1,1,t1qpeclgkhmw4xgk2v6kaixumhjf5pehox1,-
6828,minted,t1umuzozkqrbtaknbascznhnpqj7dxixrvq,1,t1umuzozkqrbtaknbascznhnpqj7dxixrvq,-
6830,minted,t1nmcjpeuqab3ghpbqpfzg7xypw3th4krnp,1,t1nmcjpeuqab3ghpbqpfzg7xypw3th4krnp,-
6832,minted,t1eeycfbwbu2fm3fztxs4iufljukzbnqpdg,1,t1eeycfbwbu2fm3fztxs4iufljukzbnqpdg,-
6833,minted,t1wsohyjrazyhjmzfvbxtrbwh1fo9iypbqx,1,t1wsohyjrazyhjmzfvbxtrbwh1fo9iypbqx,-
6834,minted,t1sjbaodtmts94hhndm1g6gsxs9r56r3fmi,1,t1sjbaodtmts94hhndm1g6gsxs9r56r3fmi,-
6835,minted,t1k1k3lvujfthpw1rx5gye1wt1w3nfffkuz,1,t1k1k3lvujfthpw1rx5gye1wt1w3nfffkuz,-
6837,minted,t1plzelr9uehatsdzm1kb57wz8bnd9p1hdl,1,t1plzelr9uehatsdzm1kb57wz8bnd9p1hdl,-
6838,minted,t1wjymzb8eklefe8jcxdxijvxwrbxybmig5,1,t1wjymzb8eklefe8jcxdxijvxwrbxybmig5,-
6839,minted,t1lzi24jydjzsfib29wpm2jvp83kwlnkcrb,1,t1lzi24jydjzsfib29wpm2jvp83kwlnkcrb,-
6840,minted,t1qunysptkw1jvmv2abfvljustmikybvfiy,1,t1qunysptkw1jvmv2abfvljustmikybvfiy,-
6842,minted,t1t6vyuq11ez6hmc5cfwwtwo4dxkcq49wcj,1,t1t6vyuq11ez6hmc5cfwwtwo4dxkcq49wcj,-
6845,minted,t1tdwjklmpx8k3pykwzyamcydtw24agjuus,1,t1tdwjklmpx8k3pykwzyamcydtw24agjuus,-
6848,minted,t1a7hvjbrse6vvorjndlqrau7kyjzcgqnk5,1,t1a7hvjbrse6vvorjndlqrau7kyjzcgqnk5,-
6849,minted,t1ntc76ehbxiqujv2dfaffwaeugj8tmvwzw,1,t1ntc76ehbxiqujv2dfaffwaeugj8tmvwzw,-
6853,minted,t1ra5rzwpgv2h197mszzuczzh3sqdq7yssl,1,t1ra5rzwpgv2h197mszzuczzh3sqdq7yssl,-
6856,minted,t1ad5mp7aux3fxfv5hwtjfeiihcdtb71smg,1,t1ad5mp7aux3fxfv5hwtjfeiihcdtb71smg,-
6857,minted,t1sn6q8wbuc1a2s7tjdbjzcqcti8uqutseq,1,t1sn6q8wbuc1a2s7tjdbjzcqcti8uqutseq,-
6858,minted,t1fym6ponzmhqgj1azpaimmy1wzligfzdwt,1,t1fym6ponzmhqgj1azpaimmy1wzligfzdwt,-
6859,minted,t1g797iuz3hzgkyxzuxjlukm7a8juqndwnv,1,t1g797iuz3hzgkyxzuxjlukm7a8juqndwnv,-
6860,minted,t1umuzozkqrbtaknbascznhnpqj7dxixrvq,1,t1umuzozkqrbtaknbascznhnpqj7dxixrvq,-
6861,minted,t1qunysptkw1jvmv2abfvljustmikybvfiy,1,t1qunysptkw1jvmv2abfvljustmikybvfiy,-
6863,minted,t1lz7kt1duyahmqzcuxp8jvrcvy1ps6so6e,1,t1lz7kt1duyahmqzcuxp8jvrcvy1ps6so6e,-
6865,minted,t1uufoxnydajnj5x2jxumh4qmu2wrfagbnu,1,t1uufoxnydajnj5x2jxumh4qmu2wrfagbnu,-
6870,minted,t1lz7kt1duyahmqzcuxp8jvrcvy1ps6so6e,1,t1lz7kt1duyahmqzcuxp8jvrcvy1ps6so6e,-
6872,minted,t1wup8b6wsaeewjbzszy5kfnvessbm8dhdj,1,t1wup8b6wsaeewjbzszy5kfnvessbm8dhdj,-
6873,minted,t1vxzayz2wtcgluk2rrlctxr5ivjzzfmluy,1,t1vxzayz2wtcgluk2rrlctxr5ivjzzfmluy,-
6875,minted,t1sfspzr7wtmr9xphbunoutjbarefwi1jyu,1,t1sfspzr7wtmr9xphbunoutjbarefwi1jyu,-
6876,minted,t1b4xybydvhinc2qasg9zgtdrqmxqyb6ax7,1,t1b4xybydvhinc2qasg9zgtdrqmxqyb6ax7,-
6881,minted,t1fdta8dvjokvjh6ihzwu6vkhepfks9ay9a,1,t1fdta8dvjokvjh6ihzwu6vkhepfks9ay9a,-
6882,minted,t1px7hlrau7co9lk3k81jcrntnilhrwgoxj,1,t1px7hlrau7co9lk3k81jcrntnilhrwgoxj,-
6883,minted,t1psnfhk4ildwruk9t5s955rcsdypgkzlch,1,t1psnfhk4ildwruk9t5s955rcsdypgkzlch,-
6885,minted,t1pudhqtsiqkwcge7gr3yo48b8ihw7s76ko,1,t1pudhqtsiqkwcge7gr3yo48b8ihw7s76ko,-
6888,minted,t1lz7kt1duyahmqzcuxp8jvrcvy1ps6so6e,1,t1lz7kt1duyahmqzcuxp8jvrcvy1ps6so6e,-
6891,minted,t1ahn537hrtes9qlcbhlq7rcztkukqh9nsz,1,t1ahn537hrtes9qlcbhlq7rcztkukqh9nsz,-
6892,minted,t1qr45sgpxm8tmdkcpb2ntxbkacl6mqdopq,1,t1qr45sgpxm8tmdkcpb2ntxbkacl6mqdopq,-
6894,minted,t1keyd75eld8bvhtjn9r2sqxsomd4uksy3q,1,t1keyd75eld8bvhtjn9r2sqxsomd4uksy3q,-
6896,minted,t1aphfzzmcujqhuenxl5odscmyv97ti5dwv,1,t1aphfzzmcujqhuenxl5odscmyv97ti5dwv,-
6897,minted,t1yvnhrmuhezqczspzi71yd8xk4xfywy5vg,1,t1yvnhrmuhezqczspzi71yd8xk4xfywy5vg,-
6898,minted,t1px7hlrau7co9lk3k81jcrntnilhrwgoxj,1,t1px7hlrau7co9lk3k81jcrntnilhrwgoxj,-
6900,minted,t1qunysptkw1jvmv2abfvljustmikybvfiy,1,t1qunysptkw1jvmv2abfvljustmikybvfiy,-
6902,minted,t1rn9twhetr1qorngpsri97eljaymkuz6ez,1,t1rn9twhetr1qorngpsri97eljaymkuz6ez,-
6906,minted,t1kb1xwl5gubbnqcjh51roehmwpvng7irxc,1,t1kb1xwl5gubbnqcjh51roehmwpvng7irxc,-
6907,minted,t1wup8b6wsaeewjbzszy5kfnvessbm8dhdj,1,t1wup8b6wsaeewjbzszy5kfnvessbm8dhdj,-
6908,minted,t1edeayny2lzdrdyy65r37opkpnkhaoeazy,1,t1edeayny2lzdrdyy65r37opkpnkhaoeazy,-
6910,minted,t1n9vkjsqqpvji45dbmsyqbf3oms6efzbav,1,t1n9vkjsqqpvji45dbmsyqbf3oms6efzbav,-
6911,minted,t1pcjiaepled7najcti7vxpgjjzhji5m3fg,1,t1pcjiaepled7najcti7vxpgjjzhji5m3fg,-
6912,minted,t1lzi24jydjzsfib29wpm2jvp83kwlnkcrb,1,t1lzi24jydjzsfib29wpm2jvp83kwlnkcrb,-
6913,minted,t1n9vkjsqqpvji45dbmsyqbf3oms6efzbav,1,t1n9vkjsqqpvji45dbmsyqbf3oms6efzbav,-
6915,minted,t1z2bqfbjjxavofvagz4s2l3asowczytznu,1,t1z2bqfbjjxavofvagz4s2l3asowczytznu,-
6916,minted,t1qyfewbckpqy1q8ck5f5g2yv69urgdtdab,1,t1qyfewbckpqy1q8ck5f5g2yv69urgdtdab,-
6918,minted,t1uijcpndrzgcmqlg67y8ld8xailbijq9ku,1,t1uijcpndrzgcmqlg67y8ld8xailbijq9ku,-
6919,minted,t1xgramzt5zp1cjwno2hzuyp66g3lhojpn4,1,t1xgramzt5zp1cjwno2hzuyp66g3lhojpn4,-
6922,minted,t1qpeclgkhmw4xgk2v6kaixumhjf5pehox1,1,t1qpeclgkhmw4xgk2v6kaixumhjf5pehox1,-
6923,minted,t1vxzayz2wtcgluk2rrlctxr5ivjzzfmluy,1,t1vxzayz2wtcgluk2rrlctxr5ivjzzfmluy,-
6924,minted,t1ra5rzwpgv2h197mszzuczzh3sqdq7yssl,1,t1ra5rzwpgv2h197mszzuczzh3sqdq7yssl,-
6925,minted,t1khhgjrucrrbn1jhnlz8ibmtok9tpidfui,1,t1khhgjrucrrbn1jhnlz8ibmtok9tpidfui,-
6928,minted,t1lckeea2rgmgawzafrvsyj5fnsbvejxujp,1,t1lckeea2rgmgawzafrvsyj5fnsbvejxujp,-
6930,minted,t1fym6ponzmhqgj1azpaimmy1wzligfzdwt,1,t1fym6ponzmhqgj1azpaimmy1wzligfzdwt,-
6932,minted,t1geadqaiqyvgaoog8vhocum1sq6scajdbe,1,t1geadqaiqyvgaoog8vhocum1sq6scajdbe,-
6933,minted,t1zuffvd1tk6pux9r8zbojyoajsmip5awra,1,t1zuffvd1tk6pux9r8zbojyoajsmip5awra,-
6935,minted,t1umuzozkqrbtaknbascznhnpqj7dxixrvq,1,t1umuzozkqrbtaknbascznhnpqj7dxixrvq,-
6937,minted,t1dmol5cxocwndah9cyqydl3ntxv3kh4ysd,1,t1dmol5cxocwndah9cyqydl3ntxv3kh4ysd,-
6939,minted,t1c3ko29zefpjjtwe5bqs44hkfzmmshqzj2,1,t1c3ko29zefpjjtwe5bqs44hkfzmmshqzj2,-
6942,minted,t1xkb2xu5cytyrh46mgtxqe9rbuvcwmdxbw,1,t1xkb2xu5cytyrh46mgtxqe9rbuvcwmdxbw,-
6943,minted,t1sqqn7d3fhvj1adwgfip6ebxtqjcngrwff,1,t1sqqn7d3fhvj1adwgfip6ebxtqjcngrwff,-
6944,minted,t1n9vkjsqqpvji45dbmsyqbf3oms6efzbav,1,t1n9vkjsqqpvji45dbmsyqbf3oms6efzbav,-
6945,minted,t1qbjuqt1hbqzrjjz9u4532oitwefqemvtp,1,t1qbjuqt1hbqzrjjz9u4532oitwefqemvtp,-
6950,minted,t1wwe8mf17ryho7niz6wlhriaxac5f8qymi,1,t1wwe8mf17ryho7niz6wlhriaxac5f8qymi,-
6951,minted,t1yvnhrmuhezqczspzi71yd8xk4xfywy5vg,1,t1yvnhrmuhezqczspzi71yd8xk4xfywy5vg,-
6952,minted,t1wdk8ftmqhutjtpqoftehpxunlkfuvyspm,1,t1wdk8ftmqhutjtpqoftehpxunlkfuvyspm,-
6954,minted,t1jdsfjfc6ydm63jvp9jtmykdxyyxrrtqek,1,t1jdsfjfc6ydm63jvp9jtmykdxyyxrrtqek,-
6956,minted,t1plr7emfb4ptjr3ydgkxtvvcx88vipczbg,1,t1plr7emfb4ptjr3ydgkxtvvcx88vipczbg,-
6957,minted,t1qyfewbckpqy1q8ck5f5g2yv69urgdtdab,1,t1qyfewbckpqy1q8ck5f5g2yv69urgdtdab,-
6960,minted,t1geadqaiqyvgaoog8vhocum1sq6scajdbe,1,t1geadqaiqyvgaoog8vhocum1sq6scajdbe,-
6962,minted,t1qunysptkw1jvmv2abfvljustmikybvfiy,1,t1qunysptkw1jvmv2abfvljustmikybvfiy,-
6963,minted,t1dfjru8b7hjg8t7zxhdcuctfffw7b71alt,1,t1dfjru8b7hjg8t7zxhdcuctfffw7b71alt,-
6967,minted,t1nmcjpeuqab3ghpbqpfzg7xypw3th4krnp,1,t1nmcjpeuqab3ghpbqpfzg7xypw3th4krnp,-
6970,minted,t1bnbdl7zusefkhvhgzfad5jq6e3d1fg3hz,1,t1bnbdl7zusefkhvhgzfad5jq6e3d1fg3hz,-
6972,minted,t1zuffvd1tk6pux9r8zbojyoajsmip5awra,1,t1zuffvd1tk6pux9r8zbojyoajsmip5awra,-
6973,minted,t1tm4ukzttclqbius6oqzhbb5wla9soo3ii,1,t1tm4ukzttclqbius6oqzhbb5wla9soo3ii,-
6977,minted,t1egohrhbvkcebhmzf9xvxfy86njvkjkssa,1,t1egohrhbvkcebhmzf9xvxfy86njvkjkssa,-
6978,minted,t1qr45sgpxm8tmdkcpb2ntxbkacl6mqdopq,1,t1qr45sgpxm8tmdkcpb2ntxbkacl6mqdopq,-
6980,minted,t1neyegc8iskf9j5jpaaax6f2gvphtcft7s,1,t1neyegc8iskf9j5jpaaax6f2gvphtcft7s,-
6981,minted,t1g797iuz3hzgkyxzuxjlukm7a8juqndwnv,1,t1g797iuz3hzgkyxzuxjlukm7a8juqndwnv,-
6982,minted,t1fym6ponzmhqgj1azpaimmy1wzligfzdwt,1,t1fym6ponzmhqgj1azpaimmy1wzligfzdwt,-
6983,minted,t1c9zdg3amocc9xwk4s522bp5c9ye5x4d6p,1,t1c9zdg3amocc9xwk4s522bp5c9ye5x4d6p,-
6984,minted,t1vxjd7iypy58chghwfrhmbnijefrkycbvn,1,t1vxjd7iypy58chghwfrhmbnijefrkycbvn,-
6988,minted,t1keyd75eld8bvhtjn9r2sqxsomd4uksy3q,1,t1keyd75eld8bvhtjn9r2sqxsomd4uksy3q,-
6990,minted,t1ezmafcocld3avqj6clnp9ecyjeey3bbgn,1,t1ezmafcocld3avqj6clnp9ecyjeey3bbgn,-
6991,minted,t1nmcjpeuqab3ghpbqpfzg7xypw3th4krnp,1,t1nmcjpeuqab3ghpbqpfzg7xypw3th4krnp,-
6992,minted,t1fygwxb9m6az4j3jftu52yeg2btdajqw5j,1,t1fygwxb9m6az4j3jftu52yeg2btdajqw5j,-
6993,minted,t1lyxeaoefs951bbawlt2j6fkes2suuhhwq,1,t1lyxeaoefs951bbawlt2j6fkes2suuhhwq,-
6994,minted,t1qunysptkw1jvmv2abfvljustmikybvfiy,1,t1qunysptkw1jvmv2abfvljustmikybvfiy,-
6996,minted,t1roxdrmb2qgdvzwejbtpl7assozek7uhnb,1,t1roxdrmb2qgdvzwejbtpl7assozek7uhnb,-
6997,minted,t1keyd75eld8bvhtjn9r2sqxsomd4uksy3q,1,t1keyd75eld8bvhtjn9r2sqxsomd4uksy3q,-
6998,minted,t1j5hnk9mbw9mim4qixc73mlpilmbaytvfu,1,t1j5hnk9mbw9mim4qixc73mlpilmbaytvfu,-
6999,minted,t1qupqtxglgncbo4msuegxdvjmbyunvptdb,1,t1qupqtxglgncbo4msuegxdvjmbyunvptdb,-
7000,minted,t1qyfewbckpqy1q8ck5f5g2yv69urgdtdab,1,t1qyfewbckpqy1q8ck5f5g2yv69urgdtdab,-
7005,minted,t1mn1hixkseswrzwe7jbk82flewryugjtc9,1,t1mn1hixkseswrzwe7jbk82flewryugjtc9,-
7008,minted,t1qupqtxglgncbo4msuegxdvjmbyunvptdb,1,t1qupqtxglgncbo4msuegxdvjmbyunvptdb,-
7011,minted,t1zmyf5bw92ud3ow3vyhphvkdenjbxvy5j1,1,t1zmyf5bw92ud3ow3vyhphvkdenjbxvy5j1,-
7014,minted,t1psnfhk4ildwruk9t5s955rcsdypgkzlch,1,t1psnfhk4ildwruk9t5s955rcsdypgkzlch,-
7015,minted,t1urpiavkof3253qofgncv8fwp6zaihlsua,1,t1urpiavkof3253qofgncv8fwp6zaihlsua,-
7018,minted,t1tk5exioia8at4ohgcguhdesvivbdmjfj5,1,t1tk5exioia8at4ohgcguhdesvivbdmjfj5,-
7020,minted,t1ugnmmfgvei3prgchynzyhugd5qysjpdcd,1,t1ugnmmfgvei3prgchynzyhugd5qysjpdcd,-
7021,minted,t1xgramzt5zp1cjwno2hzuyp66g3lhojpn4,1,t1xgramzt5zp1cjwno2hzuyp66g3lhojpn4,-
7023,minted,t1qunysptkw1jvmv2abfvljustmikybvfiy,1,t1qunysptkw1jvmv2abfvljustmikybvfiy,-
7024,minted,t1ktzbkl1xvd9ddw3zpvjmwzwdkd4nsdfs1,1,t1ktzbkl1xvd9ddw3zpvjmwzwdkd4nsdfs1,-
7025,minted,t1s957gnh26o9d7rzkrxft3p2zgwg1f6ztd,1,t1s957gnh26o9d7rzkrxft3p2zgwg1f6ztd,-
7026,minted,t1ncm6d3y4b2mggbds5anvzs1cgvzjoch5k,1,t1ncm6d3y4b2mggbds5anvzs1cgvzjoch5k,-
7028,minted,t1zuffvd1tk6pux9r8zbojyoajsmip5awra,1,t1zuffvd1tk6pux9r8zbojyoajsmip5awra,-
7032,minted,t1fygwxb9m6az4j3jftu52yeg2btdajqw5j,1,t1fygwxb9m6az4j3jftu52yeg2btdajqw5j,-
7033,minted,t1lz7kt1duyahmqzcuxp8jvrcvy1ps6so6e,1,t1lz7kt1duyahmqzcuxp8jvrcvy1ps6so6e,-
7035,minted,t1plzelr9uehatsdzm1kb57wz8bnd9p1hdl,1,t1plzelr9uehatsdzm1kb57wz8bnd9p1hdl,-
7037,minted,t1nveuzt6vcr9tm2p2xd1gxdbnwyo6rrd39,1,t1nveuzt6vcr9tm2p2xd1gxdbnwyo6rrd39,-
7039,minted,t1vxzayz2wtcgluk2rrlctxr5ivjzzfmluy,1,t1vxzayz2wtcgluk2rrlctxr5ivjzzfmluy,-
7043,minted,t1swxdgrkwwzgzchaqrn1u8n5sr6gsjtt11,1,t1swxdgrkwwzgzchaqrn1u8n5sr6gsjtt11,-
7048,minted,t1sjbaodtmts94hhndm1g6gsxs9r56r3fmi,1,t1sjbaodtmts94hhndm1g6gsxs9r56r3fmi,-
7050,minted,t1qunysptkw1jvmv2abfvljustmikybvfiy,1,t1qunysptkw1jvmv2abfvljustmikybvfiy,-
7052,minted,t1wdk8ftmqhutjtpqoftehpxunlkfuvyspm,1,t1wdk8ftmqhutjtpqoftehpxunlkfuvyspm,-
7053,minted,t1feeekduec8liqgczgjjrdeg8hegncfduw,1,t1feeekduec8liqgczgjjrdeg8hegncfduw,-
7055,minted,t1wdk8ftmqhutjtpqoftehpxunlkfuvyspm,1,t1wdk8ftmqhutjtpqoftehpxunlkfuvyspm,-
7058,minted,t1sn6q8wbuc1a2s7tjdbjzcqcti8uqutseq,1,t1sn6q8wbuc1a2s7tjdbjzcqcti8uqutseq,-
7059,minted,t1x8y4rmom1vwjsnddyczrx9aphsx9mdo3k,1,t1x8y4rmom1vwjsnddyczrx9aphsx9mdo3k,-
7062,minted,t1lz7kt1duyahmqzcuxp8jvrcvy1ps6so6e,1,t1lz7kt1duyahmqzcuxp8jvrcvy1ps6so6e,-
7065,minted,t1nmcjpeuqab3ghpbqpfzg7xypw3th4krnp,1,t1nmcjpeuqab3ghpbqpfzg7xypw3th4krnp,-
7066,minted,t1vnqzdvmveogfsmvu2hqbadttvlfre5fcr,1,t1vnqzdvmveogfsmvu2hqbadttvlfre5fcr,-
7067,minted,t1umuzozkqrbtaknbascznhnpqj7dxixrvq,1,t1umuzozkqrbtaknbascznhnpqj7dxixrvq,-
7068,minted,t1qpeclgkhmw4xgk2v6kaixumhjf5pehox1,1,t1qpeclgkhmw4xgk2v6kaixumhjf5pehox1,-
7072,minted,t1jdsfjfc6ydm63jvp9jtmykdxyyxrrtqek,1,t1jdsfjfc6ydm63jvp9jtmykdxyyxrrtqek,-
7075,minted,t1rzuxxwngrsk2wjkaaa5npsgm9x3dawtcf,1,t1rzuxxwngrsk2wjkaaa5npsgm9x3dawtcf,-
7077,minted,t1c2kcpjr9duwyeaxgkcryauwpgapspt44n,1,t1c2kcpjr9duwyeaxgkcryauwpgapspt44n,-
7079,minted,t1p9jplm6rkwlnnfe4b2ruvfngsqj38cmrz,1,t1p9jplm6rkwlnnfe4b2ruvfngsqj38cmrz,-
7080,minted,t1rnjbkm81ui7zsy2z2udyi7bil5xvjspvh,1,t1rnjbkm81ui7zsy2z2udyi7bil5xvjspvh,-
7081,minted,t1rjxectx3e63ydhaerxyynqck71mp117ty,1,t1rjxectx3e63ydhaerxyynqck71mp117ty,-
7084,minted,t1tdwjklmpx8k3pykwzyamcydtw24agjuus,1,t1tdwjklmpx8k3pykwzyamcydtw24agjuus,-
7086,minted,t1sl65eqxvgabrlsxfdtthepd4tjrvyneab,1,t1sl65eqxvgabrlsxfdtthepd4tjrvyneab,-
7088,minted,t1c4j1rmlwwpelu6xcjqb9zheujusethjcx,1,t1c4j1rmlwwpelu6xcjqb9zheujusethjcx,-
7090,minted,t1fcmnktgqtxnnsq9llfxityrj12uteieuk,1,t1fcmnktgqtxnnsq9llfxityrj12uteieuk,-
7092,minted,t1bk11iorabhu61dwycja26k5xamq2x5efb,1,t1bk11iorabhu61dwycja26k5xamq2x5efb,-
7094,minted,t1eytcrhqquhq1kr1rzqyc1zracih7cpewl,1,t1eytcrhqquhq1kr1rzqyc1zracih7cpewl,-
7095,minted,t1cufblk8osimwlfkpnt815kcsllnjqetwk,1,t1cufblk8osimwlfkpnt815kcsllnjqetwk,-
7096,minted,t1wdk8ftmqhutjtpqoftehpxunlkfuvyspm,1,t1wdk8ftmqhutjtpqoftehpxunlkfuvyspm,-
7098,minted,t1kpwnwxtu8wf5g5twdruqbnh4bi6tohrtn,1,t1kpwnwxtu8wf5g5twdruqbnh4bi6tohrtn,-
7100,minted,t1uufoxnydajnj5x2jxumh4qmu2wrfagbnu,1,t1uufoxnydajnj5x2jxumh4qmu2wrfagbnu,-
7103,minted,t1dvmn42ahlgqhk4eaqcg8hticmc7sdu4mn,1,t1dvmn42ahlgqhk4eaqcg8hticmc7sdu4mn,-
7109,minted,t1xzzv9apfaq5ypoekiegwcq2tuf4vr1g2a,1,t1xzzv9apfaq5ypoekiegwcq2tuf4vr1g2a,-
7110,minted,t1ackjtwvbsfgafminnbmneegdypv9g3gca,1,t1ackjtwvbsfgafminnbmneegdypv9g3gca,-
7114,minted,t1ugnmmfgvei3prgchynzyhugd5qysjpdcd,1,t1ugnmmfgvei3prgchynzyhugd5qysjpdcd,-
7116,minted,t1yfgvhdolzlcwgbxa54mnc4hzjhm9jiteh,1,t1yfgvhdolzlcwgbxa54mnc4hzjhm9jiteh,-
7117,minted,t1umuzozkqrbtaknbascznhnpqj7dxixrvq,1,t1umuzozkqrbtaknbascznhnpqj7dxixrvq,-
7118,minted,t1uufoxnydajnj5x2jxumh4qmu2wrfagbnu,1,t1uufoxnydajnj5x2jxumh4qmu2wrfagbnu,-
7120,minted,t1ackjtwvbsfgafminnbmneegdypv9g3gca,1,t1ackjtwvbsfgafminnbmneegdypv9g3gca,-
7122,minted,t1tdwjklmpx8k3pykwzyamcydtw24agjuus,1,t1tdwjklmpx8k3pykwzyamcydtw24agjuus,-
7125,minted,t1utwwsaslf2xhdaec4hnfbewky6k9e6yqi,1,t1utwwsaslf2xhdaec4hnfbewky6k9e6yqi,-
7126,minted,t1wsohyjrazyhjmzfvbxtrbwh1fo9iypbqx,1,t1wsohyjrazyhjmzfvbxtrbwh1fo9iypbqx,-
7127,minted,t1kvxs4mz4judj4ysgquvgk1e5m5kayb8nz,1,t1kvxs4mz4judj4ysgquvgk1e5m5kayb8nz,-
7129,minted,t1ceuykreawgbzptq5b4crcjswqgk3iwcvu,1,t1ceuykreawgbzptq5b4crcjswqgk3iwcvu,-
7130,minted,t1qbjuqt1hbqzrjjz9u4532oitwefqemvtp,1,t1qbjuqt1hbqzrjjz9u4532oitwefqemvtp,-
7134,minted,t1kcuw1npvr56on7dbzkddjob41akjlwe2h,1,t1kcuw1npvr56on7dbzkddjob41akjlwe2h,-
7136,minted,t1zuffvd1tk6pux9r8zbojyoajsmip5awra,1,t1zuffvd1tk6pux9r8zbojyoajsmip5awra,-
7138,minted,t1qpeclgkhmw4xgk2v6kaixumhjf5pehox1,1,t1qpeclgkhmw4xgk2v6kaixumhjf5pehox1,-
7141,minted,t1kayatk2rupd6vgyudh88q4ssbdennhhoh,1,t1kayatk2rupd6vgyudh88q4ssbdennhhoh,-
7142,minted,t1relemkcagbfnehud1r1jsu9dhpqwybapn,1,t1relemkcagbfnehud1r1jsu9dhpqwybapn,-
7143,minted,t1c9zdg3amocc9xwk4s522bp5c9ye5x4d6p,1,t1c9zdg3amocc9xwk4s522bp5c9ye5x4d6p,-
7145,minted,t1lz7kt1duyahmqzcuxp8jvrcvy1ps6so6e,1,t1lz7kt1duyahmqzcuxp8jvrcvy1ps6so6e,-
7149,minted,t1wdk8ftmqhutjtpqoftehpxunlkfuvyspm,1,t1wdk8ftmqhutjtpqoftehpxunlkfuvyspm,-
7150,minted,t1utwwsaslf2xhdaec4hnfbewky6k9e6yqi,1,t1utwwsaslf2xhdaec4hnfbewky6k9e6yqi,-
7153,minted,t1qunysptkw1jvmv2abfvljustmikybvfiy,1,t1qunysptkw1jvmv2abfvljustmikybvfiy,-
7156,minted,t1lz7kt1duyahmqzcuxp8jvrcvy1ps6so6e,1,t1lz7kt1duyahmqzcuxp8jvrcvy1ps6so6e,-
7157,minted,t1y6h9es3tkbe9cdahmrr6egahbim8n3zcs,1,t1y6h9es3tkbe9cdahmrr6egahbim8n3zcs,-
7158,minted,t1tm4ukzttclqbius6oqzhbb5wla9soo3ii,1,t1tm4ukzttclqbius6oqzhbb5wla9soo3ii,-
7160,minted,t1vnqzdvmveogfsmvu2hqbadttvlfre5fcr,1,t1vnqzdvmveogfsmvu2hqbadttvlfre5fcr,-
7162,minted,t1plr7emfb4ptjr3ydgkxtvvcx88vipczbg,1,t1plr7emfb4ptjr3ydgkxtvvcx88vipczbg,-
7164,minted,t1c9zdg3amocc9xwk4s522bp5c9ye5x4d6p,1,t1c9zdg3amocc9xwk4s522bp5c9ye5x4d6p,-
7165,minted,t1dfjru8b7hjg8t7zxhdcuctfffw7b71alt,1,t1dfjru8b7hjg8t7zxhdcuctfffw7b71alt,-
7167,minted,t1lckeea2rgmgawzafrvsyj5fnsbvejxujp,1,t1lckeea2rgmgawzafrvsyj5fnsbvejxujp,-
7173,minted,t1khhgjrucrrbn1jhnlz8ibmtok9tpidfui,1,t1khhgjrucrrbn1jhnlz8ibmtok9tpidfui,-
7175,minted,t1ahn537hrtes9qlcbhlq7rcztkukqh9nsz,1,t1ahn537hrtes9qlcbhlq7rcztkukqh9nsz,-
7180,minted,t1pym9hcnf7vl6jt4lnq1f3ko2jzzcqq9om,1,t1pym9hcnf7vl6jt4lnq1f3ko2jzzcqq9om,-
7181,minted,t1dfjru8b7hjg8t7zxhdcuctfffw7b71alt,1,t1dfjru8b7hjg8t7zxhdcuctfffw7b71alt,-
7183,minted,t1sg7teea9tkjymwsffeq3aqyczdvpknsny,1,t1sg7teea9tkjymwsffeq3aqyczdvpknsny,-
7184,minted,t1ncm6d3y4b2mggbds5anvzs1cgvzjoch5k,1,t1ncm6d3y4b2mggbds5anvzs1cgvzjoch5k,-
7188,minted,t1khhgjrucrrbn1jhnlz8ibmtok9tpidfui,1,t1khhgjrucrrbn1jhnlz8ibmtok9tpidfui,-
7189,minted,t1geadqaiqyvgaoog8vhocum1sq6scajdbe,1,t1geadqaiqyvgaoog8vhocum1sq6scajdbe,-
7190,minted,t1plr7emfb4ptjr3ydgkxtvvcx88vipczbg,1,t1plr7emfb4ptjr3ydgkxtvvcx88vipczbg,-
7193,minted,t1vxzayz2wtcgluk2rrlctxr5ivjzzfmluy,1,t1vxzayz2wtcgluk2rrlctxr5ivjzzfmluy,-
7195,minted,t1uijcpndrzgcmqlg67y8ld8xailbijq9ku,1,t1uijcpndrzgcmqlg67y8ld8xailbijq9ku,-
7196,minted,t1wmvgymhcviohvrozfxtkvmemy5bmuintt,1,t1wmvgymhcviohvrozfxtkvmemy5bmuintt,-
7197,minted,t1lakakmmjky8le5cmznkgdvcvvtnrkac8a,1,t1lakakmmjky8le5cmznkgdvcvvtnrkac8a,-
7200,minted,t1k7jffednikqubpoc8mvj8ij6tqidmzoj2,1,t1k7jffednikqubpoc8mvj8ij6tqidmzoj2,-
7201,minted,t1rjxectx3e63ydhaerxyynqck71mp117ty,1,t1rjxectx3e63ydhaerxyynqck71mp117ty,-
7205,minted,t1uufoxnydajnj5x2jxumh4qmu2wrfagbnu,1,t1uufoxnydajnj5x2jxumh4qmu2wrfagbnu,-
7208,minted,t1wup8b6wsaeewjbzszy5kfnvessbm8dhdj,1,t1wup8b6wsaeewjbzszy5kfnvessbm8dhdj,-
7209,minted,t1vnqzdvmveogfsmvu2hqbadttvlfre5fcr,1,t1vnqzdvmveogfsmvu2hqbadttvlfre5fcr,-
7212,minted,t1rtxvnmfpjf5xrcdmceizvffpk2fxyjpte,1,t1rtxvnmfpjf5xrcdmceizvffpk2fxyjpte,-
7213,minted,t1mn1hixkseswrzwe7jbk82flewryugjtc9,1,t1mn1hixkseswrzwe7jbk82flewryugjtc9,-
7214,minted,t1fcmnktgqtxnnsq9llfxityrj12uteieuk,1,t1fcmnktgqtxnnsq9llfxityrj12uteieuk,-
7215,minted,t1sg7teea9tkjymwsffeq3aqyczdvpknsny,1,t1sg7teea9tkjymwsffeq3aqyczdvpknsny,-
7220,minted,t1tdx3jecge1dd9pmzxuaphvjm5hyq2c7wn,1,t1tdx3jecge1dd9pmzxuaphvjm5hyq2c7wn,-
7221,minted,t1sg7teea9tkjymwsffeq3aqyczdvpknsny,1,t1sg7teea9tkjymwsffeq3aqyczdvpknsny,-
7222,minted,t1yhhkhqqqgtgr7fqa2ce1pcagqxwt5xwcy,1,t1yhhkhqqqgtgr7fqa2ce1pcagqxwt5xwcy,-
7223,minted,t1uijcpndrzgcmqlg67y8ld8xailbijq9ku,1,t1uijcpndrzgcmqlg67y8ld8xailbijq9ku,-
7224,minted,t1ackjtwvbsfgafminnbmneegdypv9g3gca,1,t1ackjtwvbsfgafminnbmneegdypv9g3gca,-
7225,minted,t1tm4ukzttclqbius6oqzhbb5wla9soo3ii,1,t1tm4ukzttclqbius6oqzhbb5wla9soo3ii,-
7226,minted,t1rn9twhetr1qorngpsri97eljaymkuz6ez,1,t1rn9twhetr1qorngpsri97eljaymkuz6ez,-
7227,minted,t1wjymzb8eklefe8jcxdxijvxwrbxybmig5,1,t1wjymzb8eklefe8jcxdxijvxwrbxybmig5,-
7229,minted,t1ackjtwvbsfgafminnbmneegdypv9g3gca,1,t1ackjtwvbsfgafminnbmneegdypv9g3gca,-
7231,minted,t1keyd75eld8bvhtjn9r2sqxsomd4uksy3q,1,t1keyd75eld8bvhtjn9r2sqxsomd4uksy3q,-
7232,minted,t1rsq4gsyy9b4nzndczrgbwhfdlbumj5uxd,1,t1rsq4gsyy9b4nzndczrgbwhfdlbumj5uxd,-
7235,minted,t1rzuxxwngrsk2wjkaaa5npsgm9x3dawtcf,1,t1rzuxxwngrsk2wjkaaa5npsgm9x3dawtcf,-
7236,minted,t1sv5yhhefkgqyxnf6v2dzteuwr9fth5otq,1,t1sv5yhhefkgqyxnf6v2dzteuwr9fth5otq,-
7237,minted,t1fym6ponzmhqgj1azpaimmy1wzligfzdwt,1,t1fym6ponzmhqgj1azpaimmy1wzligfzdwt,-
7238,minted,t1mn1hixkseswrzwe7jbk82flewryugjtc9,1,t1mn1hixkseswrzwe7jbk82flewryugjtc9,-
7244,minted,t1umuzozkqrbtaknbascznhnpqj7dxixrvq,1,t1umuzozkqrbtaknbascznhnpqj7dxixrvq,-
7248,minted,t1eeycfbwbu2fm3fztxs4iufljukzbnqpdg,1,t1eeycfbwbu2fm3fztxs4iufljukzbnqpdg,-
7249,minted,t1sn6q8wbuc1a2s7tjdbjzcqcti8uqutseq,1,t1sn6q8wbuc1a2s7tjdbjzcqcti8uqutseq,-
7250,minted,t1xkjq7z7dq1s1ksfux7qnk9l8a5rtjxapu,1,t1xkjq7z7dq1s1ksfux7qnk9l8a5rtjxapu,-
7251,minted,t1yvnhrmuhezqczspzi71yd8xk4xfywy5vg,1,t1yvnhrmuhezqczspzi71yd8xk4xfywy5vg,-
7253,minted,t1qlpbfcgqthby7gtqlcxjemd3unmdc17p9,1,t1qlpbfcgqthby7gtqlcxjemd3unmdc17p9,-
7254,minted,t1mtavq1npudpebkzr8zi77fv6hdw874cm9,1,t1mtavq1npudpebkzr8zi77fv6hdw874cm9,-
7255,minted,t1harykyjfctqhcswkwobfnqydrtpybcusz,1,t1harykyjfctqhcswkwobfnqydrtpybcusz,-
7256,minted,t1b4xybydvhinc2qasg9zgtdrqmxqyb6ax7,1,t1b4xybydvhinc2qasg9zgtdrqmxqyb6ax7,-
7257,minted,t1vnqzdvmveogfsmvu2hqbadttvlfre5fcr,1,t1vnqzdvmveogfsmvu2hqbadttvlfre5fcr,-
7258,minted,t1fym6ponzmhqgj1azpaimmy1wzligfzdwt,1,t1fym6ponzmhqgj1azpaimmy1wzligfzdwt,-
7262,minted,t1yvnhrmuhezqczspzi71yd8xk4xfywy5vg,1,t1yvnhrmuhezqczspzi71yd8xk4xfywy5vg,-
7264,minted,t1n9vkjsqqpvji45dbmsyqbf3oms6efzbav,1,t1n9vkjsqqpvji45dbmsyqbf3oms6efzbav,-
7266,minted,t1mtavq1npudpebkzr8zi77fv6hdw874cm9,1,t1mtavq1npudpebkzr8zi77fv6hdw874cm9,-
7268,minted,t1vxjd7iypy58chghwfrhmbnijefrkycbvn,1,t1vxjd7iypy58chghwfrhmbnijefrkycbvn,-
7271,minted,t1pcjiaepled7najcti7vxpgjjzhji5m3fg,1,t1pcjiaepled7najcti7vxpgjjzhji5m3fg,-
7272,minted,t1c9zdg3amocc9xwk4s522bp5c9ye5x4d6p,1,t1c9zdg3amocc9xwk4s522bp5c9ye5x4d6p,-
7273,minted,t1j5gnyyoqkpwqvxwnmrifakdbgg9syf4q1,1,t1j5gnyyoqkpwqvxwnmrifakdbgg9syf4q1,-
7274,minted,t1qpeclgkhmw4xgk2v6kaixumhjf5pehox1,1,t1qpeclgkhmw4xgk2v6kaixumhjf5pehox1,-
7276,minted,t1pudhqtsiqkwcge7gr3yo48b8ihw7s76ko,1,t1pudhqtsiqkwcge7gr3yo48b8ihw7s76ko,-
7279,minted,t1vnqzdvmveogfsmvu2hqbadttvlfre5fcr,1,t1vnqzdvmveogfsmvu2hqbadttvlfre5fcr,-
7281,minted,t1rzuxxwngrsk2wjkaaa5npsgm9x3dawtcf,1,t1rzuxxwngrsk2wjkaaa5npsgm9x3dawtcf,-
7284,minted,t1eytcrhqquhq1kr1rzqyc1zracih7cpewl,1,t1eytcrhqquhq1kr1rzqyc1zracih7cpewl,-
7285,minted,t1d1phzjprbfb6l3z7bpobkqdzjlavru3zb,1,t1d1phzjprbfb6l3z7bpobkqdzjlavru3zb,-
7286,minted,t1edeayny2lzdrdyy65r37opkpnkhaoeazy,1,t1edeayny2lzdrdyy65r37opkpnkhaoeazy,-
7290,minted,t1fcmnktgqtxnnsq9llfxityrj12uteieuk,1,t1fcmnktgqtxnnsq9llfxityrj12uteieuk,-
7292,minted,t1nmcjpeuqab3ghpbqpfzg7xypw3th4krnp,1,t1nmcjpeuqab3ghpbqpfzg7xypw3th4krnp,-
7294,minted,t1nveuzt6vcr9tm2p2xd1gxdbnwyo6rrd39,1,t1nveuzt6vcr9tm2p2xd1gxdbnwyo6rrd39,-
7295,minted,t1yngvmowkpxsp3nj9daxiekeilrnsmwb14,1,t1yngvmowkpxsp3nj9daxiekeilrnsmwb14,-
7298,minted,t1plzelr9uehatsdzm1kb57wz8bnd9p1hdl,1,t1plzelr9uehatsdzm1kb57wz8bnd9p1hdl,-
7300,minted,t1nveuzt6vcr9tm2p2xd1gxdbnwyo6rrd39,1,t1nveuzt6vcr9tm2p2xd1gxdbnwyo6rrd39,-
7301,minted,t1ahn537hrtes9qlcbhlq7rcztkukqh9nsz,1,t1ahn537hrtes9qlcbhlq7rcztkukqh9nsz,-
7302,minted,t1toh1zcyjhhvo64hjrcedtaq5exomsjgqv,1,t1toh1zcyjhhvo64hjrcedtaq5exomsjgqv,-
7306,minted,t1lakakmmjky8le5cmznkgdvcvvtnrkac8a,1,t1lakakmmjky8le5cmznkgdvcvvtnrkac8a,-
7307,minted,t1uufoxnydajnj5x2jxumh4qmu2wrfagbnu,1,t1uufoxnydajnj5x2jxumh4qmu2wrfagbnu,-
7308,minted,t1fygwxb9m6az4j3jftu52yeg2btdajqw5j,1,t1fygwxb9m6az4j3jftu52yeg2btdajqw5j,-
7310,minted,t1dfjru8b7hjg8t7zxhdcuctfffw7b71alt,1,t1dfjru8b7hjg8t7zxhdcuctfffw7b71alt,-
7312,minted,t1qr45sgpxm8tmdkcpb2ntxbkacl6mqdopq,1,t1qr45sgpxm8tmdkcpb2ntxbkacl6mqdopq,-
7314,minted,t1lz7kt1duyahmqzcuxp8jvrcvy1ps6so6e,1,t1lz7kt1duyahmqzcuxp8jvrcvy1ps6so6e,-
7315,minted,t1kdc4eo3wd5tid6pledtetlckl7ngo9zze,1,t1kdc4eo3wd5tid6pledtetlckl7ngo9zze,-
7316,minted,t1lyxeaoefs951bbawlt2j6fkes2suuhhwq,1,t1lyxeaoefs951bbawlt2j6fkes2suuhhwq,-
7317,minted,t1keyd75eld8bvhtjn9r2sqxsomd4uksy3q,1,t1keyd75eld8bvhtjn9r2sqxsomd4uksy3q,-
7322,minted,t1dfjru8b7hjg8t7zxhdcuctfffw7b71alt,1,t1dfjru8b7hjg8t7zxhdcuctfffw7b71alt,-
7323,minted,t1uwhgycnxruf62kfea3wefuetqlahxttqv,1,t1uwhgycnxruf62kfea3wefuetqlahxttqv,-
7324,minted,t1zvfc8q8ritdcmiyfuo4k1sytbf7fgtggs,1,t1zvfc8q8ritdcmiyfuo4k1sytbf7fgtggs,-
7325,minted,t1aoyfcesrkjk1rnovuiuwqjmtyynexta6l,1,t1aoyfcesrkjk1rnovuiuwqjmtyynexta6l,-
7326,minted,t1wdk8ftmqhutjtpqoftehpxunlkfuvyspm,1,t1wdk8ftmqhutjtpqoftehpxunlkfuvyspm,-
7329,minted,t1ra5rzwpgv2h197mszzuczzh3sqdq7yssl,1,t1ra5rzwpgv2h197mszzuczzh3sqdq7yssl,-
7330,minted,t1d7guc3dpm6udkueebf5lxbazbetnavxv3,1,t1d7guc3dpm6udkueebf5lxbazbetnavxv3,-
7333,minted,t1wxlkbsuqmtd6nzburphdhp5bfhgajllps,1,t1wxlkbsuqmtd6nzburphdhp5bfhgajllps,-
7335,minted,t1utwwsaslf2xhdaec4hnfbewky6k9e6yqi,1,t1utwwsaslf2xhdaec4hnfbewky6k9e6yqi,-
7336,minted,t1wdk8ftmqhutjtpqoftehpxunlkfuvyspm,1,t1wdk8ftmqhutjtpqoftehpxunlkfuvyspm,-
7337,minted,t1brl5gccrfyg9xmcwdlsyv4xfluucssvym,1,t1brl5gccrfyg9xmcwdlsyv4xfluucssvym,-
7338,minted,t1plzelr9uehatsdzm1kb57wz8bnd9p1hdl,1,t1plzelr9uehatsdzm1kb57wz8bnd9p1hdl,-
7340,minted,t1kcuw1npvr56on7dbzkddjob41akjlwe2h,1,t1kcuw1npvr56on7dbzkddjob41akjlwe2h,-
7342,minted,t1aphfzzmcujqhuenxl5odscmyv97ti5dwv,1,t1aphfzzmcujqhuenxl5odscmyv97ti5dwv,-
7343,minted,t1ceuykreawgbzptq5b4crcjswqgk3iwcvu,1,t1ceuykreawgbzptq5b4crcjswqgk3iwcvu,-
7344,minted,t1px7hlrau7co9lk3k81jcrntnilhrwgoxj,1,t1px7hlrau7co9lk3k81jcrntnilhrwgoxj,-
7345,minted,t1k6zlqemuuuh7y2tzmnybqtkztmzt4kz5z,1,t1k6zlqemuuuh7y2tzmnybqtkztmzt4kz5z,-
7346,minted,t1bqz7lcv5ca65pcubguiqdjfy4qhsvzbzz,1,t1bqz7lcv5ca65pcubguiqdjfy4qhsvzbzz,-
7349,minted,t1kcuw1npvr56on7dbzkddjob41akjlwe2h,1,t1kcuw1npvr56on7dbzkddjob41akjlwe2h,-
7350,minted,t1dmol5cxocwndah9cyqydl3ntxv3kh4ysd,1,t1dmol5cxocwndah9cyqydl3ntxv3kh4ysd,-
7352,minted,t1wsohyjrazyhjmzfvbxtrbwh1fo9iypbqx,1,t1wsohyjrazyhjmzfvbxtrbwh1fo9iypbqx,-
7354,minted,t1uwhgycnxruf62kfea3wefuetqlahxttqv,1,t1uwhgycnxruf62kfea3wefuetqlahxttqv,-
7359,minted,t1ugnmmfgvei3prgchynzyhugd5qysjpdcd,1,t1ugnmmfgvei3prgchynzyhugd5qysjpdcd,-
7360,minted,t1htqpkfbktjqwqdcazlfeyk2fbeejwqsxv,1,t1htqpkfbktjqwqdcazlfeyk2fbeejwqsxv,-
7362,minted,t1lckeea2rgmgawzafrvsyj5fnsbvejxujp,1,t1lckeea2rgmgawzafrvsyj5fnsbvejxujp,-
7363,minted,t1uijcpndrzgcmqlg67y8ld8xailbijq9ku,1,t1uijcpndrzgcmqlg67y8ld8xailbijq9ku,-
7364,minted,t1qz52qxsvz7coou2jjbkhuqhagui85j8sx,1,t1qz52qxsvz7coou2jjbkhuqhagui85j8sx,-
7365,minted,t1lzi24jydjzsfib29wpm2jvp83kwlnkcrb,1,t1lzi24jydjzsfib29wpm2jvp83kwlnkcrb,-
7366,minted,t1qbjuqt1hbqzrjjz9u4532oitwefqemvtp,1,t1qbjuqt1hbqzrjjz9u4532oitwefqemvtp,-
7368,minted,t1xkb2xu5cytyrh46mgtxqe9rbuvcwmdxbw,1,t1xkb2xu5cytyrh46mgtxqe9rbuvcwmdxbw,-
7370,minted,t1cufblk8osimwlfkpnt815kcsllnjqetwk,1,t1cufblk8osimwlfkpnt815kcsllnjqetwk,-
7371,minted,t1uijcpndrzgcmqlg67y8ld8xailbijq9ku,1,t1uijcpndrzgcmqlg67y8ld8xailbijq9ku,-
7374,minted,t1fygwxb9m6az4j3jftu52yeg2btdajqw5j,1,t1fygwxb9m6az4j3jftu52yeg2btdajqw5j,-
7375,minted,t1swxdgrkwwzgzchaqrn1u8n5sr6gsjtt11,1,t1swxdgrkwwzgzchaqrn1u8n5sr6gsjtt11,-
7376,minted,t1sjbaodtmts94hhndm1g6gsxs9r56r3fmi,1,t1sjbaodtmts94hhndm1g6gsxs9r56r3fmi,-
7377,minted,t1tm3cakrhdvy2bdakoqgtkyea4qed9qda8,1,t1tm3cakrhdvy2bdakoqgtkyea4qed9qda8,-
7378,minted,t1wwe8mf17ryho7niz6wlhriaxac5f8qymi,1,t1wwe8mf17ryho7niz6wlhriaxac5f8qymi,-
7379,minted,t1vaehdcmet6fn2nqxc2wufegjj9tnizcz1,1,t1vaehdcmet6fn2nqxc2wufegjj9tnizcz1,-
7380,minted,t1nveuzt6vcr9tm2p2xd1gxdbnwyo6rrd39,1,t1nveuzt6vcr9tm2p2xd1gxdbnwyo6rrd39,-
7381,minted,t1fcmnktgqtxnnsq9llfxityrj12uteieuk,1,t1fcmnktgqtxnnsq9llfxityrj12uteieuk,-
7382,minted,t1uijcpndrzgcmqlg67y8ld8xailbijq9ku,1,t1uijcpndrzgcmqlg67y8ld8xailbijq9ku,-
7385,minted,t1sjbaodtmts94hhndm1g6gsxs9r56r3fmi,1,t1sjbaodtmts94hhndm1g6gsxs9r56r3fmi,-
7389,minted,t1keyd75eld8bvhtjn9r2sqxsomd4uksy3q,1,t1keyd75eld8bvhtjn9r2sqxsomd4uksy3q,-
7398,minted,t1urpiavkof3253qofgncv8fwp6zaihlsua,1,t1urpiavkof3253qofgncv8fwp6zaihlsua,-
7399,minted,t1sjbaodtmts94hhndm1g6gsxs9r56r3fmi,1,t1sjbaodtmts94hhndm1g6gsxs9r56r3fmi,-
7400,minted,t1wup8b6wsaeewjbzszy5kfnvessbm8dhdj,1,t1wup8b6wsaeewjbzszy5kfnvessbm8dhdj,-
7401,minted,t1tm4ukzttclqbius6oqzhbb5wla9soo3ii,1,t1tm4ukzttclqbius6oqzhbb5wla9soo3ii,-
7403,minted,t1ntc76ehbxiqujv2dfaffwaeugj8tmvwzw,1,t1ntc76ehbxiqujv2dfaffwaeugj8tmvwzw,-
7406,minted,t1sg7teea9tkjymwsffeq3aqyczdvpknsny,1,t1sg7teea9tkjymwsffeq3aqyczdvpknsny,-
7410,minted,t1qunysptkw1jvmv2abfvljustmikybvfiy,1,t1qunysptkw1jvmv2abfvljustmikybvfiy,-
7411,minted,t1wup8b6wsaeewjbzszy5kfnvessbm8dhdj,1,t1wup8b6wsaeewjbzszy5kfnvessbm8dhdj,-
7413,minted,t1dmzxbvj7kqrftvwd2pugsrkaeqfuwtjrl,1,t1dmzxbvj7kqrftvwd2pugsrkaeqfuwtjrl,-
7414,minted,t1fulu1jlxahglec9lbpiuydcd9w89sbfvr,1,t1fulu1jlxahglec9lbpiuydcd9w89sbfvr,-
7415,minted,t1lzi24jydjzsfib29wpm2jvp83kwlnkcrb,1,t1lzi24jydjzsfib29wpm2jvp83kwlnkcrb,-
7418,minted,t1sntdtkq4sbsk3socy6uzrbxvjwdn1x7cm,1,t1sntdtkq4sbsk3socy6uzrbxvjwdn1x7cm,-
7419,minted,t1yhhkhqqqgtgr7fqa2ce1pcagqxwt5xwcy,1,t1yhhkhqqqgtgr7fqa2ce1pcagqxwt5xwcy,-
7421,minted,t1uijcpndrzgcmqlg67y8ld8xailbijq9ku,1,t1uijcpndrzgcmqlg67y8ld8xailbijq9ku,-
7423,minted,t1ath4yup42szwmabiwbfr8trwwteqpgtkt,1,t1ath4yup42szwmabiwbfr8trwwteqpgtkt,-
7425,minted,t1sjbaodtmts94hhndm1g6gsxs9r56r3fmi,1,t1sjbaodtmts94hhndm1g6gsxs9r56r3fmi,-
7426,minted,t1nveuzt6vcr9tm2p2xd1gxdbnwyo6rrd39,1,t1nveuzt6vcr9tm2p2xd1gxdbnwyo6rrd39,-
7427,minted,t1qbjuqt1hbqzrjjz9u4532oitwefqemvtp,1,t1qbjuqt1hbqzrjjz9u4532oitwefqemvtp,-
7431,minted,t1j5hnk9mbw9mim4qixc73mlpilmbaytvfu,1,t1j5hnk9mbw9mim4qixc73mlpilmbaytvfu,-
7432,minted,t1wup8b6wsaeewjbzszy5kfnvessbm8dhdj,1,t1wup8b6wsaeewjbzszy5kfnvessbm8dhdj,-
7434,minted,t1sl65eqxvgabrlsxfdtthepd4tjrvyneab,1,t1sl65eqxvgabrlsxfdtthepd4tjrvyneab,-
7435,minted,t1plr7emfb4ptjr3ydgkxtvvcx88vipczbg,1,t1plr7emfb4ptjr3ydgkxtvvcx88vipczbg,-
7438,minted,t1ugnmmfgvei3prgchynzyhugd5qysjpdcd,1,t1ugnmmfgvei3prgchynzyhugd5qysjpdcd,-
7439,minted,t1tm4ukzttclqbius6oqzhbb5wla9soo3ii,1,t1tm4ukzttclqbius6oqzhbb5wla9soo3ii,-
7440,minted,t1rgw6g813bmzoyvyd37iaewney6hditzvq,1,t1rgw6g813bmzoyvyd37iaewney6hditzvq,-
7443,minted,t1harykyjfctqhcswkwobfnqydrtpybcusz,1,t1harykyjfctqhcswkwobfnqydrtpybcusz,-
7445,minted,t1dgqmeqinlpff487bh9pqoqdkm7faxk554,1,t1dgqmeqinlpff487bh9pqoqdkm7faxk554,-
7450,minted,t1w3z6psfkpaqagrsh3j1hvcampr8xitfef,1,t1w3z6psfkpaqagrsh3j1hvcampr8xitfef,-
7451,minted,t1kcuw1npvr56on7dbzkddjob41akjlwe2h,1,t1kcuw1npvr56on7dbzkddjob41akjlwe2h,-
7452,minted,t1kcuw1npvr56on7dbzkddjob41akjlwe2h,1,t1kcuw1npvr56on7dbzkddjob41akjlwe2h,-
7453,minted,t1zh9lv5vbv46uxr8awm65kunztgodkgsp6,1,t1zh9lv5vbv46uxr8awm65kunztgodkgsp6,-
7454,minted,t1b3zgxvh3pagwffnadb6adlat9lgwdc1sd,1,t1b3zgxvh3pagwffnadb6adlat9lgwdc1sd,-
7457,minted,t1bzl1asatjjcpee5t3hsqdmpvhw39rmzan,1,t1bzl1asatjjcpee5t3hsqdmpvhw39rmzan,-
7458,minted,t1utwwsaslf2xhdaec4hnfbewky6k9e6yqi,1,t1utwwsaslf2xhdaec4hnfbewky6k9e6yqi,-
7460,minted,t1c4j1rmlwwpelu6xcjqb9zheujusethjcx,1,t1c4j1rmlwwpelu6xcjqb9zheujusethjcx,-
7464,minted,t1rgw6g813bmzoyvyd37iaewney6hditzvq,1,t1rgw6g813bmzoyvyd37iaewney6hditzvq,-
7465,minted,t1zpzocw6bnvu4bekcg29cokyno37dmuuck,1,t1zpzocw6bnvu4bekcg29cokyno37dmuuck,-
7466,minted,t1c9zdg3amocc9xwk4s522bp5c9ye5x4d6p,1,t1c9zdg3amocc9xwk4s522bp5c9ye5x4d6p,-
7467,minted,t1ceuykreawgbzptq5b4crcjswqgk3iwcvu,1,t1ceuykreawgbzptq5b4crcjswqgk3iwcvu,-
7468,minted,t1qr45sgpxm8tmdkcpb2ntxbkacl6mqdopq,1,t1qr45sgpxm8tmdkcpb2ntxbkacl6mqdopq,-
7471,minted,t1edeayny2lzdrdyy65r37opkpnkhaoeazy,1,t1edeayny2lzdrdyy65r37opkpnkhaoeazy,-
7474,minted,t1bqz7lcv5ca65pcubguiqdjfy4qhsvzbzz,1,t1bqz7lcv5ca65pcubguiqdjfy4qhsvzbzz,-
7476,minted,t1xyrfax3c7zbwfxmqcfsqxbmtngrnjhygh,1,t1xyrfax3c7zbwfxmqcfsqxbmtngrnjhygh,-
7479,minted,t1nveuzt6vcr9tm2p2xd1gxdbnwyo6rrd39,1,t1nveuzt6vcr9tm2p2xd1gxdbnwyo6rrd39,-
7480,minted,t1jdsfjfc6ydm63jvp9jtmykdxyyxrrtqek,1,t1jdsfjfc6ydm63jvp9jtmykdxyyxrrtqek,-
7481,minted,t1b4xybydvhinc2qasg9zgtdrqmxqyb6ax7,1,t1b4xybydvhinc2qasg9zgtdrqmxqyb6ax7,-
7483,minted,t1uwhgycnxruf62kfea3wefuetqlahxttqv,1,t1uwhgycnxruf62kfea3wefuetqlahxttqv,-
7484,minted,t1lzi24jydjzsfib29wpm2jvp83kwlnkcrb,1,t1lzi24jydjzsfib29wpm2jvp83kwlnkcrb,-
7485,minted,t1plzelr9uehatsdzm1kb57wz8bnd9p1hdl,1,t1plzelr9uehatsdzm1kb57wz8bnd9p1hdl,-
7486,minted,t1rmhswkzucw9ub1owuggjwv6lbrvbfxczv,1,t1rmhswkzucw9ub1owuggjwv6lbrvbfxczv,-
7488,minted,t1pcjiaepled7najcti7vxpgjjzhji5m3fg,1,t1pcjiaepled7najcti7vxpgjjzhji5m3fg,-
7489,minted,t1zpzocw6bnvu4bekcg29cokyno37dmuuck,1,t1zpzocw6bnvu4bekcg29cokyno37dmuuck,-
7490,minted,t1tm4ukzttclqbius6oqzhbb5wla9soo3ii,1,t1tm4ukzttclqbius6oqzhbb5wla9soo3ii,-
7491,minted,t1ceuykreawgbzptq5b4crcjswqgk3iwcvu,1,t1ceuykreawgbzptq5b4crcjswqgk3iwcvu,-
7494,minted,t1sjbaodtmts94hhndm1g6gsxs9r56r3fmi,1,t1sjbaodtmts94hhndm1g6gsxs9r56r3fmi,-
7496,minted,t1nmcjpeuqab3ghpbqpfzg7xypw3th4krnp,1,t1nmcjpeuqab3ghpbqpfzg7xypw3th4krnp,-
7498,minted,t1px7hlrau7co9lk3k81jcrntnilhrwgoxj,1,t1px7hlrau7co9lk3k81jcrntnilhrwgoxj,-
7499,minted,t1tuhpqkrnvjpjkj3yaenccecenarccfwgv,1,t1tuhpqkrnvjpjkj3yaenccecenarccfwgv,-
7500,minted,t1ad5mp7aux3fxfv5hwtjfeiihcdtb71smg,1,t1ad5mp7aux3fxfv5hwtjfeiihcdtb71smg,-
7501,minted,t1kcuw1npvr56on7dbzkddjob41akjlwe2h,1,t1kcuw1npvr56on7dbzkddjob41akjlwe2h,-
7511,minted,t1k6zlqemuuuh7y2tzmnybqtkztmzt4kz5z,1,t1k6zlqemuuuh7y2tzmnybqtkztmzt4kz5z,-
7512,minted,t1n2xu9lwtm2ht86utphhhi1umgppn6lfw5,1,t1n2xu9lwtm2ht86utphhhi1umgppn6lfw5,-
7514,minted,t1fwsao7xvnghdb7a2pflcenavmmgstp4vt,1,t1fwsao7xvnghdb7a2pflcenavmmgstp4vt,-
7515,minted,t1aphfzzmcujqhuenxl5odscmyv97ti5dwv,1,t1aphfzzmcujqhuenxl5odscmyv97ti5dwv,-
7517,minted,t1wjymzb8eklefe8jcxdxijvxwrbxybmig5,1,t1wjymzb8eklefe8jcxdxijvxwrbxybmig5,-
7519,minted,t1utwwsaslf2xhdaec4hnfbewky6k9e6yqi,1,t1utwwsaslf2xhdaec4hnfbewky6k9e6yqi,-
7520,minted,t1ra5rzwpgv2h197mszzuczzh3sqdq7yssl,1,t1ra5rzwpgv2h197mszzuczzh3sqdq7yssl,-
7523,minted,t1wdk8ftmqhutjtpqoftehpxunlkfuvyspm,1,t1wdk8ftmqhutjtpqoftehpxunlkfuvyspm,-
7524,minted,t1kdc4eo3wd5tid6pledtetlckl7ngo9zze,1,t1kdc4eo3wd5tid6pledtetlckl7ngo9zze,-
7528,minted,t1b4xybydvhinc2qasg9zgtdrqmxqyb6ax7,1,t1b4xybydvhinc2qasg9zgtdrqmxqyb6ax7,-
7529,minted,t1rsq4gsyy9b4nzndczrgbwhfdlbumj5uxd,1,t1rsq4gsyy9b4nzndczrgbwhfdlbumj5uxd,-
7530,minted,t1gfxpmbrdeohuwrzcrms99tghjuw7fufyu,1,t1gfxpmbrdeohuwrzcrms99tghjuw7fufyu,-
7531,minted,t1n9vkjsqqpvji45dbmsyqbf3oms6efzbav,1,t1n9vkjsqqpvji45dbmsyqbf3oms6efzbav,-
7532,minted,t1vxzayz2wtcgluk2rrlctxr5ivjzzfmluy,1,t1vxzayz2wtcgluk2rrlctxr5ivjzzfmluy,-
7533,minted,t1yfgvhdolzlcwgbxa54mnc4hzjhm9jiteh,1,t1yfgvhdolzlcwgbxa54mnc4hzjhm9jiteh,-
7534,minted,t1keyd75eld8bvhtjn9r2sqxsomd4uksy3q,1,t1keyd75eld8bvhtjn9r2sqxsomd4uksy3q,-
7535,minted,t1rzuxxwngrsk2wjkaaa5npsgm9x3dawtcf,1,t1rzuxxwngrsk2wjkaaa5npsgm9x3dawtcf,-
7536,minted,t1vf4k61qeseulhxpzkjch3nb3q1vw6fvx9,1,t1vf4k61qeseulhxpzkjch3nb3q1vw6fvx9,-
7540,minted,t1dfjru8b7hjg8t7zxhdcuctfffw7b71alt,1,t1dfjru8b7hjg8t7zxhdcuctfffw7b71alt,-
7542,minted,t1px7hlrau7co9lk3k81jcrntnilhrwgoxj,1,t1px7hlrau7co9lk3k81jcrntnilhrwgoxj,-
7544,minted,t1jvt6adsbpyma35n5p6zjiyjntu8abhw4z,1,t1jvt6adsbpyma35n5p6zjiyjntu8abhw4z,-
7545,minted,t1rhnurdntdcr2fddzya8eskfswtfpkwutf,1,t1rhnurdntdcr2fddzya8eskfswtfpkwutf,-
7546,minted,t1ad5mp7aux3fxfv5hwtjfeiihcdtb71smg,1,t1ad5mp7aux3fxfv5hwtjfeiihcdtb71smg,-
7547,minted,t1bhwp1bczfrc317wyqr3nw2x8xvkkrf281,1,t1bhwp1bczfrc317wyqr3nw2x8xvkkrf281,-
7548,minted,t1fcmnktgqtxnnsq9llfxityrj12uteieuk,1,t1fcmnktgqtxnnsq9llfxityrj12uteieuk,-
7552,minted,t1rmhswkzucw9ub1owuggjwv6lbrvbfxczv,1,t1rmhswkzucw9ub1owuggjwv6lbrvbfxczv,-
7553,minted,t1sn6q8wbuc1a2s7tjdbjzcqcti8uqutseq,1,t1sn6q8wbuc1a2s7tjdbjzcqcti8uqutseq,-
7556,minted,t1sntdtkq4sbsk3socy6uzrbxvjwdn1x7cm,1,t1sntdtkq4sbsk3socy6uzrbxvjwdn1x7cm,-
7558,minted,t1gvchfhecde9hjz5sqkitjjsc1ojqpdpak,1,t1gvchfhecde9hjz5sqkitjjsc1ojqpdpak,-
7559,minted,t1kvxs4mz4judj4ysgquvgk1e5m5kayb8nz,1,t1kvxs4mz4judj4ysgquvgk1e5m5kayb8nz,-
7563,minted,t1rjxectx3e63ydhaerxyynqck71mp117ty,1,t1rjxectx3e63ydhaerxyynqck71mp117ty,-
7564,minted,t1lz7kt1duyahmqzcuxp8jvrcvy1ps6so6e,1,t1lz7kt1duyahmqzcuxp8jvrcvy1ps6so6e,-
7568,minted,t1lakakmmjky8le5cmznkgdvcvvtnrkac8a,1,t1lakakmmjky8le5cmznkgdvcvvtnrkac8a,-
7572,minted,t1plzelr9uehatsdzm1kb57wz8bnd9p1hdl,1,t1plzelr9uehatsdzm1kb57wz8bnd9p1hdl,-
7576,minted,t1khhgjrucrrbn1jhnlz8ibmtok9tpidfui,1,t1khhgjrucrrbn1jhnlz8ibmtok9tpidfui,-
7577,minted,t1c9zdg3amocc9xwk4s522bp5c9ye5x4d6p,1,t1c9zdg3amocc9xwk4s522bp5c9ye5x4d6p,-
7579,minted,t1nveuzt6vcr9tm2p2xd1gxdbnwyo6rrd39,1,t1nveuzt6vcr9tm2p2xd1gxdbnwyo6rrd39,-
7580,minted,t1qbjuqt1hbqzrjjz9u4532oitwefqemvtp,1,t1qbjuqt1hbqzrjjz9u4532oitwefqemvtp,-
7584,minted,t1k1k3lvujfthpw1rx5gye1wt1w3nfffkuz,1,t1k1k3lvujfthpw1rx5gye1wt1w3nfffkuz,-
7585,minted,t1wmgffiauhm7a7ynhwr3z4gukbvayvtal4,1,t1wmgffiauhm7a7ynhwr3z4gukbvayvtal4,-
7586,minted,t1ad5mp7aux3fxfv5hwtjfeiihcdtb71smg,1,t1ad5mp7aux3fxfv5hwtjfeiihcdtb71smg,-
7591,minted,t1n9vkjsqqpvji45dbmsyqbf3oms6efzbav,1,t1n9vkjsqqpvji45dbmsyqbf3oms6efzbav,-
7594,minted,t1xszkmqptzube3nardgsxf4pdcctb5lac2,1,t1xszkmqptzube3nardgsxf4pdcctb5lac2,-
7595,minted,t1jreud82tmz4mmbxrgxmdxroy8mvvpu8gc,1,t1jreud82tmz4mmbxrgxmdxroy8mvvpu8gc,-
7596,minted,t1harykyjfctqhcswkwobfnqydrtpybcusz,1,t1harykyjfctqhcswkwobfnqydrtpybcusz,-
7597,minted,t1plr7emfb4ptjr3ydgkxtvvcx88vipczbg,1,t1plr7emfb4ptjr3ydgkxtvvcx88vipczbg,-
7598,minted,t1fygwxb9m6az4j3jftu52yeg2btdajqw5j,1,t1fygwxb9m6az4j3jftu52yeg2btdajqw5j,-
7600,minted,t1plr7emfb4ptjr3ydgkxtvvcx88vipczbg,1,t1plr7emfb4ptjr3ydgkxtvvcx88vipczbg,-
7605,minted,t1tuhpqkrnvjpjkj3yaenccecenarccfwgv,1,t1tuhpqkrnvjpjkj3yaenccecenarccfwgv,-
7606,minted,t1dmol5cxocwndah9cyqydl3ntxv3kh4ysd,1,t1dmol5cxocwndah9cyqydl3ntxv3kh4ysd,-
7607,minted,t1swxdgrkwwzgzchaqrn1u8n5sr6gsjtt11,1,t1swxdgrkwwzgzchaqrn1u8n5sr6gsjtt11,-
7608,minted,t1wdk8ftmqhutjtpqoftehpxunlkfuvyspm,1,t1wdk8ftmqhutjtpqoftehpxunlkfuvyspm,-
7614,minted,t1qhrzywphn7sbgbnrqfdohtkg6kjojogfd,1,t1qhrzywphn7sbgbnrqfdohtkg6kjojogfd,-
7620,minted,t1xkb2xu5cytyrh46mgtxqe9rbuvcwmdxbw,1,t1xkb2xu5cytyrh46mgtxqe9rbuvcwmdxbw,-
7621,minted,t1k1k3lvujfthpw1rx5gye1wt1w3nfffkuz,1,t1k1k3lvujfthpw1rx5gye1wt1w3nfffkuz,-
7622,minted,t1dfjru8b7hjg8t7zxhdcuctfffw7b71alt,1,t1dfjru8b7hjg8t7zxhdcuctfffw7b71alt,-
7624,minted,t1utwwsaslf2xhdaec4hnfbewky6k9e6yqi,1,t1utwwsaslf2xhdaec4hnfbewky6k9e6yqi,-
7627,minted,t1yvnhrmuhezqczspzi71yd8xk4xfywy5vg,1,t1yvnhrmuhezqczspzi71yd8xk4xfywy5vg,-
7628,minted,t1qr5zva26etiovwiahfuqv2ay8d9jltdan,1,t1qr5zva26etiovwiahfuqv2ay8d9jltdan,-
7629,minted,t1d7guc3dpm6udkueebf5lxbazbetnavxv3,1,t1d7guc3dpm6udkueebf5lxbazbetnavxv3,-
7632,minted,t1ackjtwvbsfgafminnbmneegdypv9g3gca,1,t1ackjtwvbsfgafminnbmneegdypv9g3gca,-
7636,minted,t1nveuzt6vcr9tm2p2xd1gxdbnwyo6rrd39,1,t1nveuzt6vcr9tm2p2xd1gxdbnwyo6rrd39,-
7639,minted,t1qbjuqt1hbqzrjjz9u4532oitwefqemvtp,1,t1qbjuqt1hbqzrjjz9u4532oitwefqemvtp,-
7641,minted,t1khhgjrucrrbn1jhnlz8ibmtok9tpidfui,1,t1khhgjrucrrbn1jhnlz8ibmtok9tpidfui,-
7642,minted,t1xugqv2svc6pygv3vukasyehzoefvgvr21,1,t1xugqv2svc6pygv3vukasyehzoefvgvr21,-
7643,minted,t1c4j1rmlwwpelu6xcjqb9zheujusethjcx,1,t1c4j1rmlwwpelu6xcjqb9zheujusethjcx,-
7645,minted,t1rnjbkm81ui7zsy2z2udyi7bil5xvjspvh,1,t1rnjbkm81ui7zsy2z2udyi7bil5xvjspvh,-
7647,minted,t1c9zdg3amocc9xwk4s522bp5c9ye5x4d6p,1,t1c9zdg3amocc9xwk4s522bp5c9ye5x4d6p,-
7651,minted,t1dvmn42ahlgqhk4eaqcg8hticmc7sdu4mn,1,t1dvmn42ahlgqhk4eaqcg8hticmc7sdu4mn,-
7653,minted,t1ugnmmfgvei3prgchynzyhugd5qysjpdcd,1,t1ugnmmfgvei3prgchynzyhugd5qysjpdcd,-
7655,minted,t1geadqaiqyvgaoog8vhocum1sq6scajdbe,1,t1geadqaiqyvgaoog8vhocum1sq6scajdbe,-
7657,minted,t1rhnurdntdcr2fddzya8eskfswtfpkwutf,1,t1rhnurdntdcr2fddzya8eskfswtfpkwutf,-
7659,minted,t1d1phzjprbfb6l3z7bpobkqdzjlavru3zb,1,t1d1phzjprbfb6l3z7bpobkqdzjlavru3zb,-
7661,minted,t1fcmnktgqtxnnsq9llfxityrj12uteieuk,1,t1fcmnktgqtxnnsq9llfxityrj12uteieuk,-
7662,minted,t1mesgayna3uxewakpuyhh464vyffvtchvv,1,t1mesgayna3uxewakpuyhh464vyffvtchvv,-
7663,minted,t1gfxpmbrdeohuwrzcrms99tghjuw7fufyu,1,t1gfxpmbrdeohuwrzcrms99tghjuw7fufyu,-
7666,minted,t1jcrlwwbsdkoj516dbtutc3ieofszgt8b6,1,t1jcrlwwbsdkoj516dbtutc3ieofszgt8b6,-
7667,minted,t1qr45sgpxm8tmdkcpb2ntxbkacl6mqdopq,1,t1qr45sgpxm8tmdkcpb2ntxbkacl6mqdopq,-
7669,minted,t1zvfc8q8ritdcmiyfuo4k1sytbf7fgtggs,1,t1zvfc8q8ritdcmiyfuo4k1sytbf7fgtggs,-
7673,minted,t1egohrhbvkcebhmzf9xvxfy86njvkjkssa,1,t1egohrhbvkcebhmzf9xvxfy86njvkjkssa,-
7674,minted,t1d1phzjprbfb6l3z7bpobkqdzjlavru3zb,1,t1d1phzjprbfb6l3z7bpobkqdzjlavru3zb,-
7679,minted,t1ls3lszpnhsc73sva1vxdteuwkprr9xwmv,1,t1ls3lszpnhsc73sva1vxdteuwkprr9xwmv,-
7680,minted,t1wjymzb8eklefe8jcxdxijvxwrbxybmig5,1,t1wjymzb8eklefe8jcxdxijvxwrbxybmig5,-
7681,minted,t1ceuykreawgbzptq5b4crcjswqgk3iwcvu,1,t1ceuykreawgbzptq5b4crcjswqgk3iwcvu,-
7682,minted,t1zuffvd1tk6pux9r8zbojyoajsmip5awra,1,t1zuffvd1tk6pux9r8zbojyoajsmip5awra,-
7683,minted,t1uwhgycnxruf62kfea3wefuetqlahxttqv,1,t1uwhgycnxruf62kfea3wefuetqlahxttqv,-
7684,failed,t1b4xybydvhinc2qasg9zgtdrqmxqyb6ax7,1,-,-
7685,minted,t1b3zgxvh3pagwffnadb6adlat9lgwdc1sd,1,t1b3zgxvh3pagwffnadb6adlat9lgwdc1sd,-
7687,minted,t1svqyxaouw8xtet2zpzr9ho5beowfmn3fy,1,t1svqyxaouw8xtet2zpzr9ho5beowfmn3fy,-
7688,minted,t1plr7emfb4ptjr3ydgkxtvvcx88vipczbg,1,t1plr7emfb4ptjr3ydgkxtvvcx88vipczbg,-
7689,minted,t1sg7teea9tkjymwsffeq3aqyczdvpknsny,1,t1sg7teea9tkjymwsffeq3aqyczdvpknsny,-
7693,minted,t1zmyf5bw92ud3ow3vyhphvkdenjbxvy5j1,1,t1zmyf5bw92ud3ow3vyhphvkdenjbxvy5j1,-
7694,minted,t1lzi24jydjzsfib29wpm2jvp83kwlnkcrb,1,t1lzi24jydjzsfib29wpm2jvp83kwlnkcrb,-
7695,minted,t1plr7emfb4ptjr3ydgkxtvvcx88vipczbg,1,t1plr7emfb4ptjr3ydgkxtvvcx88vipczbg,-
7697,minted,t1lzi24jydjzsfib29wpm2jvp83kwlnkcrb,1,t1lzi24jydjzsfib29wpm2jvp83kwlnkcrb,-
7699,minted,t1utwwsaslf2xhdaec4hnfbewky6k9e6yqi,1,t1utwwsaslf2xhdaec4hnfbewky6k9e6yqi,-
7700,minted,t1sl65eqxvgabrlsxfdtthepd4tjrvyneab,1,t1sl65eqxvgabrlsxfdtthepd4tjrvyneab,-
7701,minted,t1wjymzb8eklefe8jcxdxijvxwrbxybmig5,1,t1wjymzb8eklefe8jcxdxijvxwrbxybmig5,-
7706,minted,t1bqz7lcv5ca65pcubguiqdjfy4qhsvzbzz,1,t1bqz7lcv5ca65pcubguiqdjfy4qhsvzbzz,-
7709,minted,t1wuc9smduamu6tphqqkn5nhkq9jcfwljzv,1,t1wuc9smduamu6tphqqkn5nhkq9jcfwljzv,-
7710,minted,t1rgw6g813bmzoyvyd37iaewney6hditzvq,1,t1rgw6g813bmzoyvyd37iaewney6hditzvq,-
7713,minted,t1rnjbkm81ui7zsy2z2udyi7bil5xvjspvh,1,t1rnjbkm81ui7zsy2z2udyi7bil5xvjspvh,-
7714,minted,t1zvfc8q8ritdcmiyfuo4k1sytbf7fgtggs,1,t1zvfc8q8ritdcmiyfuo4k1sytbf7fgtggs,-
7715,minted,t1y7dtde9rxmxgbxrqlk9vsraqztczp89m1,1,t1y7dtde9rxmxgbxrqlk9vsraqztczp89m1,-
7716,minted,t1xkb2xu5cytyrh46mgtxqe9rbuvcwmdxbw,1,t1xkb2xu5cytyrh46mgtxqe9rbuvcwmdxbw,-
7718,minted,t1rjxectx3e63ydhaerxyynqck71mp117ty,1,t1rjxectx3e63ydhaerxyynqck71mp117ty,-
7719,minted,t1gfxpmbrdeohuwrzcrms99tghjuw7fufyu,1,t1gfxpmbrdeohuwrzcrms99tghjuw7fufyu,-
7722,minted,t1mh8fytskubkcsbwy9r79xf6jgnchjyz4m,1,t1mh8fytskubkcsbwy9r79xf6jgnchjyz4m,-
7724,minted,t1lz7kt1duyahmqzcuxp8jvrcvy1ps6so6e,1,t1lz7kt1duyahmqzcuxp8jvrcvy1ps6so6e,-
7725,minted,t1tdx3jecge1dd9pmzxuaphvjm5hyq2c7wn,1,t1tdx3jecge1dd9pmzxuaphvjm5hyq2c7wn,-
7727,minted,t1xkb2xu5cytyrh46mgtxqe9rbuvcwmdxbw,1,t1xkb2xu5cytyrh46mgtxqe9rbuvcwmdxbw,-
7728,minted,t1jdsfjfc6ydm63jvp9jtmykdxyyxrrtqek,1,t1jdsfjfc6ydm63jvp9jtmykdxyyxrrtqek,-
7730,minted,t1kpwnwxtu8wf5g5twdruqbnh4bi6tohrtn,1,t1kpwnwxtu8wf5g5twdruqbnh4bi6tohrtn,-
7731,minted,t1gfxpmbrdeohuwrzcrms99tghjuw7fufyu,1,t1gfxpmbrdeohuwrzcrms99tghjuw7fufyu,-
7732,minted,t1wjymzb8eklefe8jcxdxijvxwrbxybmig5,1,t1wjymzb8eklefe8jcxdxijvxwrbxybmig5,-
7733,minted,t1plr7emfb4ptjr3ydgkxtvvcx88vipczbg,1,t1plr7emfb4ptjr3ydgkxtvvcx88vipczbg,-
7734,minted,t1g2u5qqpd12pzqv2xakjvpvarmhvjhobsp,1,t1g2u5qqpd12pzqv2xakjvpvarmhvjhobsp,-
7735,minted,t1zvfc8q8ritdcmiyfuo4k1sytbf7fgtggs,1,t1zvfc8q8ritdcmiyfuo4k1sytbf7fgtggs,-
7743,minted,t1ad5mp7aux3fxfv5hwtjfeiihcdtb71smg,1,t1ad5mp7aux3fxfv5hwtjfeiihcdtb71smg,-
7744,minted,t1n9vkjsqqpvji45dbmsyqbf3oms6efzbav,1,t1n9vkjsqqpvji45dbmsyqbf3oms6efzbav,-
7745,minted,t1geadqaiqyvgaoog8vhocum1sq6scajdbe,1,t1geadqaiqyvgaoog8vhocum1sq6scajdbe,-
7747,minted,t1a7hvjbrse6vvorjndlqrau7kyjzcgqnk5,1,t1a7hvjbrse6vvorjndlqrau7kyjzcgqnk5,-
7748,minted,t1wup8b6wsaeewjbzszy5kfnvessbm8dhdj,1,t1wup8b6wsaeewjbzszy5kfnvessbm8dhdj,-
7750,minted,t1p9jplm6rkwlnnfe4b2ruvfngsqj38cmrz,1,t1p9jplm6rkwlnnfe4b2ruvfngsqj38cmrz,-
7751,minted,t1vnqzdvmveogfsmvu2hqbadttvlfre5fcr,1,t1vnqzdvmveogfsmvu2hqbadttvlfre5fcr,-
7752,minted,t1rmhswkzucw9ub1owuggjwv6lbrvbfxczv,1,t1rmhswkzucw9ub1owuggjwv6lbrvbfxczv,-
7753,minted,t1wjymzb8eklefe8jcxdxijvxwrbxybmig5,1,t1wjymzb8eklefe8jcxdxijvxwrbxybmig5,-
7755,minted,t1lakakmmjky8le5cmznkgdvcvvtnrkac8a,1,t1lakakmmjky8le5cmznkgdvcvvtnrkac8a,-
7759,minted,t1uijcpndrzgcmqlg67y8ld8xailbijq9ku,1,t1uijcpndrzgcmqlg67y8ld8xailbijq9ku,-
7760,minted,t1umuzozkqrbtaknbascznhnpqj7dxixrvq,1,t1umuzozkqrbtaknbascznhnpqj7dxixrvq,-
7761,minted,t1bqz7lcv5ca65pcubguiqdjfy4qhsvzbzz,1,t1bqz7lcv5ca65pcubguiqdjfy4qhsvzbzz,-
7763,minted,t1lakakmmjky8le5cmznkgdvcvvtnrkac8a,1,t1lakakmmjky8le5cmznkgdvcvvtnrkac8a,-
7764,minted,t1ub2xrhednp6xqdvpqynpkqeczlowj8z6j,1,t1ub2xrhednp6xqdvpqynpkqeczlowj8z6j,-
7765,minted,t1urpiavkof3253qofgncv8fwp6zaihlsua,1,t1urpiavkof3253qofgncv8fwp6zaihlsua,-
7766,minted,t1rnjbkm81ui7zsy2z2udyi7bil5xvjspvh,1,t1rnjbkm81ui7zsy2z2udyi7bil5xvjspvh,-
7768,minted,t1qupqtxglgncbo4msuegxdvjmbyunvptdb,1,t1qupqtxglgncbo4msuegxdvjmbyunvptdb,-
7771,minted,t1plzelr9uehatsdzm1kb57wz8bnd9p1hdl,1,t1plzelr9uehatsdzm1kb57wz8bnd9p1hdl,-
7772,minted,t1relemkcagbfnehud1r1jsu9dhpqwybapn,1,t1relemkcagbfnehud1r1jsu9dhpqwybapn,-
7773,minted,t1yvnhrmuhezqczspzi71yd8xk4xfywy5vg,1,t1yvnhrmuhezqczspzi71yd8xk4xfywy5vg,-
7775,minted,t1umuzozkqrbtaknbascznhnpqj7dxixrvq,1,t1umuzozkqrbtaknbascznhnpqj7dxixrvq,-
7777,minted,t1nfyrv6drbsn6wshd38rjz9mvtjet434ng,1,t1nfyrv6drbsn6wshd38rjz9mvtjet434ng,-
7779,minted,t1upzl3anjphpushv5l1phfr3x9agyvfwmg,1,t1upzl3anjphpushv5l1phfr3x9agyvfwmg,-
7780,minted,t1phbzxzsn1drjjezf6wmsujgxayy9h5daz,1,t1phbzxzsn1drjjezf6wmsujgxayy9h5daz,-
7781,minted,t1rgw6g813bmzoyvyd37iaewney6hditzvq,1,t1rgw6g813bmzoyvyd37iaewney6hditzvq,-
7783,minted,t1plr7emfb4ptjr3ydgkxtvvcx88vipczbg,1,t1plr7emfb4ptjr3ydgkxtvvcx88vipczbg,-
7784,minted,t1tdx3jecge1dd9pmzxuaphvjm5hyq2c7wn,1,t1tdx3jecge1dd9pmzxuaphvjm5hyq2c7wn,-
7785,minted,t1lakakmmjky8le5cmznkgdvcvvtnrkac8a,1,t1lakakmmjky8le5cmznkgdvcvvtnrkac8a,-
7786,minted,t1xkb2xu5cytyrh46mgtxqe9rbuvcwmdxbw,1,t1xkb2xu5cytyrh46mgtxqe9rbuvcwmdxbw,-
7787,minted,t1etsdpxd64kfqkr1jhgrjwaummz8gbfuuy,1,t1etsdpxd64kfqkr1jhgrjwaummz8gbfuuy,-
7788,minted,t1plr7emfb4ptjr3ydgkxtvvcx88vipczbg,1,t1plr7emfb4ptjr3ydgkxtvvcx88vipczbg,-
7790,minted,t1rgw6g813bmzoyvyd37iaewney6hditzvq,1,t1rgw6g813bmzoyvyd37iaewney6hditzvq,-
7792,minted,t1zvfc8q8ritdcmiyfuo4k1sytbf7fgtggs,1,t1zvfc8q8ritdcmiyfuo4k1sytbf7fgtggs,-
7793,minted,t1tuhpqkrnvjpjkj3yaenccecenarccfwgv,1,t1tuhpqkrnvjpjkj3yaenccecenarccfwgv,-
7794,minted,t1aphfzzmcujqhuenxl5odscmyv97ti5dwv,1,t1aphfzzmcujqhuenxl5odscmyv97ti5dwv,-
7795,minted,t1nveuzt6vcr9tm2p2xd1gxdbnwyo6rrd39,1,t1nveuzt6vcr9tm2p2xd1gxdbnwyo6rrd39,-
7797,minted,t1umuzozkqrbtaknbascznhnpqj7dxixrvq,1,t1umuzozkqrbtaknbascznhnpqj7dxixrvq,-
7798,minted,t1wdk8ftmqhutjtpqoftehpxunlkfuvyspm,1,t1wdk8ftmqhutjtpqoftehpxunlkfuvyspm,-
7799,minted,t1g797iuz3hzgkyxzuxjlukm7a8juqndwnv,1,t1g797iuz3hzgkyxzuxjlukm7a8juqndwnv,-
7801,minted,t1wsohyjrazyhjmzfvbxtrbwh1fo9iypbqx,1,t1wsohyjrazyhjmzfvbxtrbwh1fo9iypbqx,-
7802,minted,t1hd8yo89x2kkepbmtnc4sigq5uohoqpfjc,1,t1hd8yo89x2kkepbmtnc4sigq5uohoqpfjc,-
7805,minted,t1k1k3lvujfthpw1rx5gye1wt1w3nfffkuz,1,t1k1k3lvujfthpw1rx5gye1wt1w3nfffkuz,-
7807,minted,t1utwwsaslf2xhdaec4hnfbewky6k9e6yqi,1,t1utwwsaslf2xhdaec4hnfbewky6k9e6yqi,-
7810,minted,t1rgw6g813bmzoyvyd37iaewney6hditzvq,1,t1rgw6g813bmzoyvyd37iaewney6hditzvq,-
7811,minted,t1cufblk8osimwlfkpnt815kcsllnjqetwk,1,t1cufblk8osimwlfkpnt815kcsllnjqetwk,-
7812,minted,t1ceuykreawgbzptq5b4crcjswqgk3iwcvu,1,t1ceuykreawgbzptq5b4crcjswqgk3iwcvu,-
7819,minted,t1plzelr9uehatsdzm1kb57wz8bnd9p1hdl,1,t1plzelr9uehatsdzm1kb57wz8bnd9p1hdl,-
7824,minted,t1kayatk2rupd6vgyudh88q4ssbdennhhoh,1,t1kayatk2rupd6vgyudh88q4ssbdennhhoh,-
7825,minted,t1mh8fytskubkcsbwy9r79xf6jgnchjyz4m,1,t1mh8fytskubkcsbwy9r79xf6jgnchjyz4m,-
7826,minted,t1jwcn7bwhwiw2xscgwymbdbppl57rpbjjw,1,t1jwcn7bwhwiw2xscgwymbdbppl57rpbjjw,-
7829,minted,t1rjxectx3e63ydhaerxyynqck71mp117ty,1,t1rjxectx3e63ydhaerxyynqck71mp117ty,-
7830,minted,t1a7hvjbrse6vvorjndlqrau7kyjzcgqnk5,1,t1a7hvjbrse6vvorjndlqrau7kyjzcgqnk5,-
7831,minted,t1dmol5cxocwndah9cyqydl3ntxv3kh4ysd,1,t1dmol5cxocwndah9cyqydl3ntxv3kh4ysd,-
7832,minted,t1wsohyjrazyhjmzfvbxtrbwh1fo9iypbqx,1,t1wsohyjrazyhjmzfvbxtrbwh1fo9iypbqx,-
7833,minted,t1fdta8dvjokvjh6ihzwu6vkhepfks9ay9a,1,t1fdta8dvjokvjh6ihzwu6vkhepfks9ay9a,-
7834,minted,t1uijcpndrzgcmqlg67y8ld8xailbijq9ku,1,t1uijcpndrzgcmqlg67y8ld8xailbijq9ku,-
7838,minted,t1sn6q8wbuc1a2s7tjdbjzcqcti8uqutseq,1,t1sn6q8wbuc1a2s7tjdbjzcqcti8uqutseq,-
7840,minted,t1qupqtxglgncbo4msuegxdvjmbyunvptdb,1,t1qupqtxglgncbo4msuegxdvjmbyunvptdb,-
7842,minted,t1phbzxzsn1drjjezf6wmsujgxayy9h5daz,1,t1phbzxzsn1drjjezf6wmsujgxayy9h5daz,-
7845,minted,t1fcmnktgqtxnnsq9llfxityrj12uteieuk,1,t1fcmnktgqtxnnsq9llfxityrj12uteieuk,-
7846,minted,t1c9zdg3amocc9xwk4s522bp5c9ye5x4d6p,1,t1c9zdg3amocc9xwk4s522bp5c9ye5x4d6p,-
7849,minted,t1tdx3jecge1dd9pmzxuaphvjm5hyq2c7wn,1,t1tdx3jecge1dd9pmzxuaphvjm5hyq2c7wn,-
7851,minted,t1plzelr9uehatsdzm1kb57wz8bnd9p1hdl,1,t1plzelr9uehatsdzm1kb57wz8bnd9p1hdl,-
7853,minted,t1wwe8mf17ryho7niz6wlhriaxac5f8qymi,1,t1wwe8mf17ryho7niz6wlhriaxac5f8qymi,-
7854,minted,t1cufblk8osimwlfkpnt815kcsllnjqetwk,1,t1cufblk8osimwlfkpnt815kcsllnjqetwk,-
7855,minted,t1rnjbkm81ui7zsy2z2udyi7bil5xvjspvh,1,t1rnjbkm81ui7zsy2z2udyi7bil5xvjspvh,-
7856,minted,t1lzi24jydjzsfib29wpm2jvp83kwlnkcrb,1,t1lzi24jydjzsfib29wpm2jvp83kwlnkcrb,-
7858,minted,t1gfxpmbrdeohuwrzcrms99tghjuw7fufyu,1,t1gfxpmbrdeohuwrzcrms99tghjuw7fufyu,-
7860,minted,t1duxpx3u12gqyl7j9sxh7mvs8ogbvrxfwv,1,t1duxpx3u12gqyl7j9sxh7mvs8ogbvrxfwv,-
7861,minted,t1sg7teea9tkjymwsffeq3aqyczdvpknsny,1,t1sg7teea9tkjymwsffeq3aqyczdvpknsny,-
7862,minted,t1g2u5qqpd12pzqv2xakjvpvarmhvjhobsp,1,t1g2u5qqpd12pzqv2xakjvpvarmhvjhobsp,-
7863,minted,t1wdk8ftmqhutjtpqoftehpxunlkfuvyspm,1,t1wdk8ftmqhutjtpqoftehpxunlkfuvyspm,-
7864,minted,t1lakakmmjky8le5cmznkgdvcvvtnrkac8a,1,t1lakakmmjky8le5cmznkgdvcvvtnrkac8a,-
7866,minted,t1zpzocw6bnvu4bekcg29cokyno37dmuuck,1,t1zpzocw6bnvu4bekcg29cokyno37dmuuck,-
7867,minted,t1n9vkjsqqpvji45dbmsyqbf3oms6efzbav,1,t1n9vkjsqqpvji45dbmsyqbf3oms6efzbav,-
7868,minted,t1zvfc8q8ritdcmiyfuo4k1sytbf7fgtggs,1,t1zvfc8q8ritdcmiyfuo4k1sytbf7fgtggs,-
7870,minted,t1vf4k61qeseulhxpzkjch3nb3q1vw6fvx9,1,t1vf4k61qeseulhxpzkjch3nb3q1vw6fvx9,-
7871,minted,t1rjxectx3e63ydhaerxyynqck71mp117ty,1,t1rjxectx3e63ydhaerxyynqck71mp117ty,-
7872,minted,t1vimk2cvlaf4yf1cpkyw9zw2vqglla6pw9,1,t1vimk2cvlaf4yf1cpkyw9zw2vqglla6pw9,-
7874,minted,t1ezmafcocld3avqj6clnp9ecyjeey3bbgn,1,t1ezmafcocld3avqj6clnp9ecyjeey3bbgn,-
7878,minted,t1fygwxb9m6az4j3jftu52yeg2btdajqw5j,1,t1fygwxb9m6az4j3jftu52yeg2btdajqw5j,-
7880,minted,t1zuffvd1tk6pux9r8zbojyoajsmip5awra,1,t1zuffvd1tk6pux9r8zbojyoajsmip5awra,-
7881,minted,t1vu8wavcg1xe8qhdyowsmv2s9i63htj9sy,1,t1vu8wavcg1xe8qhdyowsmv2s9i63htj9sy,-
7882,minted,t1urpiavkof3253qofgncv8fwp6zaihlsua,1,t1urpiavkof3253qofgncv8fwp6zaihlsua,-
7883,minted,t1toh1zcyjhhvo64hjrcedtaq5exomsjgqv,1,t1toh1zcyjhhvo64hjrcedtaq5exomsjgqv,-
7884,minted,t1lakakmmjky8le5cmznkgdvcvvtnrkac8a,1,t1lakakmmjky8le5cmznkgdvcvvtnrkac8a,-
7889,minted,t1umuzozkqrbtaknbascznhnpqj7dxixrvq,1,t1umuzozkqrbtaknbascznhnpqj7dxixrvq,-
7890,minted,t1zpzocw6bnvu4bekcg29cokyno37dmuuck,1,t1zpzocw6bnvu4bekcg29cokyno37dmuuck,-
7892,minted,t1qpeclgkhmw4xgk2v6kaixumhjf5pehox1,1,t1qpeclgkhmw4xgk2v6kaixumhjf5pehox1,-
7893,minted,t1xkjq7z7dq1s1ksfux7qnk9l8a5rtjxapu,1,t1xkjq7z7dq1s1ksfux7qnk9l8a5rtjxapu,-
7894,minted,t1geadqaiqyvgaoog8vhocum1sq6scajdbe,1,t1geadqaiqyvgaoog8vhocum1sq6scajdbe,-
7895,minted,t1umuzozkqrbtaknbascznhnpqj7dxixrvq,1,t1umuzozkqrbtaknbascznhnpqj7dxixrvq,-
7899,minted,t1fe6njgmixpvrodtzjcj2svsoety6uu7wf,1,t1fe6njgmixpvrodtzjcj2svsoety6uu7wf,-
7900,minted,t1qpeclgkhmw4xgk2v6kaixumhjf5pehox1,1,t1qpeclgkhmw4xgk2v6kaixumhjf5pehox1,-
7903,minted,t1wmgffiauhm7a7ynhwr3z4gukbvayvtal4,1,t1wmgffiauhm7a7ynhwr3z4gukbvayvtal4,-
7905,minted,t1geadqaiqyvgaoog8vhocum1sq6scajdbe,1,t1geadqaiqyvgaoog8vhocum1sq6scajdbe,-
7909,minted,t1khhgjrucrrbn1jhnlz8ibmtok9tpidfui,1,t1khhgjrucrrbn1jhnlz8ibmtok9tpidfui,-
7911,minted,t1ra5rzwpgv2h197mszzuczzh3sqdq7yssl,1,t1ra5rzwpgv2h197mszzuczzh3sqdq7yssl,-
7913,minted,t1lyxeaoefs951bbawlt2j6fkes2suuhhwq,1,t1lyxeaoefs951bbawlt2j6fkes2suuhhwq,-
7915,minted,t1d7guc3dpm6udkueebf5lxbazbetnavxv3,1,t1d7guc3dpm6udkueebf5lxbazbetnavxv3,-
7918,minted,t1dxhdbxbic87ktuvucaxyug62g2binylpj,1,t1dxhdbxbic87ktuvucaxyug62g2binylpj,-
7919,minted,t1ackjtwvbsfgafminnbmneegdypv9g3gca,1,t1ackjtwvbsfgafminnbmneegdypv9g3gca,-
7920,minted,t1sjbaodtmts94hhndm1g6gsxs9r56r3fmi,1,t1sjbaodtmts94hhndm1g6gsxs9r56r3fmi,-
7921,minted,t1sl65eqxvgabrlsxfdtthepd4tjrvyneab,1,t1sl65eqxvgabrlsxfdtthepd4tjrvyneab,-
7924,minted,t1c4j1rmlwwpelu6xcjqb9zheujusethjcx,1,t1c4j1rmlwwpelu6xcjqb9zheujusethjcx,-
7926,minted,t1eeycfbwbu2fm3fztxs4iufljukzbnqpdg,1,t1eeycfbwbu2fm3fztxs4iufljukzbnqpdg,-
7927,minted,t1uijcpndrzgcmqlg67y8ld8xailbijq9ku,1,t1uijcpndrzgcmqlg67y8ld8xailbijq9ku,-
7930,minted,t1ceuykreawgbzptq5b4crcjswqgk3iwcvu,1,t1ceuykreawgbzptq5b4crcjswqgk3iwcvu,-
7931,minted,t1c9zdg3amocc9xwk4s522bp5c9ye5x4d6p,1,t1c9zdg3amocc9xwk4s522bp5c9ye5x4d6p,-
7932,minted,t1psnfhk4ildwruk9t5s955rcsdypgkzlch,1,t1psnfhk4ildwruk9t5s955rcsdypgkzlch,-
7935,failed,t1b4xybydvhinc2qasg9zgtdrqmxqyb6ax7,1,-,-
7936,minted,t1qyfewbckpqy1q8ck5f5g2yv69urgdtdab,1,t1qyfewbckpqy1q8ck5f5g2yv69urgdtdab,-
7938,minted,t1c3ko29zefpjjtwe5bqs44hkfzmmshqzj2,1,t1c3ko29zefpjjtwe5bqs44hkfzmmshqzj2,-
7939,minted,t1uijcpndrzgcmqlg67y8ld8xailbijq9ku,1,t1uijcpndrzgcmqlg67y8ld8xailbijq9ku,-
7940,minted,t1rzuxxwngrsk2wjkaaa5npsgm9x3dawtcf,1,t1rzuxxwngrsk2wjkaaa5npsgm9x3dawtcf,-
7941,minted,t1lckeea2rgmgawzafrvsyj5fnsbvejxujp,1,t1lckeea2rgmgawzafrvsyj5fnsbvejxujp,-
7943,minted,t1relemkcagbfnehud1r1jsu9dhpqwybapn,1,t1relemkcagbfnehud1r1jsu9dhpqwybapn,-
7944,minted,t1n2xu9lwtm2ht86utphhhi1umgppn6lfw5,1,t1n2xu9lwtm2ht86utphhhi1umgppn6lfw5,-
7947,minted,t1sl65eqxvgabrlsxfdtthepd4tjrvyneab,1,t1sl65eqxvgabrlsxfdtthepd4tjrvyneab,-
7948,minted,t1nmcjpeuqab3ghpbqpfzg7xypw3th4krnp,1,t1nmcjpeuqab3ghpbqpfzg7xypw3th4krnp,-
7949,minted,t1lakakmmjky8le5cmznkgdvcvvtnrkac8a,1,t1lakakmmjky8le5cmznkgdvcvvtnrkac8a,-
7951,minted,t1geadqaiqyvgaoog8vhocum1sq6scajdbe,1,t1geadqaiqyvgaoog8vhocum1sq6scajdbe,-
7954,minted,t1fcmnktgqtxnnsq9llfxityrj12uteieuk,1,t1fcmnktgqtxnnsq9llfxityrj12uteieuk,-
7958,minted,t1nmcjpeuqab3ghpbqpfzg7xypw3th4krnp,1,t1nmcjpeuqab3ghpbqpfzg7xypw3th4krnp,-
7959,minted,t1tdwjklmpx8k3pykwzyamcydtw24agjuus,1,t1tdwjklmpx8k3pykwzyamcydtw24agjuus,-
7961,minted,t1plr7emfb4ptjr3ydgkxtvvcx88vipczbg,1,t1plr7emfb4ptjr3ydgkxtvvcx88vipczbg,-
7962,minted,t1cufblk8osimwlfkpnt815kcsllnjqetwk,1,t1cufblk8osimwlfkpnt815kcsllnjqetwk,-
7965,minted,t1wdk8ftmqhutjtpqoftehpxunlkfuvyspm,1,t1wdk8ftmqhutjtpqoftehpxunlkfuvyspm,-
7968,minted,t1sjbaodtmts94hhndm1g6gsxs9r56r3fmi,1,t1sjbaodtmts94hhndm1g6gsxs9r56r3fmi,-
7970,minted,t1k6zlqemuuuh7y2tzmnybqtkztmzt4kz5z,1,t1k6zlqemuuuh7y2tzmnybqtkztmzt4kz5z,-
7972,minted,t1bqz7lcv5ca65pcubguiqdjfy4qhsvzbzz,1,t1bqz7lcv5ca65pcubguiqdjfy4qhsvzbzz,-
7976,minted,t1px7hlrau7co9lk3k81jcrntnilhrwgoxj,1,t1px7hlrau7co9lk3k81jcrntnilhrwgoxj,-
7979,minted,t1uijcpndrzgcmqlg67y8ld8xailbijq9ku,1,t1uijcpndrzgcmqlg67y8ld8xailbijq9ku,-
7984,minted,t1kpwnwxtu8wf5g5twdruqbnh4bi6tohrtn,1,t1kpwnwxtu8wf5g5twdruqbnh4bi6tohrtn,-
7986,minted,t1zuffvd1tk6pux9r8zbojyoajsmip5awra,1,t1zuffvd1tk6pux9r8zbojyoajsmip5awra,-
7988,minted,t1qupqtxglgncbo4msuegxdvjmbyunvptdb,1,t1qupqtxglgncbo4msuegxdvjmbyunvptdb,-
7990,minted,t1kqn6lrzaaqmy4vetlswnmpucd71ltoesq,1,t1kqn6lrzaaqmy4vetlswnmpucd71ltoesq,-
7991,minted,t1sjbaodtmts94hhndm1g6gsxs9r56r3fmi,1,t1sjbaodtmts94hhndm1g6gsxs9r56r3fmi,-
7993,minted,t1ceuykreawgbzptq5b4crcjswqgk3iwcvu,1,t1ceuykreawgbzptq5b4crcjswqgk3iwcvu,-
7996,minted,t1zvfc8q8ritdcmiyfuo4k1sytbf7fgtggs,1,t1zvfc8q8ritdcmiyfuo4k1sytbf7fgtggs,-
7998,minted,t1zvfc8q8ritdcmiyfuo4k1sytbf7fgtggs,1,t1zvfc8q8ritdcmiyfuo4k1sytbf7fgtggs,-
7999,minted,t1fym6ponzmhqgj1azpaimmy1wzligfzdwt,1,t1fym6ponzmhqgj1azpaimmy1wzligfzdwt,-
8002,minted,t1fcmnktgqtxnnsq9llfxityrj12uteieuk,1,t1fcmnktgqtxnnsq9llfxityrj12uteieuk,-
8006,minted,t1pvld2x5gqpvak2j1ucjamtkdgjcjqp5k2,1,t1pvld2x5gqpvak2j1ucjamtkdgjcjqp5k2,-
8007,minted,t1dfjru8b7hjg8t7zxhdcuctfffw7b71alt,1,t1dfjru8b7hjg8t7zxhdcuctfffw7b71alt,-
8010,minted,t1qbjuqt1hbqzrjjz9u4532oitwefqemvtp,1,t1qbjuqt1hbqzrjjz9u4532oitwefqemvtp,-
8011,minted,t1txjy2pkqzgyamblaeqkfjox5cszkk2fn4,1,t1txjy2pkqzgyamblaeqkfjox5cszkk2fn4,-
8013,minted,t1vf4k61qeseulhxpzkjch3nb3q1vw6fvx9,1,t1vf4k61qeseulhxpzkjch3nb3q1vw6fvx9,-
8014,minted,t1vxzayz2wtcgluk2rrlctxr5ivjzzfmluy,1,t1vxzayz2wtcgluk2rrlctxr5ivjzzfmluy,-
8016,minted,t1vnqzdvmveogfsmvu2hqbadttvlfre5fcr,1,t1vnqzdvmveogfsmvu2hqbadttvlfre5fcr,-
8017,minted,t1tm4ukzttclqbius6oqzhbb5wla9soo3ii,1,t1tm4ukzttclqbius6oqzhbb5wla9soo3ii,-
8018,minted,t1sl65eqxvgabrlsxfdtthepd4tjrvyneab,1,t1sl65eqxvgabrlsxfdtthepd4tjrvyneab,-
8019,minted,t1lz7kt1duyahmqzcuxp8jvrcvy1ps6so6e,1,t1lz7kt1duyahmqzcuxp8jvrcvy1ps6so6e,-
8020,minted,t1ugnmmfgvei3prgchynzyhugd5qysjpdcd,1,t1ugnmmfgvei3prgchynzyhugd5qysjpdcd,-
8022,minted,t1tmtfdgwqxtxoqrnvmosa6kadkayg4kf8n,1,t1tmtfdgwqxtxoqrnvmosa6kadkayg4kf8n,-
8023,minted,t1qr45sgpxm8tmdkcpb2ntxbkacl6mqdopq,1,t1qr45sgpxm8tmdkcpb2ntxbkacl6mqdopq,-
8025,minted,t1qr5zva26etiovwiahfuqv2ay8d9jltdan,1,t1qr5zva26etiovwiahfuqv2ay8d9jltdan,-
8026,minted,t1n9vkjsqqpvji45dbmsyqbf3oms6efzbav,1,t1n9vkjsqqpvji45dbmsyqbf3oms6efzbav,-
8027,minted,t1xkb2xu5cytyrh46mgtxqe9rbuvcwmdxbw,1,t1xkb2xu5cytyrh46mgtxqe9rbuvcwmdxbw,-
8028,minted,t1bqz7lcv5ca65pcubguiqdjfy4qhsvzbzz,1,t1bqz7lcv5ca65pcubguiqdjfy4qhsvzbzz,-
8029,minted,t1k1k3lvujfthpw1rx5gye1wt1w3nfffkuz,1,t1k1k3lvujfthpw1rx5gye1wt1w3nfffkuz,-
8031,minted,t1qunysptkw1jvmv2abfvljustmikybvfiy,1,t1qunysptkw1jvmv2abfvljustmikybvfiy,-
8033,minted,t1ceuykreawgbzptq5b4crcjswqgk3iwcvu,1,t1ceuykreawgbzptq5b4crcjswqgk3iwcvu,-
8035,minted,t1q3k7lwfkwzyxbpwjrqe9mewfw7iqwbbpg,1,t1q3k7lwfkwzyxbpwjrqe9mewfw7iqwbbpg,-
8037,minted,t1y7dtde9rxmxgbxrqlk9vsraqztczp89m1,1,t1y7dtde9rxmxgbxrqlk9vsraqztczp89m1,-
8039,minted,t1qz52qxsvz7coou2jjbkhuqhagui85j8sx,1,t1qz52qxsvz7coou2jjbkhuqhagui85j8sx,-
8040,minted,t1dmzxbvj7kqrftvwd2pugsrkaeqfuwtjrl,1,t1dmzxbvj7kqrftvwd2pugsrkaeqfuwtjrl,-
8041,minted,t1khhgjrucrrbn1jhnlz8ibmtok9tpidfui,1,t1khhgjrucrrbn1jhnlz8ibmtok9tpidfui,-
8044,minted,t1vimk2cvlaf4yf1cpkyw9zw2vqglla6pw9,1,t1vimk2cvlaf4yf1cpkyw9zw2vqglla6pw9,-
8045,minted,t1zuffvd1tk6pux9r8zbojyoajsmip5awra,1,t1zuffvd1tk6pux9r8zbojyoajsmip5awra,-
8046,minted,t1qunysptkw1jvmv2abfvljustmikybvfiy,1,t1qunysptkw1jvmv2abfvljustmikybvfiy,-
8047,minted,t1qbjuqt1hbqzrjjz9u4532oitwefqemvtp,1,t1qbjuqt1hbqzrjjz9u4532oitwefqemvtp,-
8048,minted,t1keyd75eld8bvhtjn9r2sqxsomd4uksy3q,1,t1keyd75eld8bvhtjn9r2sqxsomd4uksy3q,-
8054,minted,t1lakakmmjky8le5cmznkgdvcvvtnrkac8a,1,t1lakakmmjky8le5cmznkgdvcvvtnrkac8a,-
8055,minted,t1rnjbkm81ui7zsy2z2udyi7bil5xvjspvh,1,t1rnjbkm81ui7zsy2z2udyi7bil5xvjspvh,-
8056,minted,t1d9wxcsbbkyk74mtaak9qs1gaunuqdtrny,1,t1d9wxcsbbkyk74mtaak9qs1gaunuqdtrny,-
8058,minted,t1c3ko29zefpjjtwe5bqs44hkfzmmshqzj2,1,t1c3ko29zefpjjtwe5bqs44hkfzmmshqzj2,-
8059,minted,t1ry1amqjxbasfn4g54vejjhgfwhqyau6kq,1,t1ry1amqjxbasfn4g54vejjhgfwhqyau6kq,-
8060,minted,t1lzi24jydjzsfib29wpm2jvp83kwlnkcrb,1,t1lzi24jydjzsfib29wpm2jvp83kwlnkcrb,-
8061,minted,t1aphfzzmcujqhuenxl5odscmyv97ti5dwv,1,t1aphfzzmcujqhuenxl5odscmyv97ti5dwv,-
8064,minted,t1d1phzjprbfb6l3z7bpobkqdzjlavru3zb,1,t1d1phzjprbfb6l3z7bpobkqdzjlavru3zb,-
8069,minted,t1ceuykreawgbzptq5b4crcjswqgk3iwcvu,1,t1ceuykreawgbzptq5b4crcjswqgk3iwcvu,-
8070,minted,t1wjymzb8eklefe8jcxdxijvxwrbxybmig5,1,t1wjymzb8eklefe8jcxdxijvxwrbxybmig5,-
8071,minted,t1e8ngofffiypiaep6pvacscj6g3y1ircr8,1,t1e8ngofffiypiaep6pvacscj6g3y1ircr8,-
8072,minted,t1c3ko29zefpjjtwe5bqs44hkfzmmshqzj2,1,t1c3ko29zefpjjtwe5bqs44hkfzmmshqzj2,-
8073,minted,t1k1k3lvujfthpw1rx5gye1wt1w3nfffkuz,1,t1k1k3lvujfthpw1rx5gye1wt1w3nfffkuz,-
8074,minted,t1lzi24jydjzsfib29wpm2jvp83kwlnkcrb,1,t1lzi24jydjzsfib29wpm2jvp83kwlnkcrb,-
8076,minted,t1ktzbkl1xvd9ddw3zpvjmwzwdkd4nsdfs1,1,t1ktzbkl1xvd9ddw3zpvjmwzwdkd4nsdfs1,-
8081,minted,t1ykuy6z2glmjaashy5n38v1oglewysbcnz,1,t1ykuy6z2glmjaashy5n38v1oglewysbcnz,-
8082,minted,t1d7guc3dpm6udkueebf5lxbazbetnavxv3,1,t1d7guc3dpm6udkueebf5lxbazbetnavxv3,-
8084,minted,t1qbjuqt1hbqzrjjz9u4532oitwefqemvtp,1,t1qbjuqt1hbqzrjjz9u4532oitwefqemvtp,-
8085,minted,t1qunysptkw1jvmv2abfvljustmikybvfiy,1,t1qunysptkw1jvmv2abfvljustmikybvfiy,-
8087,minted,t1k1k3lvujfthpw1rx5gye1wt1w3nfffkuz,1,t1k1k3lvujfthpw1rx5gye1wt1w3nfffkuz,-
8088,minted,t1vimk2cvlaf4yf1cpkyw9zw2vqglla6pw9,1,t1vimk2cvlaf4yf1cpkyw9zw2vqglla6pw9,-
8089,minted,t1zuffvd1tk6pux9r8zbojyoajsmip5awra,1,t1zuffvd1tk6pux9r8zbojyoajsmip5awra,-
8090,minted,t1px7hlrau7co9lk3k81jcrntnilhrwgoxj,1,t1px7hlrau7co9lk3k81jcrntnilhrwgoxj,-
8091,minted,t1mh8fytskubkcsbwy9r79xf6jgnchjyz4m,1,t1mh8fytskubkcsbwy9r79xf6jgnchjyz4m,-
8092,minted,t1xkb2xu5cytyrh46mgtxqe9rbuvcwmdxbw,1,t1xkb2xu5cytyrh46mgtxqe9rbuvcwmdxbw,-
8093,minted,t1wdk8ftmqhutjtpqoftehpxunlkfuvyspm,1,t1wdk8ftmqhutjtpqoftehpxunlkfuvyspm,-
8095,minted,t1k6zlqemuuuh7y2tzmnybqtkztmzt4kz5z,1,t1k6zlqemuuuh7y2tzmnybqtkztmzt4kz5z,-
8097,minted,t1tm4ukzttclqbius6oqzhbb5wla9soo3ii,1,t1tm4ukzttclqbius6oqzhbb5wla9soo3ii,-
8100,minted,t1zpzocw6bnvu4bekcg29cokyno37dmuuck,1,t1zpzocw6bnvu4bekcg29cokyno37dmuuck,-
8101,minted,t1rhnurdntdcr2fddzya8eskfswtfpkwutf,1,t1rhnurdntdcr2fddzya8eskfswtfpkwutf,-
8102,minted,t1neyegc8iskf9j5jpaaax6f2gvphtcft7s,1,t1neyegc8iskf9j5jpaaax6f2gvphtcft7s,-
8103,minted,t1d1phzjprbfb6l3z7bpobkqdzjlavru3zb,1,t1d1phzjprbfb6l3z7bpobkqdzjlavru3zb,-
8104,minted,t1d1phzjprbfb6l3z7bpobkqdzjlavru3zb,1,t1d1phzjprbfb6l3z7bpobkqdzjlavru3zb,-
8105,minted,t1jdsfjfc6ydm63jvp9jtmykdxyyxrrtqek,1,t1jdsfjfc6ydm63jvp9jtmykdxyyxrrtqek,-
8106,minted,t1xkb2xu5cytyrh46mgtxqe9rbuvcwmdxbw,1,t1xkb2xu5cytyrh46mgtxqe9rbuvcwmdxbw,-
8110,minted,t1lckeea2rgmgawzafrvsyj5fnsbvejxujp,1,t1lckeea2rgmgawzafrvsyj5fnsbvejxujp,-
8111,minted,t1n2xu9lwtm2ht86utphhhi1umgppn6lfw5,1,t1n2xu9lwtm2ht86utphhhi1umgppn6lfw5,-
8112,minted,t1n9vkjsqqpvji45dbmsyqbf3oms6efzbav,1,t1n9vkjsqqpvji45dbmsyqbf3oms6efzbav,-
8116,minted,t1d7guc3dpm6udkueebf5lxbazbetnavxv3,1,t1d7guc3dpm6udkueebf5lxbazbetnavxv3,-
8117,minted,t1fygwxb9m6az4j3jftu52yeg2btdajqw5j,1,t1fygwxb9m6az4j3jftu52yeg2btdajqw5j,-
8121,minted,t1s7eadhhq5jufr1tkzgphgucbyjtja8ee1,1,t1s7eadhhq5jufr1tkzgphgucbyjtja8ee1,-
8122,minted,t1wjymzb8eklefe8jcxdxijvxwrbxybmig5,1,t1wjymzb8eklefe8jcxdxijvxwrbxybmig5,-
8123,minted,t1zuffvd1tk6pux9r8zbojyoajsmip5awra,1,t1zuffvd1tk6pux9r8zbojyoajsmip5awra,-
8124,minted,t1xkb2xu5cytyrh46mgtxqe9rbuvcwmdxbw,1,t1xkb2xu5cytyrh46mgtxqe9rbuvcwmdxbw,-
8126,minted,t1neyegc8iskf9j5jpaaax6f2gvphtcft7s,1,t1neyegc8iskf9j5jpaaax6f2gvphtcft7s,-
8127,minted,t1geadqaiqyvgaoog8vhocum1sq6scajdbe,1,t1geadqaiqyvgaoog8vhocum1sq6scajdbe,-
8128,minted,t1wdk8ftmqhutjtpqoftehpxunlkfuvyspm,1,t1wdk8ftmqhutjtpqoftehpxunlkfuvyspm,-
8129,minted,t1wmvgymhcviohvrozfxtkvmemy5bmuintt,1,t1wmvgymhcviohvrozfxtkvmemy5bmuintt,-
8131,minted,t1dfjru8b7hjg8t7zxhdcuctfffw7b71alt,1,t1dfjru8b7hjg8t7zxhdcuctfffw7b71alt,-
8132,minted,t1xszkmqptzube3nardgsxf4pdcctb5lac2,1,t1xszkmqptzube3nardgsxf4pdcctb5lac2,-
8133,minted,t1rmhswkzucw9ub1owuggjwv6lbrvbfxczv,1,t1rmhswkzucw9ub1owuggjwv6lbrvbfxczv,-
8134,minted,t1vnqzdvmveogfsmvu2hqbadttvlfre5fcr,1,t1vnqzdvmveogfsmvu2hqbadttvlfre5fcr,-
8135,minted,t1vf4k61qeseulhxpzkjch3nb3q1vw6fvx9,1,t1vf4k61qeseulhxpzkjch3nb3q1vw6fvx9,-
8136,minted,t1tm4ukzttclqbius6oqzhbb5wla9soo3ii,1,t1tm4ukzttclqbius6oqzhbb5wla9soo3ii,-
8138,minted,t1rjxectx3e63ydhaerxyynqck71mp117ty,1,t1rjxectx3e63ydhaerxyynqck71mp117ty,-
8140,minted,t1geadqaiqyvgaoog8vhocum1sq6scajdbe,1,t1geadqaiqyvgaoog8vhocum1sq6scajdbe,-
8141,minted,t1sjbaodtmts94hhndm1g6gsxs9r56r3fmi,1,t1sjbaodtmts94hhndm1g6gsxs9r56r3fmi,-
8143,minted,t1sqqn7d3fhvj1adwgfip6ebxtqjcngrwff,1,t1sqqn7d3fhvj1adwgfip6ebxtqjcngrwff,-
8144,minted,t1utwwsaslf2xhdaec4hnfbewky6k9e6yqi,1,t1utwwsaslf2xhdaec4hnfbewky6k9e6yqi,-
8146,minted,t1xkb2xu5cytyrh46mgtxqe9rbuvcwmdxbw,1,t1xkb2xu5cytyrh46mgtxqe9rbuvcwmdxbw,-
8150,minted,t1sl65eqxvgabrlsxfdtthepd4tjrvyneab,1,t1sl65eqxvgabrlsxfdtthepd4tjrvyneab,-
8153,minted,t1psnfhk4ildwruk9t5s955rcsdypgkzlch,1,t1psnfhk4ildwruk9t5s955rcsdypgkzlch,-
8154,minted,t1gfxpmbrdeohuwrzcrms99tghjuw7fufyu,1,t1gfxpmbrdeohuwrzcrms99tghjuw7fufyu,-
8156,minted,t1g797iuz3hzgkyxzuxjlukm7a8juqndwnv,1,t1g797iuz3hzgkyxzuxjlukm7a8juqndwnv,-
8159,minted,t1tk5exioia8at4ohgcguhdesvivbdmjfj5,1,t1tk5exioia8at4ohgcguhdesvivbdmjfj5,-
8160,minted,t1px7hlrau7co9lk3k81jcrntnilhrwgoxj,1,t1px7hlrau7co9lk3k81jcrntnilhrwgoxj,-
8161,minted,t1fygwxb9m6az4j3jftu52yeg2btdajqw5j,1,t1fygwxb9m6az4j3jftu52yeg2btdajqw5j,-
8162,minted,t1sjbaodtmts94hhndm1g6gsxs9r56r3fmi,1,t1sjbaodtmts94hhndm1g6gsxs9r56r3fmi,-
8164,minted,t1xyrfax3c7zbwfxmqcfsqxbmtngrnjhygh,1,t1xyrfax3c7zbwfxmqcfsqxbmtngrnjhygh,-
8165,minted,t1d1phzjprbfb6l3z7bpobkqdzjlavru3zb,1,t1d1phzjprbfb6l3z7bpobkqdzjlavru3zb,-
8167,minted,t1wsohyjrazyhjmzfvbxtrbwh1fo9iypbqx,1,t1wsohyjrazyhjmzfvbxtrbwh1fo9iypbqx,-
8168,minted,t1vu8wavcg1xe8qhdyowsmv2s9i63htj9sy,1,t1vu8wavcg1xe8qhdyowsmv2s9i63htj9sy,-
8169,minted,t1jdsfjfc6ydm63jvp9jtmykdxyyxrrtqek,1,t1jdsfjfc6ydm63jvp9jtmykdxyyxrrtqek,-
8170,minted,t1qunysptkw1jvmv2abfvljustmikybvfiy,1,t1qunysptkw1jvmv2abfvljustmikybvfiy,-
8172,minted,t1qpeclgkhmw4xgk2v6kaixumhjf5pehox1,1,t1qpeclgkhmw4xgk2v6kaixumhjf5pehox1,-
8173,minted,t1xhfqj7mpkskx4zd7xnhulq6g78c8sz4k5,1,t1xhfqj7mpkskx4zd7xnhulq6g78c8sz4k5,-
8174,minted,t1keyd75eld8bvhtjn9r2sqxsomd4uksy3q,1,t1keyd75eld8bvhtjn9r2sqxsomd4uksy3q,-
8175,minted,t1sn6q8wbuc1a2s7tjdbjzcqcti8uqutseq,1,t1sn6q8wbuc1a2s7tjdbjzcqcti8uqutseq,-
8177,minted,t1zvfc8q8ritdcmiyfuo4k1sytbf7fgtggs,1,t1zvfc8q8ritdcmiyfuo4k1sytbf7fgtggs,-
8178,minted,t1k6yc47blup7xpfvsassvk9xa4b2zd2yxq,1,t1k6yc47blup7xpfvsassvk9xa4b2zd2yxq,-
8180,minted,t1jcrlwwbsdkoj516dbtutc3ieofszgt8b6,1,t1jcrlwwbsdkoj516dbtutc3ieofszgt8b6,-
8181,minted,t1plzelr9uehatsdzm1kb57wz8bnd9p1hdl,1,t1plzelr9uehatsdzm1kb57wz8bnd9p1hdl,-
8185,minted,t1sg7teea9tkjymwsffeq3aqyczdvpknsny,1,t1sg7teea9tkjymwsffeq3aqyczdvpknsny,-
8187,minted,t1fcmnktgqtxnnsq9llfxityrj12uteieuk,1,t1fcmnktgqtxnnsq9llfxityrj12uteieuk,-
8188,minted,t1relemkcagbfnehud1r1jsu9dhpqwybapn,1,t1relemkcagbfnehud1r1jsu9dhpqwybapn,-
8190,minted,t1aphfzzmcujqhuenxl5odscmyv97ti5dwv,1,t1aphfzzmcujqhuenxl5odscmyv97ti5dwv,-
8191,minted,t1wwe8mf17ryho7niz6wlhriaxac5f8qymi,1,t1wwe8mf17ryho7niz6wlhriaxac5f8qymi,-
8192,minted,t1lz7kt1duyahmqzcuxp8jvrcvy1ps6so6e,1,t1lz7kt1duyahmqzcuxp8jvrcvy1ps6so6e,-
8193,minted,t1tm4ckf29ikxbctrub9f2udckawtb5aiyz,1,t1tm4ckf29ikxbctrub9f2udckawtb5aiyz,-
8195,minted,t1wdk8ftmqhutjtpqoftehpxunlkfuvyspm,1,t1wdk8ftmqhutjtpqoftehpxunlkfuvyspm,-
8196,minted,t1pcjiaepled7najcti7vxpgjjzhji5m3fg,1,t1pcjiaepled7najcti7vxpgjjzhji5m3fg,-
8200,minted,t1n9vkjsqqpvji45dbmsyqbf3oms6efzbav,1,t1n9vkjsqqpvji45dbmsyqbf3oms6efzbav,-
8201,minted,t1sjbaodtmts94hhndm1g6gsxs9r56r3fmi,1,t1sjbaodtmts94hhndm1g6gsxs9r56r3fmi,-
8202,minted,t1zvfc8q8ritdcmiyfuo4k1sytbf7fgtggs,1,t1zvfc8q8ritdcmiyfuo4k1sytbf7fgtggs,-
8204,minted,t1kcuw1npvr56on7dbzkddjob41akjlwe2h,1,t1kcuw1npvr56on7dbzkddjob41akjlwe2h,-
8205,minted,t1keyd75eld8bvhtjn9r2sqxsomd4uksy3q,1,t1keyd75eld8bvhtjn9r2sqxsomd4uksy3q,-
8206,minted,t1ugnmmfgvei3prgchynzyhugd5qysjpdcd,1,t1ugnmmfgvei3prgchynzyhugd5qysjpdcd,-
8207,minted,t1lckeea2rgmgawzafrvsyj5fnsbvejxujp,1,t1lckeea2rgmgawzafrvsyj5fnsbvejxujp,-
8212,minted,t1rbb2dc8ytb7ceuwjr3vuspcmdr5k2epnb,1,t1rbb2dc8ytb7ceuwjr3vuspcmdr5k2epnb,-
8213,minted,t1cufblk8osimwlfkpnt815kcsllnjqetwk,1,t1cufblk8osimwlfkpnt815kcsllnjqetwk,-
8215,minted,t1plzelr9uehatsdzm1kb57wz8bnd9p1hdl,1,t1plzelr9uehatsdzm1kb57wz8bnd9p1hdl,-
8216,minted,t1k6zlqemuuuh7y2tzmnybqtkztmzt4kz5z,1,t1k6zlqemuuuh7y2tzmnybqtkztmzt4kz5z,-
8218,minted,t1roxdrmb2qgdvzwejbtpl7assozek7uhnb,1,t1roxdrmb2qgdvzwejbtpl7assozek7uhnb,-
8219,minted,t1ackjtwvbsfgafminnbmneegdypv9g3gca,1,t1ackjtwvbsfgafminnbmneegdypv9g3gca,-
8220,minted,t1rgw6g813bmzoyvyd37iaewney6hditzvq,1,t1rgw6g813bmzoyvyd37iaewney6hditzvq,-
8221,minted,t1kdc4eo3wd5tid6pledtetlckl7ngo9zze,1,t1kdc4eo3wd5tid6pledtetlckl7ngo9zze,-
8225,minted,t1m8t2byct6rxcsdsjjirbv3ixip4sxx7hz,1,t1m8t2byct6rxcsdsjjirbv3ixip4sxx7hz,-
8226,minted,t1uwhgycnxruf62kfea3wefuetqlahxttqv,1,t1uwhgycnxruf62kfea3wefuetqlahxttqv,-
8227,minted,t1nmcjpeuqab3ghpbqpfzg7xypw3th4krnp,1,t1nmcjpeuqab3ghpbqpfzg7xypw3th4krnp,-
8229,minted,t1dmol5cxocwndah9cyqydl3ntxv3kh4ysd,1,t1dmol5cxocwndah9cyqydl3ntxv3kh4ysd,-
8230,minted,t1cmaavjvkvscj1adavejjh5ndq9zgzj7yq,1,t1cmaavjvkvscj1adavejjh5ndq9zgzj7yq,-
8232,minted,t1ygtbn96tjbjxvszhbzbt6wcuy3nqp1xfc,1,t1ygtbn96tjbjxvszhbzbt6wcuy3nqp1xfc,-
8234,minted,t1harykyjfctqhcswkwobfnqydrtpybcusz,1,t1harykyjfctqhcswkwobfnqydrtpybcusz,-
8239,minted,t1tuhpqkrnvjpjkj3yaenccecenarccfwgv,1,t1tuhpqkrnvjpjkj3yaenccecenarccfwgv,-
8240,minted,t1b1z3bebcxfyggqlyrwzq1sthvxyskbubo,1,t1b1z3bebcxfyggqlyrwzq1sthvxyskbubo,-
8243,minted,t1qpeclgkhmw4xgk2v6kaixumhjf5pehox1,1,t1qpeclgkhmw4xgk2v6kaixumhjf5pehox1,-
8244,minted,t1uwhgycnxruf62kfea3wefuetqlahxttqv,1,t1uwhgycnxruf62kfea3wefuetqlahxttqv,-
8245,minted,t1rhnurdntdcr2fddzya8eskfswtfpkwutf,1,t1rhnurdntdcr2fddzya8eskfswtfpkwutf,-
8246,minted,t1bqz7lcv5ca65pcubguiqdjfy4qhsvzbzz,1,t1bqz7lcv5ca65pcubguiqdjfy4qhsvzbzz,-
8247,minted,t1sqqn7d3fhvj1adwgfip6ebxtqjcngrwff,1,t1sqqn7d3fhvj1adwgfip6ebxtqjcngrwff,-
8250,minted,t1vnqzdvmveogfsmvu2hqbadttvlfre5fcr,1,t1vnqzdvmveogfsmvu2hqbadttvlfre5fcr,-
8251,minted,t1fcmnktgqtxnnsq9llfxityrj12uteieuk,1,t1fcmnktgqtxnnsq9llfxityrj12uteieuk,-
8252,minted,t1feeekduec8liqgczgjjrdeg8hegncfduw,1,t1feeekduec8liqgczgjjrdeg8hegncfduw,-
8255,minted,t1roxdrmb2qgdvzwejbtpl7assozek7uhnb,1,t1roxdrmb2qgdvzwejbtpl7assozek7uhnb,-
8257,failed,t1b4xybydvhinc2qasg9zgtdrqmxqyb6ax7,1,-,-
8258,minted,t1qyfewbckpqy1q8ck5f5g2yv69urgdtdab,1,t1qyfewbckpqy1q8ck5f5g2yv69urgdtdab,-
8261,minted,t1k1k3lvujfthpw1rx5gye1wt1w3nfffkuz,1,t1k1k3lvujfthpw1rx5gye1wt1w3nfffkuz,-
8266,minted,t1k6zlqemuuuh7y2tzmnybqtkztmzt4kz5z,1,t1k6zlqemuuuh7y2tzmnybqtkztmzt4kz5z,-
8267,minted,t1uijcpndrzgcmqlg67y8ld8xailbijq9ku,1,t1uijcpndrzgcmqlg67y8ld8xailbijq9ku,-
8271,minted,t1fym6ponzmhqgj1azpaimmy1wzligfzdwt,1,t1fym6ponzmhqgj1azpaimmy1wzligfzdwt,-
8275,minted,t1yvnhrmuhezqczspzi71yd8xk4xfywy5vg,1,t1yvnhrmuhezqczspzi71yd8xk4xfywy5vg,-
8276,minted,t1dfjru8b7hjg8t7zxhdcuctfffw7b71alt,1,t1dfjru8b7hjg8t7zxhdcuctfffw7b71alt,-
8279,minted,t1fym6ponzmhqgj1azpaimmy1wzligfzdwt,1,t1fym6ponzmhqgj1azpaimmy1wzligfzdwt,-
8280,minted,t1b4xybydvhinc2qasg9zgtdrqmxqyb6ax7,1,t1b4xybydvhinc2qasg9zgtdrqmxqyb6ax7,-
8281,minted,t1mhq2en1mz5gges8ywfszckbkms2fgq65h,1,t1mhq2en1mz5gges8ywfszckbkms2fgq65h,-
8285,minted,t1rgw6g813bmzoyvyd37iaewney6hditzvq,1,t1rgw6g813bmzoyvyd37iaewney6hditzvq,-
8286,minted,t1keyd75eld8bvhtjn9r2sqxsomd4uksy3q,1,t1keyd75eld8bvhtjn9r2sqxsomd4uksy3q,-
8287,minted,t1egohrhbvkcebhmzf9xvxfy86njvkjkssa,1,t1egohrhbvkcebhmzf9xvxfy86njvkjkssa,-
8288,minted,t1bzl1asatjjcpee5t3hsqdmpvhw39rmzan,1,t1bzl1asatjjcpee5t3hsqdmpvhw39rmzan,-
8289,minted,t1fh3uhheogqg7ztvzx5dkqjayxutgz3p5q,1,t1fh3uhheogqg7ztvzx5dkqjayxutgz3p5q,-
8290,minted,t1vxzayz2wtcgluk2rrlctxr5ivjzzfmluy,1,t1vxzayz2wtcgluk2rrlctxr5ivjzzfmluy,-
8296,minted,t1uwhgycnxruf62kfea3wefuetqlahxttqv,1,t1uwhgycnxruf62kfea3wefuetqlahxttqv,-
8297,minted,t1wwb3v2wgvmgx7t3mnyrqjh59the9fxwq4,1,t1wwb3v2wgvmgx7t3mnyrqjh59the9fxwq4,-
8298,minted,t1zybnnvwk71nxwnwh56brslsjsedo1utre,1,t1zybnnvwk71nxwnwh56brslsjsedo1utre,-
8299,minted,t1c9zdg3amocc9xwk4s522bp5c9ye5x4d6p,1,t1c9zdg3amocc9xwk4s522bp5c9ye5x4d6p,-
8300,minted,t1xzzv9apfaq5ypoekiegwcq2tuf4vr1g2a,1,t1xzzv9apfaq5ypoekiegwcq2tuf4vr1g2a,-
8301,minted,t1sjbaodtmts94hhndm1g6gsxs9r56r3fmi,1,t1sjbaodtmts94hhndm1g6gsxs9r56r3fmi,-
8302,minted,t1px7hlrau7co9lk3k81jcrntnilhrwgoxj,1,t1px7hlrau7co9lk3k81jcrntnilhrwgoxj,-
8303,minted,t1rnjbkm81ui7zsy2z2udyi7bil5xvjspvh,1,t1rnjbkm81ui7zsy2z2udyi7bil5xvjspvh,-
8307,minted,t1gubfunujh7opq9ax1wohmpvsuv5p7hzab,1,t1gubfunujh7opq9ax1wohmpvsuv5p7hzab,-
8308,minted,t1phbzxzsn1drjjezf6wmsujgxayy9h5daz,1,t1phbzxzsn1drjjezf6wmsujgxayy9h5daz,-
8309,minted,t1ad5mp7aux3fxfv5hwtjfeiihcdtb71smg,1,t1ad5mp7aux3fxfv5hwtjfeiihcdtb71smg,-
8310,minted,t1keyd75eld8bvhtjn9r2sqxsomd4uksy3q,1,t1keyd75eld8bvhtjn9r2sqxsomd4uksy3q,-
8313,minted,t1brl5gccrfyg9xmcwdlsyv4xfluucssvym,1,t1brl5gccrfyg9xmcwdlsyv4xfluucssvym,-
8318,minted,t1xkb2xu5cytyrh46mgtxqe9rbuvcwmdxbw,1,t1xkb2xu5cytyrh46mgtxqe9rbuvcwmdxbw,-
8323,minted,t1ra5rzwpgv2h197mszzuczzh3sqdq7yssl,1,t1ra5rzwpgv2h197mszzuczzh3sqdq7yssl,-
8324,minted,t1ad5mp7aux3fxfv5hwtjfeiihcdtb71smg,1,t1ad5mp7aux3fxfv5hwtjfeiihcdtb71smg,-
8326,minted,t1vlqp3zm55bd1ltecwhwyceev4gtkgfhyh,1,t1vlqp3zm55bd1ltecwhwyceev4gtkgfhyh,-
8327,minted,t1s7eadhhq5jufr1tkzgphgucbyjtja8ee1,1,t1s7eadhhq5jufr1tkzgphgucbyjtja8ee1,-
8328,minted,t1g797iuz3hzgkyxzuxjlukm7a8juqndwnv,1,t1g797iuz3hzgkyxzuxjlukm7a8juqndwnv,-
8329,minted,t1gfxpmbrdeohuwrzcrms99tghjuw7fufyu,1,t1gfxpmbrdeohuwrzcrms99tghjuw7fufyu,-
8332,minted,t1sjbaodtmts94hhndm1g6gsxs9r56r3fmi,1,t1sjbaodtmts94hhndm1g6gsxs9r56r3fmi,-
8333,minted,t1px7hlrau7co9lk3k81jcrntnilhrwgoxj,1,t1px7hlrau7co9lk3k81jcrntnilhrwgoxj,-
8335,minted,t1uwhgycnxruf62kfea3wefuetqlahxttqv,1,t1uwhgycnxruf62kfea3wefuetqlahxttqv,-
8336,minted,t1x8y4rmom1vwjsnddyczrx9aphsx9mdo3k,1,t1x8y4rmom1vwjsnddyczrx9aphsx9mdo3k,-
8337,minted,t1ahn537hrtes9qlcbhlq7rcztkukqh9nsz,1,t1ahn537hrtes9qlcbhlq7rcztkukqh9nsz,-
8339,minted,t1qz52qxsvz7coou2jjbkhuqhagui85j8sx,1,t1qz52qxsvz7coou2jjbkhuqhagui85j8sx,-
8340,minted,t1ahn537hrtes9qlcbhlq7rcztkukqh9nsz,1,t1ahn537hrtes9qlcbhlq7rcztkukqh9nsz,-
8343,minted,t1dxhdbxbic87ktuvucaxyug62g2binylpj,1,t1dxhdbxbic87ktuvucaxyug62g2binylpj,-
8347,minted,t1a6nwf5tjdprzfwhaduw1brvoybqbnquso,1,t1a6nwf5tjdprzfwhaduw1brvoybqbnquso,-
8350,minted,t1geadqaiqyvgaoog8vhocum1sq6scajdbe,1,t1geadqaiqyvgaoog8vhocum1sq6scajdbe,-
8352,minted,t1k1k3lvujfthpw1rx5gye1wt1w3nfffkuz,1,t1k1k3lvujfthpw1rx5gye1wt1w3nfffkuz,-
8354,minted,t1ra5rzwpgv2h197mszzuczzh3sqdq7yssl,1,t1ra5rzwpgv2h197mszzuczzh3sqdq7yssl,-
8355,minted,t1rnjbkm81ui7zsy2z2udyi7bil5xvjspvh,1,t1rnjbkm81ui7zsy2z2udyi7bil5xvjspvh,-
8358,minted,t1ezmafcocld3avqj6clnp9ecyjeey3bbgn,1,t1ezmafcocld3avqj6clnp9ecyjeey3bbgn,-
8360,minted,t1nveuzt6vcr9tm2p2xd1gxdbnwyo6rrd39,1,t1nveuzt6vcr9tm2p2xd1gxdbnwyo6rrd39,-
8362,minted,t1kcuw1npvr56on7dbzkddjob41akjlwe2h,1,t1kcuw1npvr56on7dbzkddjob41akjlwe2h,-
8365,minted,t1dfjru8b7hjg8t7zxhdcuctfffw7b71alt,1,t1dfjru8b7hjg8t7zxhdcuctfffw7b71alt,-
8366,minted,t1qupqtxglgncbo4msuegxdvjmbyunvptdb,1,t1qupqtxglgncbo4msuegxdvjmbyunvptdb,-
8367,minted,t1plzelr9uehatsdzm1kb57wz8bnd9p1hdl,1,t1plzelr9uehatsdzm1kb57wz8bnd9p1hdl,-
8368,minted,t1mh8fytskubkcsbwy9r79xf6jgnchjyz4m,1,t1mh8fytskubkcsbwy9r79xf6jgnchjyz4m,-
8369,minted,t1wdk8ftmqhutjtpqoftehpxunlkfuvyspm,1,t1wdk8ftmqhutjtpqoftehpxunlkfuvyspm,-
8370,minted,t1aphfzzmcujqhuenxl5odscmyv97ti5dwv,1,t1aphfzzmcujqhuenxl5odscmyv97ti5dwv,-
8371,minted,t1lz7kt1duyahmqzcuxp8jvrcvy1ps6so6e,1,t1lz7kt1duyahmqzcuxp8jvrcvy1ps6so6e,-
8372,minted,t1geadqaiqyvgaoog8vhocum1sq6scajdbe,1,t1geadqaiqyvgaoog8vhocum1sq6scajdbe,-
8373,minted,t1ackjtwvbsfgafminnbmneegdypv9g3gca,1,t1ackjtwvbsfgafminnbmneegdypv9g3gca,-
8374,minted,t1rgw6g813bmzoyvyd37iaewney6hditzvq,1,t1rgw6g813bmzoyvyd37iaewney6hditzvq,-
8375,minted,t1px7hlrau7co9lk3k81jcrntnilhrwgoxj,1,t1px7hlrau7co9lk3k81jcrntnilhrwgoxj,-
8376,minted,t1mtavq1npudpebkzr8zi77fv6hdw874cm9,1,t1mtavq1npudpebkzr8zi77fv6hdw874cm9,-
8378,minted,t1uijcpndrzgcmqlg67y8ld8xailbijq9ku,1,t1uijcpndrzgcmqlg67y8ld8xailbijq9ku,-
8379,minted,t1nveuzt6vcr9tm2p2xd1gxdbnwyo6rrd39,1,t1nveuzt6vcr9tm2p2xd1gxdbnwyo6rrd39,-
8380,minted,t1nmcjpeuqab3ghpbqpfzg7xypw3th4krnp,1,t1nmcjpeuqab3ghpbqpfzg7xypw3th4krnp,-
8382,minted,t1k1k3lvujfthpw1rx5gye1wt1w3nfffkuz,1,t1k1k3lvujfthpw1rx5gye1wt1w3nfffkuz,-
8383,minted,t1k1k3lvujfthpw1rx5gye1wt1w3nfffkuz,1,t1k1k3lvujfthpw1rx5gye1wt1w3nfffkuz,-
8385,minted,t1zvfc8q8ritdcmiyfuo4k1sytbf7fgtggs,1,t1zvfc8q8ritdcmiyfuo4k1sytbf7fgtggs,-
8386,minted,t1p9jplm6rkwlnnfe4b2ruvfngsqj38cmrz,1,t1p9jplm6rkwlnnfe4b2ruvfngsqj38cmrz,-
8387,minted,t1tm3cakrhdvy2bdakoqgtkyea4qed9qda8,1,t1tm3cakrhdvy2bdakoqgtkyea4qed9qda8,-
8389,minted,t1egohrhbvkcebhmzf9xvxfy86njvkjkssa,1,t1egohrhbvkcebhmzf9xvxfy86njvkjkssa,-
8390,minted,t1uijcpndrzgcmqlg67y8ld8xailbijq9ku,1,t1uijcpndrzgcmqlg67y8ld8xailbijq9ku,-
8391,minted,t1qupqtxglgncbo4msuegxdvjmbyunvptdb,1,t1qupqtxglgncbo4msuegxdvjmbyunvptdb,-
8392,minted,t1k1k3lvujfthpw1rx5gye1wt1w3nfffkuz,1,t1k1k3lvujfthpw1rx5gye1wt1w3nfffkuz,-
8394,minted,t1b4xybydvhinc2qasg9zgtdrqmxqyb6ax7,1,t1b4xybydvhinc2qasg9zgtdrqmxqyb6ax7,-
8395,minted,t1cl1qdwnrt331wmrgd3kd1g7r1ej3jrdcn,1,t1cl1qdwnrt331wmrgd3kd1g7r1ej3jrdcn,-
8396,minted,t1ceuykreawgbzptq5b4crcjswqgk3iwcvu,1,t1ceuykreawgbzptq5b4crcjswqgk3iwcvu,-
8398,minted,t1nmcjpeuqab3ghpbqpfzg7xypw3th4krnp,1,t1nmcjpeuqab3ghpbqpfzg7xypw3th4krnp,-
8399,minted,t1uwhgycnxruf62kfea3wefuetqlahxttqv,1,t1uwhgycnxruf62kfea3wefuetqlahxttqv,-
8400,minted,t1y6h9es3tkbe9cdahmrr6egahbim8n3zcs,1,t1y6h9es3tkbe9cdahmrr6egahbim8n3zcs,-
8402,minted,t1xfajxmlrekiixhygofvqhimeck96duzsb,1,t1xfajxmlrekiixhygofvqhimeck96duzsb,-
8403,minted,t1gubfunujh7opq9ax1wohmpvsuv5p7hzab,1,t1gubfunujh7opq9ax1wohmpvsuv5p7hzab,-
8405,minted,t1n9vkjsqqpvji45dbmsyqbf3oms6efzbav,1,t1n9vkjsqqpvji45dbmsyqbf3oms6efzbav,-
8407,minted,t1kvxs4mz4judj4ysgquvgk1e5m5kayb8nz,1,t1kvxs4mz4judj4ysgquvgk1e5m5kayb8nz,-
8410,minted,t1gubfunujh7opq9ax1wohmpvsuv5p7hzab,1,t1gubfunujh7opq9ax1wohmpvsuv5p7hzab,-
8411,minted,t1ackjtwvbsfgafminnbmneegdypv9g3gca,1,t1ackjtwvbsfgafminnbmneegdypv9g3gca,-
8413,minted,t1ldpz7hjrtq2ungknph3lf8ihehlsmebsv,1,t1ldpz7hjrtq2ungknph3lf8ihehlsmebsv,-
8415,minted,t1nveuzt6vcr9tm2p2xd1gxdbnwyo6rrd39,1,t1nveuzt6vcr9tm2p2xd1gxdbnwyo6rrd39,-
8416,minted,t1harykyjfctqhcswkwobfnqydrtpybcusz,1,t1harykyjfctqhcswkwobfnqydrtpybcusz,-
8418,minted,t1kdc4eo3wd5tid6pledtetlckl7ngo9zze,1,t1kdc4eo3wd5tid6pledtetlckl7ngo9zze,-
8419,minted,t1px7hlrau7co9lk3k81jcrntnilhrwgoxj,1,t1px7hlrau7co9lk3k81jcrntnilhrwgoxj,-
8424,minted,t1qbjuqt1hbqzrjjz9u4532oitwefqemvtp,1,t1qbjuqt1hbqzrjjz9u4532oitwefqemvtp,-
8425,minted,t1xkb2xu5cytyrh46mgtxqe9rbuvcwmdxbw,1,t1xkb2xu5cytyrh46mgtxqe9rbuvcwmdxbw,-
8426,minted,t1nveuzt6vcr9tm2p2xd1gxdbnwyo6rrd39,1,t1nveuzt6vcr9tm2p2xd1gxdbnwyo6rrd39,-
8428,minted,t1eytcrhqquhq1kr1rzqyc1zracih7cpewl,1,t1eytcrhqquhq1kr1rzqyc1zracih7cpewl,-
8429,minted,t1wsohyjrazyhjmzfvbxtrbwh1fo9iypbqx,1,t1wsohyjrazyhjmzfvbxtrbwh1fo9iypbqx,-
8431,minted,t1dggdv9xnrzge2juzmaxew28j7e217yu3g,1,t1dggdv9xnrzge2juzmaxew28j7e217yu3g,-
8432,minted,t1fygwxb9m6az4j3jftu52yeg2btdajqw5j,1,t1fygwxb9m6az4j3jftu52yeg2btdajqw5j,-
8435,minted,t1qr45sgpxm8tmdkcpb2ntxbkacl6mqdopq,1,t1qr45sgpxm8tmdkcpb2ntxbkacl6mqdopq,-
8436,minted,t1k1k3lvujfthpw1rx5gye1wt1w3nfffkuz,1,t1k1k3lvujfthpw1rx5gye1wt1w3nfffkuz,-
8437,minted,t1zvfc8q8ritdcmiyfuo4k1sytbf7fgtggs,1,t1zvfc8q8ritdcmiyfuo4k1sytbf7fgtggs,-
8438,minted,t1ls3lszpnhsc73sva1vxdteuwkprr9xwmv,1,t1ls3lszpnhsc73sva1vxdteuwkprr9xwmv,-
8441,minted,t1alunes1f8r7ps4wmmmecqrg2jdhgcryqk,1,t1alunes1f8r7ps4wmmmecqrg2jdhgcryqk,-
8442,minted,t1qr5zva26etiovwiahfuqv2ay8d9jltdan,1,t1qr5zva26etiovwiahfuqv2ay8d9jltdan,-
8443,minted,t1sg7teea9tkjymwsffeq3aqyczdvpknsny,1,t1sg7teea9tkjymwsffeq3aqyczdvpknsny,-
8444,minted,t1lz7kt1duyahmqzcuxp8jvrcvy1ps6so6e,1,t1lz7kt1duyahmqzcuxp8jvrcvy1ps6so6e,-
8445,minted,t1zuffvd1tk6pux9r8zbojyoajsmip5awra,1,t1zuffvd1tk6pux9r8zbojyoajsmip5awra,-
8448,minted,t1vf4k61qeseulhxpzkjch3nb3q1vw6fvx9,1,t1vf4k61qeseulhxpzkjch3nb3q1vw6fvx9,-
8450,minted,t1mn1hixkseswrzwe7jbk82flewryugjtc9,1,t1mn1hixkseswrzwe7jbk82flewryugjtc9,-
8451,minted,t1xkb2xu5cytyrh46mgtxqe9rbuvcwmdxbw,1,t1xkb2xu5cytyrh46mgtxqe9rbuvcwmdxbw,-
8453,minted,t1vlqp3zm55bd1ltecwhwyceev4gtkgfhyh,1,t1vlqp3zm55bd1ltecwhwyceev4gtkgfhyh,-
8454,minted,t1c9zdg3amocc9xwk4s522bp5c9ye5x4d6p,1,t1c9zdg3amocc9xwk4s522bp5c9ye5x4d6p,-
8455,minted,t1ls3lszpnhsc73sva1vxdteuwkprr9xwmv,1,t1ls3lszpnhsc73sva1vxdteuwkprr9xwmv,-
8456,minted,t1fcmnktgqtxnnsq9llfxityrj12uteieuk,1,t1fcmnktgqtxnnsq9llfxityrj12uteieuk,-
8459,minted,t1j6cf6hxanfe3cpv6silkosgyrxwvb4po1,1,t1j6cf6hxanfe3cpv6silkosgyrxwvb4po1,-
8460,minted,t1fh3uhheogqg7ztvzx5dkqjayxutgz3p5q,1,t1fh3uhheogqg7ztvzx5dkqjayxutgz3p5q,-
8462,minted,t1tm3cakrhdvy2bdakoqgtkyea4qed9qda8,1,t1tm3cakrhdvy2bdakoqgtkyea4qed9qda8,-
8464,minted,t1alunes1f8r7ps4wmmmecqrg2jdhgcryqk,1,t1alunes1f8r7ps4wmmmecqrg2jdhgcryqk,-
8466,minted,t1geadqaiqyvgaoog8vhocum1sq6scajdbe,1,t1geadqaiqyvgaoog8vhocum1sq6scajdbe,-
8468,minted,t1nfyrv6drbsn6wshd38rjz9mvtjet434ng,1,t1nfyrv6drbsn6wshd38rjz9mvtjet434ng,-
8469,minted,t1sjbaodtmts94hhndm1g6gsxs9r56r3fmi,1,t1sjbaodtmts94hhndm1g6gsxs9r56r3fmi,-
8470,minted,t1jcrlwwbsdkoj516dbtutc3ieofszgt8b6,1,t1jcrlwwbsdkoj516dbtutc3ieofszgt8b6,-
8472,minted,t1plzelr9uehatsdzm1kb57wz8bnd9p1hdl,1,t1plzelr9uehatsdzm1kb57wz8bnd9p1hdl,-
8473,minted,t1qyfewbckpqy1q8ck5f5g2yv69urgdtdab,1,t1qyfewbckpqy1q8ck5f5g2yv69urgdtdab,-
8474,minted,t1vf4k61qeseulhxpzkjch3nb3q1vw6fvx9,1,t1vf4k61qeseulhxpzkjch3nb3q1vw6fvx9,-
8475,minted,t1fcmnktgqtxnnsq9llfxityrj12uteieuk,1,t1fcmnktgqtxnnsq9llfxityrj12uteieuk,-
8476,failed,t1b4xybydvhinc2qasg9zgtdrqmxqyb6ax7,1,-,-
8477,minted,t1d1phzjprbfb6l3z7bpobkqdzjlavru3zb,1,t1d1phzjprbfb6l3z7bpobkqdzjlavru3zb,-
8478,minted,t1ackjtwvbsfgafminnbmneegdypv9g3gca,1,t1ackjtwvbsfgafminnbmneegdypv9g3gca,-
8479,minted,t1roxdrmb2qgdvzwejbtpl7assozek7uhnb,1,t1roxdrmb2qgdvzwejbtpl7assozek7uhnb,-
8486,minted,t1qpeclgkhmw4xgk2v6kaixumhjf5pehox1,1,t1qpeclgkhmw4xgk2v6kaixumhjf5pehox1,-
8487,minted,t1n2xu9lwtm2ht86utphhhi1umgppn6lfw5,1,t1n2xu9lwtm2ht86utphhhi1umgppn6lfw5,-
8489,minted,t1dmol5cxocwndah9cyqydl3ntxv3kh4ysd,1,t1dmol5cxocwndah9cyqydl3ntxv3kh4ysd,-
8490,minted,t1nveuzt6vcr9tm2p2xd1gxdbnwyo6rrd39,1,t1nveuzt6vcr9tm2p2xd1gxdbnwyo6rrd39,-
8492,minted,t1nmcjpeuqab3ghpbqpfzg7xypw3th4krnp,1,t1nmcjpeuqab3ghpbqpfzg7xypw3th4krnp,-
8493,minted,t1d7guc3dpm6udkueebf5lxbazbetnavxv3,1,t1d7guc3dpm6udkueebf5lxbazbetnavxv3,-
8495,minted,t1zvfc8q8ritdcmiyfuo4k1sytbf7fgtggs,1,t1zvfc8q8ritdcmiyfuo4k1sytbf7fgtggs,-
8496,minted,t1kqn6lrzaaqmy4vetlswnmpucd71ltoesq,1,t1kqn6lrzaaqmy4vetlswnmpucd71ltoesq,-
8500,minted,t1wdk8ftmqhutjtpqoftehpxunlkfuvyspm,1,t1wdk8ftmqhutjtpqoftehpxunlkfuvyspm,-
8503,minted,t1nveuzt6vcr9tm2p2xd1gxdbnwyo6rrd39,1,t1nveuzt6vcr9tm2p2xd1gxdbnwyo6rrd39,-
8505,minted,t1yhhkhqqqgtgr7fqa2ce1pcagqxwt5xwcy,1,t1yhhkhqqqgtgr7fqa2ce1pcagqxwt5xwcy,-
8506,minted,t1x8y4rmom1vwjsnddyczrx9aphsx9mdo3k,1,t1x8y4rmom1vwjsnddyczrx9aphsx9mdo3k,-
8507,minted,t1b4xybydvhinc2qasg9zgtdrqmxqyb6ax7,1,t1b4xybydvhinc2qasg9zgtdrqmxqyb6ax7,-
8511,minted,t1gwmsjkr1uxwsyds4czjewvm6r3vm2rq7o,1,t1gwmsjkr1uxwsyds4czjewvm6r3vm2rq7o,-
8516,minted,t1psnfhk4ildwruk9t5s955rcsdypgkzlch,1,t1psnfhk4ildwruk9t5s955rcsdypgkzlch,-
8518,minted,t1nm4oskqee2qkltjqghsfc9fgqroet3h6y,1,t1nm4oskqee2qkltjqghsfc9fgqroet3h6y,-
8520,minted,t1nveuzt6vcr9tm2p2xd1gxdbnwyo6rrd39,1,t1nveuzt6vcr9tm2p2xd1gxdbnwyo6rrd39,-
8522,minted,t1dfjru8b7hjg8t7zxhdcuctfffw7b71alt,1,t1dfjru8b7hjg8t7zxhdcuctfffw7b71alt,-
8523,minted,t1plzelr9uehatsdzm1kb57wz8bnd9p1hdl,1,t1plzelr9uehatsdzm1kb57wz8bnd9p1hdl,-
8525,minted,t1relemkcagbfnehud1r1jsu9dhpqwybapn,1,t1relemkcagbfnehud1r1jsu9dhpqwybapn,-
8530,minted,t1lakakmmjky8le5cmznkgdvcvvtnrkac8a,1,t1lakakmmjky8le5cmznkgdvcvvtnrkac8a,-
8533,minted,t1rjxectx3e63ydhaerxyynqck71mp117ty,1,t1rjxectx3e63ydhaerxyynqck71mp117ty,-
8534,minted,t1plr7emfb4ptjr3ydgkxtvvcx88vipczbg,1,t1plr7emfb4ptjr3ydgkxtvvcx88vipczbg,-
8535,minted,t1vnqzdvmveogfsmvu2hqbadttvlfre5fcr,1,t1vnqzdvmveogfsmvu2hqbadttvlfre5fcr,-
8536,minted,t1mtavq1npudpebkzr8zi77fv6hdw874cm9,1,t1mtavq1npudpebkzr8zi77fv6hdw874cm9,-
8539,minted,t1uwhgycnxruf62kfea3wefuetqlahxttqv,1,t1uwhgycnxruf62kfea3wefuetqlahxttqv,-
8540,minted,t1uwhgycnxruf62kfea3wefuetqlahxttqv,1,t1uwhgycnxruf62kfea3wefuetqlahxttqv,-
8541,minted,t1keyd75eld8bvhtjn9r2sqxsomd4uksy3q,1,t1keyd75eld8bvhtjn9r2sqxsomd4uksy3q,-
8544,minted,t1tk5exioia8at4ohgcguhdesvivbdmjfj5,1,t1tk5exioia8at4ohgcguhdesvivbdmjfj5,-
8547,minted,t1d1phzjprbfb6l3z7bpobkqdzjlavru3zb,1,t1d1phzjprbfb6l3z7bpobkqdzjlavru3zb,-
8548,minted,t1jdsfjfc6ydm63jvp9jtmykdxyyxrrtqek,1,t1jdsfjfc6ydm63jvp9jtmykdxyyxrrtqek,-
8550,minted,t1plzelr9uehatsdzm1kb57wz8bnd9p1hdl,1,t1plzelr9uehatsdzm1kb57wz8bnd9p1hdl,-
8551,minted,t1keyd75eld8bvhtjn9r2sqxsomd4uksy3q,1,t1keyd75eld8bvhtjn9r2sqxsomd4uksy3q,-
8554,minted,t1xkb2xu5cytyrh46mgtxqe9rbuvcwmdxbw,1,t1xkb2xu5cytyrh46mgtxqe9rbuvcwmdxbw,-
8556,minted,t1umuzozkqrbtaknbascznhnpqj7dxixrvq,1,t1umuzozkqrbtaknbascznhnpqj7dxixrvq,-
8558,minted,t1mh8fytskubkcsbwy9r79xf6jgnchjyz4m,1,t1mh8fytskubkcsbwy9r79xf6jgnchjyz4m,-
8560,minted,t1psnfhk4ildwruk9t5s955rcsdypgkzlch,1,t1psnfhk4ildwruk9t5s955rcsdypgkzlch,-
8562,minted,t1lz7kt1duyahmqzcuxp8jvrcvy1ps6so6e,1,t1lz7kt1duyahmqzcuxp8jvrcvy1ps6so6e,-
8564,minted,t1nveuzt6vcr9tm2p2xd1gxdbnwyo6rrd39,1,t1nveuzt6vcr9tm2p2xd1gxdbnwyo6rrd39,-
8566,minted,t1lz7kt1duyahmqzcuxp8jvrcvy1ps6so6e,1,t1lz7kt1duyahmqzcuxp8jvrcvy1ps6so6e,-
8567,minted,t1dxhdbxbic87ktuvucaxyug62g2binylpj,1,t1dxhdbxbic87ktuvucaxyug62g2binylpj,-
8568,minted,t1dvmn42ahlgqhk4eaqcg8hticmc7sdu4mn,1,t1dvmn42ahlgqhk4eaqcg8hticmc7sdu4mn,-
8569,minted,t1wdk8ftmqhutjtpqoftehpxunlkfuvyspm,1,t1wdk8ftmqhutjtpqoftehpxunlkfuvyspm,-
8570,minted,t1neyegc8iskf9j5jpaaax6f2gvphtcft7s,1,t1neyegc8iskf9j5jpaaax6f2gvphtcft7s,-
8573,minted,t1sg7teea9tkjymwsffeq3aqyczdvpknsny,1,t1sg7teea9tkjymwsffeq3aqyczdvpknsny,-
8574,minted,t1b4xybydvhinc2qasg9zgtdrqmxqyb6ax7,1,t1b4xybydvhinc2qasg9zgtdrqmxqyb6ax7,-
8577,minted,t1qunysptkw1jvmv2abfvljustmikybvfiy,1,t1qunysptkw1jvmv2abfvljustmikybvfiy,-
8578,minted,t1txxs8dib7vhs5nboltuxpjqehginxucez,1,t1txxs8dib7vhs5nboltuxpjqehginxucez,-
8580,minted,t1khhgjrucrrbn1jhnlz8ibmtok9tpidfui,1,t1khhgjrucrrbn1jhnlz8ibmtok9tpidfui,-
8584,minted,t1tm4ukzttclqbius6oqzhbb5wla9soo3ii,1,t1tm4ukzttclqbius6oqzhbb5wla9soo3ii,-
8585,minted,t1vnqzdvmveogfsmvu2hqbadttvlfre5fcr,1,t1vnqzdvmveogfsmvu2hqbadttvlfre5fcr,-
8587,minted,t1sn6q8wbuc1a2s7tjdbjzcqcti8uqutseq,1,t1sn6q8wbuc1a2s7tjdbjzcqcti8uqutseq,-
8588,minted,t1urpiavkof3253qofgncv8fwp6zaihlsua,1,t1urpiavkof3253qofgncv8fwp6zaihlsua,-
8589,minted,t1mesgayna3uxewakpuyhh464vyffvtchvv,1,t1mesgayna3uxewakpuyhh464vyffvtchvv,-
8591,minted,t1wsohyjrazyhjmzfvbxtrbwh1fo9iypbqx,1,t1wsohyjrazyhjmzfvbxtrbwh1fo9iypbqx,-
8592,minted,t1kcuw1npvr56on7dbzkddjob41akjlwe2h,1,t1kcuw1npvr56on7dbzkddjob41akjlwe2h,-
8594,minted,t1d1phzjprbfb6l3z7bpobkqdzjlavru3zb,1,t1d1phzjprbfb6l3z7bpobkqdzjlavru3zb,-
8595,minted,t1aphfzzmcujqhuenxl5odscmyv97ti5dwv,1,t1aphfzzmcujqhuenxl5odscmyv97ti5dwv,-
8596,minted,t1wxlkbsuqmtd6nzburphdhp5bfhgajllps,1,t1wxlkbsuqmtd6nzburphdhp5bfhgajllps,-
8597,minted,t1uijcpndrzgcmqlg67y8ld8xailbijq9ku,1,t1uijcpndrzgcmqlg67y8ld8xailbijq9ku,-
8600,minted,t1rnjbkm81ui7zsy2z2udyi7bil5xvjspvh,1,t1rnjbkm81ui7zsy2z2udyi7bil5xvjspvh,-
8602,minted,t1qpeclgkhmw4xgk2v6kaixumhjf5pehox1,1,t1qpeclgkhmw4xgk2v6kaixumhjf5pehox1,-
8604,minted,t1psnfhk4ildwruk9t5s955rcsdypgkzlch,1,t1psnfhk4ildwruk9t5s955rcsdypgkzlch,-
8606,minted,t1eqrq34pr3zkecprjvanrxmpdpxt32j8tv,1,t1eqrq34pr3zkecprjvanrxmpdpxt32j8tv,-
8610,minted,t1tm4ckf29ikxbctrub9f2udckawtb5aiyz,1,t1tm4ckf29ikxbctrub9f2udckawtb5aiyz,-
8611,minted,t1plzelr9uehatsdzm1kb57wz8bnd9p1hdl,1,t1plzelr9uehatsdzm1kb57wz8bnd9p1hdl,-
8612,minted,t1tm4ukzttclqbius6oqzhbb5wla9soo3ii,1,t1tm4ukzttclqbius6oqzhbb5wla9soo3ii,-
8613,minted,t1g797iuz3hzgkyxzuxjlukm7a8juqndwnv,1,t1g797iuz3hzgkyxzuxjlukm7a8juqndwnv,-
8615,minted,t1xyrfax3c7zbwfxmqcfsqxbmtngrnjhygh,1,t1xyrfax3c7zbwfxmqcfsqxbmtngrnjhygh,-
8616,minted,t1egohrhbvkcebhmzf9xvxfy86njvkjkssa,1,t1egohrhbvkcebhmzf9xvxfy86njvkjkssa,-
8618,minted,t1fcmnktgqtxnnsq9llfxityrj12uteieuk,1,t1fcmnktgqtxnnsq9llfxityrj12uteieuk,-
8619,minted,t1ub2xrhednp6xqdvpqynpkqeczlowj8z6j,1,t1ub2xrhednp6xqdvpqynpkqeczlowj8z6j,-
8620,minted,t1tm4ukzttclqbius6oqzhbb5wla9soo3ii,1,t1tm4ukzttclqbius6oqzhbb5wla9soo3ii,-
8621,minted,t1tm4ckf29ikxbctrub9f2udckawtb5aiyz,1,t1tm4ckf29ikxbctrub9f2udckawtb5aiyz,-
8625,minted,t1ugnmmfgvei3prgchynzyhugd5qysjpdcd,1,t1ugnmmfgvei3prgchynzyhugd5qysjpdcd,-
8627,minted,t1fcmnktgqtxnnsq9llfxityrj12uteieuk,1,t1fcmnktgqtxnnsq9llfxityrj12uteieuk,-
8628,minted,t1swxdgrkwwzgzchaqrn1u8n5sr6gsjtt11,1,t1swxdgrkwwzgzchaqrn1u8n5sr6gsjtt11,-
8629,minted,t1psnfhk4ildwruk9t5s955rcsdypgkzlch,1,t1psnfhk4ildwruk9t5s955rcsdypgkzlch,-
8630,minted,t1kcuw1npvr56on7dbzkddjob41akjlwe2h,1,t1kcuw1npvr56on7dbzkddjob41akjlwe2h,-
8631,minted,t1c3ko29zefpjjtwe5bqs44hkfzmmshqzj2,1,t1c3ko29zefpjjtwe5bqs44hkfzmmshqzj2,-
8632,minted,t1d1phzjprbfb6l3z7bpobkqdzjlavru3zb,1,t1d1phzjprbfb6l3z7bpobkqdzjlavru3zb,-
8635,minted,t1pwsn53ukb4e4zbf22ebcxlb7mw548bnjw,1,t1pwsn53ukb4e4zbf22ebcxlb7mw548bnjw,-
8637,minted,t1sjbaodtmts94hhndm1g6gsxs9r56r3fmi,1,t1sjbaodtmts94hhndm1g6gsxs9r56r3fmi,-
8639,minted,t1zvfc8q8ritdcmiyfuo4k1sytbf7fgtggs,1,t1zvfc8q8ritdcmiyfuo4k1sytbf7fgtggs,-
8641,minted,t1rzuxxwngrsk2wjkaaa5npsgm9x3dawtcf,1,t1rzuxxwngrsk2wjkaaa5npsgm9x3dawtcf,-
8642,minted,t1vf4k61qeseulhxpzkjch3nb3q1vw6fvx9,1,t1vf4k61qeseulhxpzkjch3nb3q1vw6fvx9,-
8643,minted,t1utwwsaslf2xhdaec4hnfbewky6k9e6yqi,1,t1utwwsaslf2xhdaec4hnfbewky6k9e6yqi,-
8644,minted,t1zvfc8q8ritdcmiyfuo4k1sytbf7fgtggs,1,t1zvfc8q8ritdcmiyfuo4k1sytbf7fgtggs,-
8646,minted,t1bqz7lcv5ca65pcubguiqdjfy4qhsvzbzz,1,t1bqz7lcv5ca65pcubguiqdjfy4qhsvzbzz,-
8647,minted,t1yezkfeppcwa16xtjkhfes91yzlcvkauvm,1,t1yezkfeppcwa16xtjkhfes91yzlcvkauvm,-
8648,minted,t1wdk8ftmqhutjtpqoftehpxunlkfuvyspm,1,t1wdk8ftmqhutjtpqoftehpxunlkfuvyspm,-
8649,minted,t1vf4k61qeseulhxpzkjch3nb3q1vw6fvx9,1,t1vf4k61qeseulhxpzkjch3nb3q1vw6fvx9,-
8650,minted,t1vxzayz2wtcgluk2rrlctxr5ivjzzfmluy,1,t1vxzayz2wtcgluk2rrlctxr5ivjzzfmluy,-
8652,minted,t1plr7emfb4ptjr3ydgkxtvvcx88vipczbg,1,t1plr7emfb4ptjr3ydgkxtvvcx88vipczbg,-
8656,minted,t1rzuxxwngrsk2wjkaaa5npsgm9x3dawtcf,1,t1rzuxxwngrsk2wjkaaa5npsgm9x3dawtcf,-
8657,minted,t1nmcjpeuqab3ghpbqpfzg7xypw3th4krnp,1,t1nmcjpeuqab3ghpbqpfzg7xypw3th4krnp,-
8658,minted,t1dfjru8b7hjg8t7zxhdcuctfffw7b71alt,1,t1dfjru8b7hjg8t7zxhdcuctfffw7b71alt,-
8659,minted,t1wdk8ftmqhutjtpqoftehpxunlkfuvyspm,1,t1wdk8ftmqhutjtpqoftehpxunlkfuvyspm,-
8660,minted,t1harykyjfctqhcswkwobfnqydrtpybcusz,1,t1harykyjfctqhcswkwobfnqydrtpybcusz,-
8661,minted,t1rmhswkzucw9ub1owuggjwv6lbrvbfxczv,1,t1rmhswkzucw9ub1owuggjwv6lbrvbfxczv,-
8663,minted,t1roxdrmb2qgdvzwejbtpl7assozek7uhnb,1,t1roxdrmb2qgdvzwejbtpl7assozek7uhnb,-
8665,minted,t1by6drmgzx8gyh4czgdh52hgll6d23pd9e,1,t1by6drmgzx8gyh4czgdh52hgll6d23pd9e,-
8667,minted,t1sv5yhhefkgqyxnf6v2dzteuwr9fth5otq,1,t1sv5yhhefkgqyxnf6v2dzteuwr9fth5otq,-
8669,minted,t1fcmnktgqtxnnsq9llfxityrj12uteieuk,1,t1fcmnktgqtxnnsq9llfxityrj12uteieuk,-
8673,minted,t1ad5mp7aux3fxfv5hwtjfeiihcdtb71smg,1,t1ad5mp7aux3fxfv5hwtjfeiihcdtb71smg,-
8676,minted,t1lz7kt1duyahmqzcuxp8jvrcvy1ps6so6e,1,t1lz7kt1duyahmqzcuxp8jvrcvy1ps6so6e,-
8677,minted,t1ad5mp7aux3fxfv5hwtjfeiihcdtb71smg,1,t1ad5mp7aux3fxfv5hwtjfeiihcdtb71smg,-
8678,minted,t1lz7kt1duyahmqzcuxp8jvrcvy1ps6so6e,1,t1lz7kt1duyahmqzcuxp8jvrcvy1ps6so6e,-
8684,minted,t1pxgcq4bsnnugrdebxgyozlvkxbdx8snoa,1,t1pxgcq4bsnnugrdebxgyozlvkxbdx8snoa,-
8685,minted,t1ceuykreawgbzptq5b4crcjswqgk3iwcvu,1,t1ceuykreawgbzptq5b4crcjswqgk3iwcvu,-
8686,minted,t1ceuykreawgbzptq5b4crcjswqgk3iwcvu,1,t1ceuykreawgbzptq5b4crcjswqgk3iwcvu,-
8687,minted,t1k1k3lvujfthpw1rx5gye1wt1w3nfffkuz,1,t1k1k3lvujfthpw1rx5gye1wt1w3nfffkuz,-
8688,minted,t1c9zdg3amocc9xwk4s522bp5c9ye5x4d6p,1,t1c9zdg3amocc9xwk4s522bp5c9ye5x4d6p,-
8689,minted,t1rgw6g813bmzoyvyd37iaewney6hditzvq,1,t1rgw6g813bmzoyvyd37iaewney6hditzvq,-
8693,minted,t1htqpkfbktjqwqdcazlfeyk2fbeejwqsxv,1,t1htqpkfbktjqwqdcazlfeyk2fbeejwqsxv,-
8695,minted,t1swxdgrkwwzgzchaqrn1u8n5sr6gsjtt11,1,t1swxdgrkwwzgzchaqrn1u8n5sr6gsjtt11,-
8696,minted,t1xhfqj7mpkskx4zd7xnhulq6g78c8sz4k5,1,t1xhfqj7mpkskx4zd7xnhulq6g78c8sz4k5,-
8697,minted,t1yvnhrmuhezqczspzi71yd8xk4xfywy5vg,1,t1yvnhrmuhezqczspzi71yd8xk4xfywy5vg,-
8699,minted,t1qunysptkw1jvmv2abfvljustmikybvfiy,1,t1qunysptkw1jvmv2abfvljustmikybvfiy,-
8700,minted,t1akqraypbyjua8kq2iduagz2fxswik7shh,1,t1akqraypbyjua8kq2iduagz2fxswik7shh,-
8701,minted,t1lckeea2rgmgawzafrvsyj5fnsbvejxujp,1,t1lckeea2rgmgawzafrvsyj5fnsbvejxujp,-
8702,minted,t1rnjbkm81ui7zsy2z2udyi7bil5xvjspvh,1,t1rnjbkm81ui7zsy2z2udyi7bil5xvjspvh,-
8705,minted,t1xgramzt5zp1cjwno2hzuyp66g3lhojpn4,1,t1xgramzt5zp1cjwno2hzuyp66g3lhojpn4,-
8706,minted,t1rgw6g813bmzoyvyd37iaewney6hditzvq,1,t1rgw6g813bmzoyvyd37iaewney6hditzvq,-
8707,minted,t1t954bo5mpnjpjqri544hnaazmwxuvgpmh,1,t1t954bo5mpnjpjqri544hnaazmwxuvgpmh,-
8708,minted,t1ppp9pu3ezkzjgu7cccmx1xsnxxxp3apas,1,t1ppp9pu3ezkzjgu7cccmx1xsnxxxp3apas,-
8710,minted,t1plzelr9uehatsdzm1kb57wz8bnd9p1hdl,1,t1plzelr9uehatsdzm1kb57wz8bnd9p1hdl,-
8711,minted,t1geadqaiqyvgaoog8vhocum1sq6scajdbe,1,t1geadqaiqyvgaoog8vhocum1sq6scajdbe,-
8713,minted,t1e2bpm8rpa4ig4anqfyqjdeghsh3ib4ybt,1,t1e2bpm8rpa4ig4anqfyqjdeghsh3ib4ybt,-
8716,minted,t1lakakmmjky8le5cmznkgdvcvvtnrkac8a,1,t1lakakmmjky8le5cmznkgdvcvvtnrkac8a,-
8719,minted,t1hd8yo89x2kkepbmtnc4sigq5uohoqpfjc,1,t1hd8yo89x2kkepbmtnc4sigq5uohoqpfjc,-
8720,minted,t1yvnhrmuhezqczspzi71yd8xk4xfywy5vg,1,t1yvnhrmuhezqczspzi71yd8xk4xfywy5vg,-
8722,minted,t1jts8xyoc3stscbtkbkpdspd3detcnfb4u,1,t1jts8xyoc3stscbtkbkpdspd3detcnfb4u,-
8723,minted,t1umuzozkqrbtaknbascznhnpqj7dxixrvq,1,t1umuzozkqrbtaknbascznhnpqj7dxixrvq,-
8724,minted,t1rjxectx3e63ydhaerxyynqck71mp117ty,1,t1rjxectx3e63ydhaerxyynqck71mp117ty,-
8726,minted,t1tk5exioia8at4ohgcguhdesvivbdmjfj5,1,t1tk5exioia8at4ohgcguhdesvivbdmjfj5,-
8728,minted,t1n9vkjsqqpvji45dbmsyqbf3oms6efzbav,1,t1n9vkjsqqpvji45dbmsyqbf3oms6efzbav,-
8729,minted,t1vnqzdvmveogfsmvu2hqbadttvlfre5fcr,1,t1vnqzdvmveogfsmvu2hqbadttvlfre5fcr,-
8731,minted,t1sg7teea9tkjymwsffeq3aqyczdvpknsny,1,t1sg7teea9tkjymwsffeq3aqyczdvpknsny,-
8732,minted,t1rhnurdntdcr2fddzya8eskfswtfpkwutf,1,t1rhnurdntdcr2fddzya8eskfswtfpkwutf,-
8739,minted,t1vf4k61qeseulhxpzkjch3nb3q1vw6fvx9,1,t1vf4k61qeseulhxpzkjch3nb3q1vw6fvx9,-
8740,minted,t1ygtbn96tjbjxvszhbzbt6wcuy3nqp1xfc,1,t1ygtbn96tjbjxvszhbzbt6wcuy3nqp1xfc,-
8741,minted,t1z6wmzrucnzzeytapanyucbttqraopcsxz,1,t1z6wmzrucnzzeytapanyucbttqraopcsxz,-
8742,minted,t1xkb2xu5cytyrh46mgtxqe9rbuvcwmdxbw,1,t1xkb2xu5cytyrh46mgtxqe9rbuvcwmdxbw,-
8743,minted,t1rmhswkzucw9ub1owuggjwv6lbrvbfxczv,1,t1rmhswkzucw9ub1owuggjwv6lbrvbfxczv,-
8744,minted,t1k1k3lvujfthpw1rx5gye1wt1w3nfffkuz,1,t1k1k3lvujfthpw1rx5gye1wt1w3nfffkuz,-
8746,minted,t1d7guc3dpm6udkueebf5lxbazbetnavxv3,1,t1d7guc3dpm6udkueebf5lxbazbetnavxv3,-
8748,minted,t1t6vyuq11ez6hmc5cfwwtwo4dxkcq49wcj,1,t1t6vyuq11ez6hmc5cfwwtwo4dxkcq49wcj,-
8751,minted,t1plr7emfb4ptjr3ydgkxtvvcx88vipczbg,1,t1plr7emfb4ptjr3ydgkxtvvcx88vipczbg,-
8752,minted,t1uijcpndrzgcmqlg67y8ld8xailbijq9ku,1,t1uijcpndrzgcmqlg67y8ld8xailbijq9ku,-
8755,minted,t1rnjbkm81ui7zsy2z2udyi7bil5xvjspvh,1,t1rnjbkm81ui7zsy2z2udyi7bil5xvjspvh,-
8756,minted,t1y7dtde9rxmxgbxrqlk9vsraqztczp89m1,1,t1y7dtde9rxmxgbxrqlk9vsraqztczp89m1,-
8757,minted,t1sjbaodtmts94hhndm1g6gsxs9r56r3fmi,1,t1sjbaodtmts94hhndm1g6gsxs9r56r3fmi,-
8759,minted,t1rnjbkm81ui7zsy2z2udyi7bil5xvjspvh,1,t1rnjbkm81ui7zsy2z2udyi7bil5xvjspvh,-
8760,minted,t1c3ko29zefpjjtwe5bqs44hkfzmmshqzj2,1,t1c3ko29zefpjjtwe5bqs44hkfzmmshqzj2,-
8762,minted,t1rivrni4ifxjxgjcn8zu5kqqf5s3omngkl,1,t1rivrni4ifxjxgjcn8zu5kqqf5s3omngkl,-
8763,minted,t1plzelr9uehatsdzm1kb57wz8bnd9p1hdl,1,t1plzelr9uehatsdzm1kb57wz8bnd9p1hdl,-
8764,minted,t1zybnnvwk71nxwnwh56brslsjsedo1utre,1,t1zybnnvwk71nxwnwh56brslsjsedo1utre,-
8768,minted,t1plr7emfb4ptjr3ydgkxtvvcx88vipczbg,1,t1plr7emfb4ptjr3ydgkxtvvcx88vipczbg,-
8769,minted,t1e2bpm8rpa4ig4anqfyqjdeghsh3ib4ybt,1,t1e2bpm8rpa4ig4anqfyqjdeghsh3ib4ybt,-
8771,minted,t1harykyjfctqhcswkwobfnqydrtpybcusz,1,t1harykyjfctqhcswkwobfnqydrtpybcusz,-
8774,minted,t1g797iuz3hzgkyxzuxjlukm7a8juqndwnv,1,t1g797iuz3hzgkyxzuxjlukm7a8juqndwnv,-
8775,minted,t1ackjtwvbsfgafminnbmneegdypv9g3gca,1,t1ackjtwvbsfgafminnbmneegdypv9g3gca,-
8776,minted,t1umuzozkqrbtaknbascznhnpqj7dxixrvq,1,t1umuzozkqrbtaknbascznhnpqj7dxixrvq,-
8777,minted,t1rivrni4ifxjxgjcn8zu5kqqf5s3omngkl,1,t1rivrni4ifxjxgjcn8zu5kqqf5s3omngkl,-
8778,minted,t1ry1amqjxbasfn4g54vejjhgfwhqyau6kq,1,t1ry1amqjxbasfn4g54vejjhgfwhqyau6kq,-
8779,minted,t1nveuzt6vcr9tm2p2xd1gxdbnwyo6rrd39,1,t1nveuzt6vcr9tm2p2xd1gxdbnwyo6rrd39,-
8780,minted,t1nmcjpeuqab3ghpbqpfzg7xypw3th4krnp,1,t1nmcjpeuqab3ghpbqpfzg7xypw3th4krnp,-
8781,minted,t1cufblk8osimwlfkpnt815kcsllnjqetwk,1,t1cufblk8osimwlfkpnt815kcsllnjqetwk,-
8782,minted,t1tk5exioia8at4ohgcguhdesvivbdmjfj5,1,t1tk5exioia8at4ohgcguhdesvivbdmjfj5,-
8783,minted,t1psnfhk4ildwruk9t5s955rcsdypgkzlch,1,t1psnfhk4ildwruk9t5s955rcsdypgkzlch,-
8785,minted,t1rhnurdntdcr2fddzya8eskfswtfpkwutf,1,t1rhnurdntdcr2fddzya8eskfswtfpkwutf,-
8786,minted,t1a7hvjbrse6vvorjndlqrau7kyjzcgqnk5,1,t1a7hvjbrse6vvorjndlqrau7kyjzcgqnk5,-
8788,minted,t1swxdgrkwwzgzchaqrn1u8n5sr6gsjtt11,1,t1swxdgrkwwzgzchaqrn1u8n5sr6gsjtt11,-
8790,minted,t1wjymzb8eklefe8jcxdxijvxwrbxybmig5,1,t1wjymzb8eklefe8jcxdxijvxwrbxybmig5,-
8793,minted,t1tdwjklmpx8k3pykwzyamcydtw24agjuus,1,t1tdwjklmpx8k3pykwzyamcydtw24agjuus,-
8794,minted,t1ldpz7hjrtq2ungknph3lf8ihehlsmebsv,1,t1ldpz7hjrtq2ungknph3lf8ihehlsmebsv,-
8795,minted,t1tm4ukzttclqbius6oqzhbb5wla9soo3ii,1,t1tm4ukzttclqbius6oqzhbb5wla9soo3ii,-
8796,minted,t1tuhpqkrnvjpjkj3yaenccecenarccfwgv,1,t1tuhpqkrnvjpjkj3yaenccecenarccfwgv,-
8797,minted,t1pudhqtsiqkwcge7gr3yo48b8ihw7s76ko,1,t1pudhqtsiqkwcge7gr3yo48b8ihw7s76ko,-
8801,minted,t1khhgjrucrrbn1jhnlz8ibmtok9tpidfui,1,t1khhgjrucrrbn1jhnlz8ibmtok9tpidfui,-
8802,minted,t1nmcjpeuqab3ghpbqpfzg7xypw3th4krnp,1,t1nmcjpeuqab3ghpbqpfzg7xypw3th4krnp,-
8803,minted,t1c9zdg3amocc9xwk4s522bp5c9ye5x4d6p,1,t1c9zdg3amocc9xwk4s522bp5c9ye5x4d6p,-
8804,minted,t1y7dtde9rxmxgbxrqlk9vsraqztczp89m1,1,t1y7dtde9rxmxgbxrqlk9vsraqztczp89m1,-
8805,minted,t1dggdv9xnrzge2juzmaxew28j7e217yu3g,1,t1dggdv9xnrzge2juzmaxew28j7e217yu3g,-
8806,minted,t1wdk8ftmqhutjtpqoftehpxunlkfuvyspm,1,t1wdk8ftmqhutjtpqoftehpxunlkfuvyspm,-
8808,minted,t1ackjtwvbsfgafminnbmneegdypv9g3gca,1,t1ackjtwvbsfgafminnbmneegdypv9g3gca,-
8812,minted,t1kcuw1npvr56on7dbzkddjob41akjlwe2h,1,t1kcuw1npvr56on7dbzkddjob41akjlwe2h,-
8816,minted,t1uijcpndrzgcmqlg67y8ld8xailbijq9ku,1,t1uijcpndrzgcmqlg67y8ld8xailbijq9ku,-
8818,minted,t1k1k3lvujfthpw1rx5gye1wt1w3nfffkuz,1,t1k1k3lvujfthpw1rx5gye1wt1w3nfffkuz,-
8820,minted,t1plr7emfb4ptjr3ydgkxtvvcx88vipczbg,1,t1plr7emfb4ptjr3ydgkxtvvcx88vipczbg,-
8822,minted,t1sjbaodtmts94hhndm1g6gsxs9r56r3fmi,1,t1sjbaodtmts94hhndm1g6gsxs9r56r3fmi,-
8823,minted,t1fcmnktgqtxnnsq9llfxityrj12uteieuk,1,t1fcmnktgqtxnnsq9llfxityrj12uteieuk,-
8824,minted,t1utwwsaslf2xhdaec4hnfbewky6k9e6yqi,1,t1utwwsaslf2xhdaec4hnfbewky6k9e6yqi,-
8826,minted,t1ncm6d3y4b2mggbds5anvzs1cgvzjoch5k,1,t1ncm6d3y4b2mggbds5anvzs1cgvzjoch5k,-
8827,minted,t1fulu1jlxahglec9lbpiuydcd9w89sbfvr,1,t1fulu1jlxahglec9lbpiuydcd9w89sbfvr,-
8828,minted,t1dmol5cxocwndah9cyqydl3ntxv3kh4ysd,1,t1dmol5cxocwndah9cyqydl3ntxv3kh4ysd,-
8830,minted,t1rjxectx3e63ydhaerxyynqck71mp117ty,1,t1rjxectx3e63ydhaerxyynqck71mp117ty,-
8831,minted,t1lz7kt1duyahmqzcuxp8jvrcvy1ps6so6e,1,t1lz7kt1duyahmqzcuxp8jvrcvy1ps6so6e,-
8832,minted,t1k1k3lvujfthpw1rx5gye1wt1w3nfffkuz,1,t1k1k3lvujfthpw1rx5gye1wt1w3nfffkuz,-
8833,minted,t1dfjru8b7hjg8t7zxhdcuctfffw7b71alt,1,t1dfjru8b7hjg8t7zxhdcuctfffw7b71alt,-
8834,minted,t1lzi24jydjzsfib29wpm2jvp83kwlnkcrb,1,t1lzi24jydjzsfib29wpm2jvp83kwlnkcrb,-
8835,minted,t1rn9twhetr1qorngpsri97eljaymkuz6ez,1,t1rn9twhetr1qorngpsri97eljaymkuz6ez,-
8836,minted,t1ad5mp7aux3fxfv5hwtjfeiihcdtb71smg,1,t1ad5mp7aux3fxfv5hwtjfeiihcdtb71smg,-
8839,minted,t1c2kcpjr9duwyeaxgkcryauwpgapspt44n,1,t1c2kcpjr9duwyeaxgkcryauwpgapspt44n,-
8840,minted,t1k6zlqemuuuh7y2tzmnybqtkztmzt4kz5z,1,t1k6zlqemuuuh7y2tzmnybqtkztmzt4kz5z,-
8842,minted,t1b1z3bebcxfyggqlyrwzq1sthvxyskbubo,1,t1b1z3bebcxfyggqlyrwzq1sthvxyskbubo,-
8845,minted,t1kqn6lrzaaqmy4vetlswnmpucd71ltoesq,1,t1kqn6lrzaaqmy4vetlswnmpucd71ltoesq,-
8846,minted,t1k6zlqemuuuh7y2tzmnybqtkztmzt4kz5z,1,t1k6zlqemuuuh7y2tzmnybqtkztmzt4kz5z,-
8848,minted,t1rjxectx3e63ydhaerxyynqck71mp117ty,1,t1rjxectx3e63ydhaerxyynqck71mp117ty,-
8849,minted,t1jdsfjfc6ydm63jvp9jtmykdxyyxrrtqek,1,t1jdsfjfc6ydm63jvp9jtmykdxyyxrrtqek,-
8851,minted,t1plzelr9uehatsdzm1kb57wz8bnd9p1hdl,1,t1plzelr9uehatsdzm1kb57wz8bnd9p1hdl,-
8852,minted,t1nveuzt6vcr9tm2p2xd1gxdbnwyo6rrd39,1,t1nveuzt6vcr9tm2p2xd1gxdbnwyo6rrd39,-
8853,minted,t1uwhgycnxruf62kfea3wefuetqlahxttqv,1,t1uwhgycnxruf62kfea3wefuetqlahxttqv,-
8857,minted,t1sjbaodtmts94hhndm1g6gsxs9r56r3fmi,1,t1sjbaodtmts94hhndm1g6gsxs9r56r3fmi,-
8858,minted,t1nmcjpeuqab3ghpbqpfzg7xypw3th4krnp,1,t1nmcjpeuqab3ghpbqpfzg7xypw3th4krnp,-
8860,minted,t1k1k3lvujfthpw1rx5gye1wt1w3nfffkuz,1,t1k1k3lvujfthpw1rx5gye1wt1w3nfffkuz,-
8861,minted,t1jdsfjfc6ydm63jvp9jtmykdxyyxrrtqek,1,t1jdsfjfc6ydm63jvp9jtmykdxyyxrrtqek,-
8864,minted,t1fym6ponzmhqgj1azpaimmy1wzligfzdwt,1,t1fym6ponzmhqgj1azpaimmy1wzligfzdwt,-
8868,minted,t1sjbaodtmts94hhndm1g6gsxs9r56r3fmi,1,t1sjbaodtmts94hhndm1g6gsxs9r56r3fmi,-
8873,minted,t1ugnmmfgvei3prgchynzyhugd5qysjpdcd,1,t1ugnmmfgvei3prgchynzyhugd5qysjpdcd,-
8874,minted,t1wup8b6wsaeewjbzszy5kfnvessbm8dhdj,1,t1wup8b6wsaeewjbzszy5kfnvessbm8dhdj,-
8876,minted,t1sfh6qamlrmsqk4tmbuwlqvb7dy6yddbrl,1,t1sfh6qamlrmsqk4tmbuwlqvb7dy6yddbrl,-
8877,minted,t1tm4ukzttclqbius6oqzhbb5wla9soo3ii,1,t1tm4ukzttclqbius6oqzhbb5wla9soo3ii,-
8879,minted,t1nmcjpeuqab3ghpbqpfzg7xypw3th4krnp,1,t1nmcjpeuqab3ghpbqpfzg7xypw3th4krnp,-
8880,minted,t1urpiavkof3253qofgncv8fwp6zaihlsua,1,t1urpiavkof3253qofgncv8fwp6zaihlsua,-
8881,minted,t1c4j1rmlwwpelu6xcjqb9zheujusethjcx,1,t1c4j1rmlwwpelu6xcjqb9zheujusethjcx,-
8882,minted,t1umuzozkqrbtaknbascznhnpqj7dxixrvq,1,t1umuzozkqrbtaknbascznhnpqj7dxixrvq,-
8885,minted,t1p5vrsuo2qdsnk3npp3scfrsayer2cnxqu,1,t1p5vrsuo2qdsnk3npp3scfrsayer2cnxqu,-
8886,minted,t1nveuzt6vcr9tm2p2xd1gxdbnwyo6rrd39,1,t1nveuzt6vcr9tm2p2xd1gxdbnwyo6rrd39,-
8889,minted,t1rivrni4ifxjxgjcn8zu5kqqf5s3omngkl,1,t1rivrni4ifxjxgjcn8zu5kqqf5s3omngkl,-
8891,minted,t1keyd75eld8bvhtjn9r2sqxsomd4uksy3q,1,t1keyd75eld8bvhtjn9r2sqxsomd4uksy3q,-
8892,minted,t1lzi24jydjzsfib29wpm2jvp83kwlnkcrb,1,t1lzi24jydjzsfib29wpm2jvp83kwlnkcrb,-
8895,minted,t1rivrni4ifxjxgjcn8zu5kqqf5s3omngkl,1,t1rivrni4ifxjxgjcn8zu5kqqf5s3omngkl,-
8896,minted,t1tm4ukzttclqbius6oqzhbb5wla9soo3ii,1,t1tm4ukzttclqbius6oqzhbb5wla9soo3ii,-
8898,minted,t1tm4ukzttclqbius6oqzhbb5wla9soo3ii,1,t1tm4ukzttclqbius6oqzhbb5wla9soo3ii,-
8899,minted,t1tuhpqkrnvjpjkj3yaenccecenarccfwgv,1,t1tuhpqkrnvjpjkj3yaenccecenarccfwgv,-
8901,minted,t1gmpdre6q9l4b8brnfi4qz9buecz9s1jj4,1,t1gmpdre6q9l4b8brnfi4qz9buecz9s1jj4,-
8902,minted,t1uwhgycnxruf62kfea3wefuetqlahxttqv,1,t1uwhgycnxruf62kfea3wefuetqlahxttqv,-
8903,minted,t1yjskwibrp2r3pfsrvhuxbgekfiizawzh2,1,t1yjskwibrp2r3pfsrvhuxbgekfiizawzh2,-
8904,minted,t1swxdgrkwwzgzchaqrn1u8n5sr6gsjtt11,1,t1swxdgrkwwzgzchaqrn1u8n5sr6gsjtt11,-
8907,minted,t1rnjbkm81ui7zsy2z2udyi7bil5xvjspvh,1,t1rnjbkm81ui7zsy2z2udyi7bil5xvjspvh,-
8908,minted,t1mn1hixkseswrzwe7jbk82flewryugjtc9,1,t1mn1hixkseswrzwe7jbk82flewryugjtc9,-
8911,minted,t1tm4ukzttclqbius6oqzhbb5wla9soo3ii,1,t1tm4ukzttclqbius6oqzhbb5wla9soo3ii,-
8912,minted,t1b4xybydvhinc2qasg9zgtdrqmxqyb6ax7,1,t1b4xybydvhinc2qasg9zgtdrqmxqyb6ax7,-
8913,minted,t1geadqaiqyvgaoog8vhocum1sq6scajdbe,1,t1geadqaiqyvgaoog8vhocum1sq6scajdbe,-
8914,minted,t1sg7teea9tkjymwsffeq3aqyczdvpknsny,1,t1sg7teea9tkjymwsffeq3aqyczdvpknsny,-
8916,minted,t1hd8yo89x2kkepbmtnc4sigq5uohoqpfjc,1,t1hd8yo89x2kkepbmtnc4sigq5uohoqpfjc,-
8917,minted,t1lakakmmjky8le5cmznkgdvcvvtnrkac8a,1,t1lakakmmjky8le5cmznkgdvcvvtnrkac8a,-
8918,minted,t1mh8fytskubkcsbwy9r79xf6jgnchjyz4m,1,t1mh8fytskubkcsbwy9r79xf6jgnchjyz4m,-
8919,minted,t1ncm6d3y4b2mggbds5anvzs1cgvzjoch5k,1,t1ncm6d3y4b2mggbds5anvzs1cgvzjoch5k,-
8923,minted,t1qpeclgkhmw4xgk2v6kaixumhjf5pehox1,1,t1qpeclgkhmw4xgk2v6kaixumhjf5pehox1,-
8924,minted,t1uijcpndrzgcmqlg67y8ld8xailbijq9ku,1,t1uijcpndrzgcmqlg67y8ld8xailbijq9ku,-
8925,minted,t1rgw6g813bmzoyvyd37iaewney6hditzvq,1,t1rgw6g813bmzoyvyd37iaewney6hditzvq,-
8927,minted,t1pk1uc5ma3yfs7jwim8pje8jqiv36b5eds,1,t1pk1uc5ma3yfs7jwim8pje8jqiv36b5eds,-
8929,minted,t1plzelr9uehatsdzm1kb57wz8bnd9p1hdl,1,t1plzelr9uehatsdzm1kb57wz8bnd9p1hdl,-
8930,minted,t1plr7emfb4ptjr3ydgkxtvvcx88vipczbg,1,t1plr7emfb4ptjr3ydgkxtvvcx88vipczbg,-
8932,minted,t1rnjbkm81ui7zsy2z2udyi7bil5xvjspvh,1,t1rnjbkm81ui7zsy2z2udyi7bil5xvjspvh,-
8938,minted,t1psnfhk4ildwruk9t5s955rcsdypgkzlch,1,t1psnfhk4ildwruk9t5s955rcsdypgkzlch,-
8942,minted,t1kcuw1npvr56on7dbzkddjob41akjlwe2h,1,t1kcuw1npvr56on7dbzkddjob41akjlwe2h,-
8943,minted,t1xkb2xu5cytyrh46mgtxqe9rbuvcwmdxbw,1,t1xkb2xu5cytyrh46mgtxqe9rbuvcwmdxbw,-
8944,minted,t1keyd75eld8bvhtjn9r2sqxsomd4uksy3q,1,t1keyd75eld8bvhtjn9r2sqxsomd4uksy3q,-
8945,minted,t1k6zlqemuuuh7y2tzmnybqtkztmzt4kz5z,1,t1k6zlqemuuuh7y2tzmnybqtkztmzt4kz5z,-
8948,minted,t1fhmctgkbwsvat71ynwsk74ylc3nzhc4mw,1,t1fhmctgkbwsvat71ynwsk74ylc3nzhc4mw,-
8951,minted,t1wdk8ftmqhutjtpqoftehpxunlkfuvyspm,1,t1wdk8ftmqhutjtpqoftehpxunlkfuvyspm,-
8957,minted,t1uufoxnydajnj5x2jxumh4qmu2wrfagbnu,1,t1uufoxnydajnj5x2jxumh4qmu2wrfagbnu,-
8958,minted,t1swxdgrkwwzgzchaqrn1u8n5sr6gsjtt11,1,t1swxdgrkwwzgzchaqrn1u8n5sr6gsjtt11,-
8959,minted,t1c9zdg3amocc9xwk4s522bp5c9ye5x4d6p,1,t1c9zdg3amocc9xwk4s522bp5c9ye5x4d6p,-
8960,minted,t1p5vrsuo2qdsnk3npp3scfrsayer2cnxqu,1,t1p5vrsuo2qdsnk3npp3scfrsayer2cnxqu,-
8964,minted,t1k1k3lvujfthpw1rx5gye1wt1w3nfffkuz,1,t1k1k3lvujfthpw1rx5gye1wt1w3nfffkuz,-
8965,minted,t1kdc4eo3wd5tid6pledtetlckl7ngo9zze,1,t1kdc4eo3wd5tid6pledtetlckl7ngo9zze,-
8970,minted,t1ackjtwvbsfgafminnbmneegdypv9g3gca,1,t1ackjtwvbsfgafminnbmneegdypv9g3gca,-
8971,minted,t1z6wmzrucnzzeytapanyucbttqraopcsxz,1,t1z6wmzrucnzzeytapanyucbttqraopcsxz,-
8974,minted,t1c4j1rmlwwpelu6xcjqb9zheujusethjcx,1,t1c4j1rmlwwpelu6xcjqb9zheujusethjcx,-
8976,minted,t1nveuzt6vcr9tm2p2xd1gxdbnwyo6rrd39,1,t1nveuzt6vcr9tm2p2xd1gxdbnwyo6rrd39,-
8977,minted,t1bqz7lcv5ca65pcubguiqdjfy4qhsvzbzz,1,t1bqz7lcv5ca65pcubguiqdjfy4qhsvzbzz,-
8978,minted,t1j5hnk9mbw9mim4qixc73mlpilmbaytvfu,1,t1j5hnk9mbw9mim4qixc73mlpilmbaytvfu,-
8981,minted,t1tdx3jecge1dd9pmzxuaphvjm5hyq2c7wn,1,t1tdx3jecge1dd9pmzxuaphvjm5hyq2c7wn,-
8986,minted,t1plr7emfb4ptjr3ydgkxtvvcx88vipczbg,1,t1plr7emfb4ptjr3ydgkxtvvcx88vipczbg,-
8987,minted,t1zuffvd1tk6pux9r8zbojyoajsmip5awra,1,t1zuffvd1tk6pux9r8zbojyoajsmip5awra,-
8988,minted,t1n9vkjsqqpvji45dbmsyqbf3oms6efzbav,1,t1n9vkjsqqpvji45dbmsyqbf3oms6efzbav,-
8989,minted,t1geadqaiqyvgaoog8vhocum1sq6scajdbe,1,t1geadqaiqyvgaoog8vhocum1sq6scajdbe,-
8990,minted,t1ad5mp7aux3fxfv5hwtjfeiihcdtb71smg,1,t1ad5mp7aux3fxfv5hwtjfeiihcdtb71smg,-
8991,minted,t1ad5mp7aux3fxfv5hwtjfeiihcdtb71smg,1,t1ad5mp7aux3fxfv5hwtjfeiihcdtb71smg,-
8992,minted,t1yhhkhqqqgtgr7fqa2ce1pcagqxwt5xwcy,1,t1yhhkhqqqgtgr7fqa2ce1pcagqxwt5xwcy,-
8994,minted,t1vu8wavcg1xe8qhdyowsmv2s9i63htj9sy,1,t1vu8wavcg1xe8qhdyowsmv2s9i63htj9sy,-
8997,minted,t1qupqtxglgncbo4msuegxdvjmbyunvptdb,1,t1qupqtxglgncbo4msuegxdvjmbyunvptdb,-
9001,minted,t1kpwnwxtu8wf5g5twdruqbnh4bi6tohrtn,1,t1kpwnwxtu8wf5g5twdruqbnh4bi6tohrtn,-
9002,minted,t1kdc4eo3wd5tid6pledtetlckl7ngo9zze,1,t1kdc4eo3wd5tid6pledtetlckl7ngo9zze,-
9006,minted,t1vimk2cvlaf4yf1cpkyw9zw2vqglla6pw9,1,t1vimk2cvlaf4yf1cpkyw9zw2vqglla6pw9,-
9007,minted,t1vnqzdvmveogfsmvu2hqbadttvlfre5fcr,1,t1vnqzdvmveogfsmvu2hqbadttvlfre5fcr,-
9008,minted,t1qbjuqt1hbqzrjjz9u4532oitwefqemvtp,1,t1qbjuqt1hbqzrjjz9u4532oitwefqemvtp,-
9009,minted,t1sn6q8wbuc1a2s7tjdbjzcqcti8uqutseq,1,t1sn6q8wbuc1a2s7tjdbjzcqcti8uqutseq,-
9011,minted,t1uwhgycnxruf62kfea3wefuetqlahxttqv,1,t1uwhgycnxruf62kfea3wefuetqlahxttqv,-
9012,minted,t1rgw6g813bmzoyvyd37iaewney6hditzvq,1,t1rgw6g813bmzoyvyd37iaewney6hditzvq,-
9013,minted,t1dgqmeqinlpff487bh9pqoqdkm7faxk554,1,t1dgqmeqinlpff487bh9pqoqdkm7faxk554,-
9014,minted,t1relemkcagbfnehud1r1jsu9dhpqwybapn,1,t1relemkcagbfnehud1r1jsu9dhpqwybapn,-
9018,minted,t1dxhdbxbic87ktuvucaxyug62g2binylpj,1,t1dxhdbxbic87ktuvucaxyug62g2binylpj,-
9019,minted,t1yjskwibrp2r3pfsrvhuxbgekfiizawzh2,1,t1yjskwibrp2r3pfsrvhuxbgekfiizawzh2,-
9021,minted,t1qbjuqt1hbqzrjjz9u4532oitwefqemvtp,1,t1qbjuqt1hbqzrjjz9u4532oitwefqemvtp,-
9022,minted,t1kcuw1npvr56on7dbzkddjob41akjlwe2h,1,t1kcuw1npvr56on7dbzkddjob41akjlwe2h,-
9023,minted,t1jts8xyoc3stscbtkbkpdspd3detcnfb4u,1,t1jts8xyoc3stscbtkbkpdspd3detcnfb4u,-
9024,minted,t1pwsn53ukb4e4zbf22ebcxlb7mw548bnjw,1,t1pwsn53ukb4e4zbf22ebcxlb7mw548bnjw,-
9026,minted,t1k1k3lvujfthpw1rx5gye1wt1w3nfffkuz,1,t1k1k3lvujfthpw1rx5gye1wt1w3nfffkuz,-
9027,minted,t1rgw6g813bmzoyvyd37iaewney6hditzvq,1,t1rgw6g813bmzoyvyd37iaewney6hditzvq,-
9033,minted,t1xkb2xu5cytyrh46mgtxqe9rbuvcwmdxbw,1,t1xkb2xu5cytyrh46mgtxqe9rbuvcwmdxbw,-
9034,minted,t1rivrni4ifxjxgjcn8zu5kqqf5s3omngkl,1,t1rivrni4ifxjxgjcn8zu5kqqf5s3omngkl,-
9036,minted,t1bqz7lcv5ca65pcubguiqdjfy4qhsvzbzz,1,t1bqz7lcv5ca65pcubguiqdjfy4qhsvzbzz,-
9037,minted,t1wuc9smduamu6tphqqkn5nhkq9jcfwljzv,1,t1wuc9smduamu6tphqqkn5nhkq9jcfwljzv,-
9041,minted,t1k6zlqemuuuh7y2tzmnybqtkztmzt4kz5z,1,t1k6zlqemuuuh7y2tzmnybqtkztmzt4kz5z,-
9042,minted,t1ktzbkl1xvd9ddw3zpvjmwzwdkd4nsdfs1,1,t1ktzbkl1xvd9ddw3zpvjmwzwdkd4nsdfs1,-
9043,minted,t1sv5yhhefkgqyxnf6v2dzteuwr9fth5otq,1,t1sv5yhhefkgqyxnf6v2dzteuwr9fth5otq,-
9044,minted,t1qr45sgpxm8tmdkcpb2ntxbkacl6mqdopq,1,t1qr45sgpxm8tmdkcpb2ntxbkacl6mqdopq,-
9046,minted,t1zpzocw6bnvu4bekcg29cokyno37dmuuck,1,t1zpzocw6bnvu4bekcg29cokyno37dmuuck,-
9047,minted,t1jdsfjfc6ydm63jvp9jtmykdxyyxrrtqek,1,t1jdsfjfc6ydm63jvp9jtmykdxyyxrrtqek,-
9049,minted,t1n9vkjsqqpvji45dbmsyqbf3oms6efzbav,1,t1n9vkjsqqpvji45dbmsyqbf3oms6efzbav,-
9052,minted,t1roxdrmb2qgdvzwejbtpl7assozek7uhnb,1,t1roxdrmb2qgdvzwejbtpl7assozek7uhnb,-
9054,minted,t1vxzayz2wtcgluk2rrlctxr5ivjzzfmluy,1,t1vxzayz2wtcgluk2rrlctxr5ivjzzfmluy,-
9055,minted,t1uijcpndrzgcmqlg67y8ld8xailbijq9ku,1,t1uijcpndrzgcmqlg67y8ld8xailbijq9ku,-
9057,minted,t1lckeea2rgmgawzafrvsyj5fnsbvejxujp,1,t1lckeea2rgmgawzafrvsyj5fnsbvejxujp,-
9059,minted,t1roxdrmb2qgdvzwejbtpl7assozek7uhnb,1,t1roxdrmb2qgdvzwejbtpl7assozek7uhnb,-
9060,minted,t1mngxewfzwa9tch7tyvjbafwy4ths9vn2g,1,t1mngxewfzwa9tch7tyvjbafwy4ths9vn2g,-
9061,minted,t1aphfzzmcujqhuenxl5odscmyv97ti5dwv,1,t1aphfzzmcujqhuenxl5odscmyv97ti5dwv,-
9062,minted,t1wwe8mf17ryho7niz6wlhriaxac5f8qymi,1,t1wwe8mf17ryho7niz6wlhriaxac5f8qymi,-
9063,minted,t1wsplngf6kmka6fx1n2bs7bgy6r1rsbzff,1,t1wsplngf6kmka6fx1n2bs7bgy6r1rsbzff,-
9066,minted,t1sjbaodtmts94hhndm1g6gsxs9r56r3fmi,1,t1sjbaodtmts94hhndm1g6gsxs9r56r3fmi,-
9067,minted,t1pvld2x5gqpvak2j1ucjamtkdgjcjqp5k2,1,t1pvld2x5gqpvak2j1ucjamtkdgjcjqp5k2,-
9068,minted,t1rnjbkm81ui7zsy2z2udyi7bil5xvjspvh,1,t1rnjbkm81ui7zsy2z2udyi7bil5xvjspvh,-
9071,minted,t1fcmnktgqtxnnsq9llfxityrj12uteieuk,1,t1fcmnktgqtxnnsq9llfxityrj12uteieuk,-
9072,minted,t1pcjiaepled7najcti7vxpgjjzhji5m3fg,1,t1pcjiaepled7najcti7vxpgjjzhji5m3fg,-
9074,minted,t1k1k3lvujfthpw1rx5gye1wt1w3nfffkuz,1,t1k1k3lvujfthpw1rx5gye1wt1w3nfffkuz,-
9076,minted,t1fcmnktgqtxnnsq9llfxityrj12uteieuk,1,t1fcmnktgqtxnnsq9llfxityrj12uteieuk,-
9079,minted,t1bqz7lcv5ca65pcubguiqdjfy4qhsvzbzz,1,t1bqz7lcv5ca65pcubguiqdjfy4qhsvzbzz,-
9080,minted,t1geadqaiqyvgaoog8vhocum1sq6scajdbe,1,t1geadqaiqyvgaoog8vhocum1sq6scajdbe,-
9083,minted,t1pudhqtsiqkwcge7gr3yo48b8ihw7s76ko,1,t1pudhqtsiqkwcge7gr3yo48b8ihw7s76ko,-
9084,minted,t1b4xybydvhinc2qasg9zgtdrqmxqyb6ax7,1,t1b4xybydvhinc2qasg9zgtdrqmxqyb6ax7,-
9086,minted,t1uwhgycnxruf62kfea3wefuetqlahxttqv,1,t1uwhgycnxruf62kfea3wefuetqlahxttqv,-
9088,minted,t1rhnurdntdcr2fddzya8eskfswtfpkwutf,1,t1rhnurdntdcr2fddzya8eskfswtfpkwutf,-
9089,minted,t1tm4ukzttclqbius6oqzhbb5wla9soo3ii,1,t1tm4ukzttclqbius6oqzhbb5wla9soo3ii,-
9093,minted,t1geadqaiqyvgaoog8vhocum1sq6scajdbe,1,t1geadqaiqyvgaoog8vhocum1sq6scajdbe,-
9094,minted,t1umuzozkqrbtaknbascznhnpqj7dxixrvq,1,t1umuzozkqrbtaknbascznhnpqj7dxixrvq,-
9095,minted,t1wmgffiauhm7a7ynhwr3z4gukbvayvtal4,1,t1wmgffiauhm7a7ynhwr3z4gukbvayvtal4,-
9096,minted,t1neyegc8iskf9j5jpaaax6f2gvphtcft7s,1,t1neyegc8iskf9j5jpaaax6f2gvphtcft7s,-
9099,minted,t1gwmsjkr1uxwsyds4czjewvm6r3vm2rq7o,1,t1gwmsjkr1uxwsyds4czjewvm6r3vm2rq7o,-
9100,minted,t1tdwjklmpx8k3pykwzyamcydtw24agjuus,1,t1tdwjklmpx8k3pykwzyamcydtw24agjuus,-
9103,minted,t1wjymzb8eklefe8jcxdxijvxwrbxybmig5,1,t1wjymzb8eklefe8jcxdxijvxwrbxybmig5,-
9105,minted,t1dvrkgwshone2nyqv4aoqdj1carynnja1o,1,t1dvrkgwshone2nyqv4aoqdj1carynnja1o,-
9108,minted,t1plr7emfb4ptjr3ydgkxtvvcx88vipczbg,1,t1plr7emfb4ptjr3ydgkxtvvcx88vipczbg,-
9111,minted,t1qr45sgpxm8tmdkcpb2ntxbkacl6mqdopq,1,t1qr45sgpxm8tmdkcpb2ntxbkacl6mqdopq,-
9112,minted,t1sg7teea9tkjymwsffeq3aqyczdvpknsny,1,t1sg7teea9tkjymwsffeq3aqyczdvpknsny,-
9114,minted,t1rhnurdntdcr2fddzya8eskfswtfpkwutf,1,t1rhnurdntdcr2fddzya8eskfswtfpkwutf,-
9116,minted,t1mesgayna3uxewakpuyhh464vyffvtchvv,1,t1mesgayna3uxewakpuyhh464vyffvtchvv,-
9119,minted,t1plzelr9uehatsdzm1kb57wz8bnd9p1hdl,1,t1plzelr9uehatsdzm1kb57wz8bnd9p1hdl,-
9120,minted,t1qpeclgkhmw4xgk2v6kaixumhjf5pehox1,1,t1qpeclgkhmw4xgk2v6kaixumhjf5pehox1,-
9124,minted,t1uijcpndrzgcmqlg67y8ld8xailbijq9ku,1,t1uijcpndrzgcmqlg67y8ld8xailbijq9ku,-
9125,minted,t1kqn6lrzaaqmy4vetlswnmpucd71ltoesq,1,t1kqn6lrzaaqmy4vetlswnmpucd71ltoesq,-
9127,minted,t1kcuw1npvr56on7dbzkddjob41akjlwe2h,1,t1kcuw1npvr56on7dbzkddjob41akjlwe2h,-
9128,minted,t1a7hvjbrse6vvorjndlqrau7kyjzcgqnk5,1,t1a7hvjbrse6vvorjndlqrau7kyjzcgqnk5,-
9129,minted,t1p5vrsuo2qdsnk3npp3scfrsayer2cnxqu,1,t1p5vrsuo2qdsnk3npp3scfrsayer2cnxqu,-
9133,minted,t1n9vkjsqqpvji45dbmsyqbf3oms6efzbav,1,t1n9vkjsqqpvji45dbmsyqbf3oms6efzbav,-
9138,minted,t1qupqtxglgncbo4msuegxdvjmbyunvptdb,1,t1qupqtxglgncbo4msuegxdvjmbyunvptdb,-
9139,minted,t1xkb2xu5cytyrh46mgtxqe9rbuvcwmdxbw,1,t1xkb2xu5cytyrh46mgtxqe9rbuvcwmdxbw,-
9141,minted,t1zvfc8q8ritdcmiyfuo4k1sytbf7fgtggs,1,t1zvfc8q8ritdcmiyfuo4k1sytbf7fgtggs,-
9143,minted,t1ackjtwvbsfgafminnbmneegdypv9g3gca,1,t1ackjtwvbsfgafminnbmneegdypv9g3gca,-
9145,minted,t1ackjtwvbsfgafminnbmneegdypv9g3gca,1,t1ackjtwvbsfgafminnbmneegdypv9g3gca,-
9146,minted,t1n2xu9lwtm2ht86utphhhi1umgppn6lfw5,1,t1n2xu9lwtm2ht86utphhhi1umgppn6lfw5,-
9147,minted,t1geadqaiqyvgaoog8vhocum1sq6scajdbe,1,t1geadqaiqyvgaoog8vhocum1sq6scajdbe,-
9148,minted,t1qunysptkw1jvmv2abfvljustmikybvfiy,1,t1qunysptkw1jvmv2abfvljustmikybvfiy,-
9149,minted,t1fcmnktgqtxnnsq9llfxityrj12uteieuk,1,t1fcmnktgqtxnnsq9llfxityrj12uteieuk,-
9150,minted,t1qr45sgpxm8tmdkcpb2ntxbkacl6mqdopq,1,t1qr45sgpxm8tmdkcpb2ntxbkacl6mqdopq,-
9158,minted,t1kayatk2rupd6vgyudh88q4ssbdennhhoh,1,t1kayatk2rupd6vgyudh88q4ssbdennhhoh,-
9159,minted,t1wxlkbsuqmtd6nzburphdhp5bfhgajllps,1,t1wxlkbsuqmtd6nzburphdhp5bfhgajllps,-
9161,minted,t1dfjru8b7hjg8t7zxhdcuctfffw7b71alt,1,t1dfjru8b7hjg8t7zxhdcuctfffw7b71alt,-
9163,minted,t1wjymzb8eklefe8jcxdxijvxwrbxybmig5,1,t1wjymzb8eklefe8jcxdxijvxwrbxybmig5,-
9164,minted,t1plzelr9uehatsdzm1kb57wz8bnd9p1hdl,1,t1plzelr9uehatsdzm1kb57wz8bnd9p1hdl,-
9166,minted,t1zuffvd1tk6pux9r8zbojyoajsmip5awra,1,t1zuffvd1tk6pux9r8zbojyoajsmip5awra,-
9170,minted,t1dgqmeqinlpff487bh9pqoqdkm7faxk554,1,t1dgqmeqinlpff487bh9pqoqdkm7faxk554,-
9171,minted,t1mh8fytskubkcsbwy9r79xf6jgnchjyz4m,1,t1mh8fytskubkcsbwy9r79xf6jgnchjyz4m,-
9176,minted,t1g797iuz3hzgkyxzuxjlukm7a8juqndwnv,1,t1g797iuz3hzgkyxzuxjlukm7a8juqndwnv,-
9178,minted,t1rmhswkzucw9ub1owuggjwv6lbrvbfxczv,1,t1rmhswkzucw9ub1owuggjwv6lbrvbfxczv,-
9179,minted,t1c3ko29zefpjjtwe5bqs44hkfzmmshqzj2,1,t1c3ko29zefpjjtwe5bqs44hkfzmmshqzj2,-
9180,minted,t1nfyrv6drbsn6wshd38rjz9mvtjet434ng,1,t1nfyrv6drbsn6wshd38rjz9mvtjet434ng,-
9181,minted,t1qunysptkw1jvmv2abfvljustmikybvfiy,1,t1qunysptkw1jvmv2abfvljustmikybvfiy,-
9182,minted,t1k1k3lvujfthpw1rx5gye1wt1w3nfffkuz,1,t1k1k3lvujfthpw1rx5gye1wt1w3nfffkuz,-
9183,minted,t1qhrzywphn7sbgbnrqfdohtkg6kjojogfd,1,t1qhrzywphn7sbgbnrqfdohtkg6kjojogfd,-
9185,minted,t1yfgvhdolzlcwgbxa54mnc4hzjhm9jiteh,1,t1yfgvhdolzlcwgbxa54mnc4hzjhm9jiteh,-
9186,minted,t1uwhgycnxruf62kfea3wefuetqlahxttqv,1,t1uwhgycnxruf62kfea3wefuetqlahxttqv,-
9187,minted,t1uwhgycnxruf62kfea3wefuetqlahxttqv,1,t1uwhgycnxruf62kfea3wefuetqlahxttqv,-
9188,minted,t1px7hlrau7co9lk3k81jcrntnilhrwgoxj,1,t1px7hlrau7co9lk3k81jcrntnilhrwgoxj,-
9190,minted,t1rgw6g813bmzoyvyd37iaewney6hditzvq,1,t1rgw6g813bmzoyvyd37iaewney6hditzvq,-
9192,minted,t1s957gnh26o9d7rzkrxft3p2zgwg1f6ztd,1,t1s957gnh26o9d7rzkrxft3p2zgwg1f6ztd,-
9194,minted,t1harykyjfctqhcswkwobfnqydrtpybcusz,1,t1harykyjfctqhcswkwobfnqydrtpybcusz,-
9196,minted,t1gfxpmbrdeohuwrzcrms99tghjuw7fufyu,1,t1gfxpmbrdeohuwrzcrms99tghjuw7fufyu,-
9197,minted,t1cufblk8osimwlfkpnt815kcsllnjqetwk,1,t1cufblk8osimwlfkpnt815kcsllnjqetwk,-
9199,minted,t1plzelr9uehatsdzm1kb57wz8bnd9p1hdl,1,t1plzelr9uehatsdzm1kb57wz8bnd9p1hdl,-
9200,minted,t1gfxpmbrdeohuwrzcrms99tghjuw7fufyu,1,t1gfxpmbrdeohuwrzcrms99tghjuw7fufyu,-
9201,minted,t1umuzozkqrbtaknbascznhnpqj7dxixrvq,1,t1umuzozkqrbtaknbascznhnpqj7dxixrvq,-
9202,minted,t1swxdgrkwwzgzchaqrn1u8n5sr6gsjtt11,1,t1swxdgrkwwzgzchaqrn1u8n5sr6gsjtt11,-
9204,minted,t1nveuzt6vcr9tm2p2xd1gxdbnwyo6rrd39,1,t1nveuzt6vcr9tm2p2xd1gxdbnwyo6rrd39,-
9206,minted,t1ra5rzwpgv2h197mszzuczzh3sqdq7yssl,1,t1ra5rzwpgv2h197mszzuczzh3sqdq7yssl,-
9207,minted,t1nmcjpeuqab3ghpbqpfzg7xypw3th4krnp,1,t1nmcjpeuqab3ghpbqpfzg7xypw3th4krnp,-
9208,minted,t1duxpx3u12gqyl7j9sxh7mvs8ogbvrxfwv,1,t1duxpx3u12gqyl7j9sxh7mvs8ogbvrxfwv,-
9210,minted,t1sjbaodtmts94hhndm1g6gsxs9r56r3fmi,1,t1sjbaodtmts94hhndm1g6gsxs9r56r3fmi,-
9214,minted,t1mtavq1npudpebkzr8zi77fv6hdw874cm9,1,t1mtavq1npudpebkzr8zi77fv6hdw874cm9,-
9217,minted,t1nveuzt6vcr9tm2p2xd1gxdbnwyo6rrd39,1,t1nveuzt6vcr9tm2p2xd1gxdbnwyo6rrd39,-
9218,minted,t1ceuykreawgbzptq5b4crcjswqgk3iwcvu,1,t1ceuykreawgbzptq5b4crcjswqgk3iwcvu,-
9220,minted,t1ykuy6z2glmjaashy5n38v1oglewysbcnz,1,t1ykuy6z2glmjaashy5n38v1oglewysbcnz,-
9224,minted,t1bnpq1zeze2lcp1bxcvck6jmxwlsoeqtm1,1,t1bnpq1zeze2lcp1bxcvck6jmxwlsoeqtm1,-
9226,minted,t1jdsfjfc6ydm63jvp9jtmykdxyyxrrtqek,1,t1jdsfjfc6ydm63jvp9jtmykdxyyxrrtqek,-
9227,minted,t1bzl1asatjjcpee5t3hsqdmpvhw39rmzan,1,t1bzl1asatjjcpee5t3hsqdmpvhw39rmzan,-
9230,minted,t1relemkcagbfnehud1r1jsu9dhpqwybapn,1,t1relemkcagbfnehud1r1jsu9dhpqwybapn,-
9231,minted,t1wdk8ftmqhutjtpqoftehpxunlkfuvyspm,1,t1wdk8ftmqhutjtpqoftehpxunlkfuvyspm,-
9232,minted,t1lckeea2rgmgawzafrvsyj5fnsbvejxujp,1,t1lckeea2rgmgawzafrvsyj5fnsbvejxujp,-
9233,minted,t1rjxectx3e63ydhaerxyynqck71mp117ty,1,t1rjxectx3e63ydhaerxyynqck71mp117ty,-
9234,minted,t1c9zdg3amocc9xwk4s522bp5c9ye5x4d6p,1,t1c9zdg3amocc9xwk4s522bp5c9ye5x4d6p,-
9235,minted,t1wxlkbsuqmtd6nzburphdhp5bfhgajllps,1,t1wxlkbsuqmtd6nzburphdhp5bfhgajllps,-
9237,minted,t1rgw6g813bmzoyvyd37iaewney6hditzvq,1,t1rgw6g813bmzoyvyd37iaewney6hditzvq,-
9238,minted,t1k6zlqemuuuh7y2tzmnybqtkztmzt4kz5z,1,t1k6zlqemuuuh7y2tzmnybqtkztmzt4kz5z,-
9240,minted,t1ub2xrhednp6xqdvpqynpkqeczlowj8z6j,1,t1ub2xrhednp6xqdvpqynpkqeczlowj8z6j,-
9241,minted,t1roxdrmb2qgdvzwejbtpl7assozek7uhnb,1,t1roxdrmb2qgdvzwejbtpl7assozek7uhnb,-
9242,minted,t1wjymzb8eklefe8jcxdxijvxwrbxybmig5,1,t1wjymzb8eklefe8jcxdxijvxwrbxybmig5,-
9243,minted,t1fcmnktgqtxnnsq9llfxityrj12uteieuk,1,t1fcmnktgqtxnnsq9llfxityrj12uteieuk,-
9244,minted,t1wsohyjrazyhjmzfvbxtrbwh1fo9iypbqx,1,t1wsohyjrazyhjmzfvbxtrbwh1fo9iypbqx,-
9246,minted,t1vf4k61qeseulhxpzkjch3nb3q1vw6fvx9,1,t1vf4k61qeseulhxpzkjch3nb3q1vw6fvx9,-
9247,minted,t1khhgjrucrrbn1jhnlz8ibmtok9tpidfui,1,t1khhgjrucrrbn1jhnlz8ibmtok9tpidfui,-
9250,minted,t1bnpq1zeze2lcp1bxcvck6jmxwlsoeqtm1,1,t1bnpq1zeze2lcp1bxcvck6jmxwlsoeqtm1,-
9251,minted,t1sg7teea9tkjymwsffeq3aqyczdvpknsny,1,t1sg7teea9tkjymwsffeq3aqyczdvpknsny,-
9252,minted,t1bqz7lcv5ca65pcubguiqdjfy4qhsvzbzz,1,t1bqz7lcv5ca65pcubguiqdjfy4qhsvzbzz,-
9253,minted,t1lckeea2rgmgawzafrvsyj5fnsbvejxujp,1,t1lckeea2rgmgawzafrvsyj5fnsbvejxujp,-
9254,minted,t1plzelr9uehatsdzm1kb57wz8bnd9p1hdl,1,t1plzelr9uehatsdzm1kb57wz8bnd9p1hdl,-
9257,minted,t1rgw6g813bmzoyvyd37iaewney6hditzvq,1,t1rgw6g813bmzoyvyd37iaewney6hditzvq,-
9259,minted,t1harykyjfctqhcswkwobfnqydrtpybcusz,1,t1harykyjfctqhcswkwobfnqydrtpybcusz,-
9264,minted,t1sn6q8wbuc1a2s7tjdbjzcqcti8uqutseq,1,t1sn6q8wbuc1a2s7tjdbjzcqcti8uqutseq,-
9265,minted,t1ahn537hrtes9qlcbhlq7rcztkukqh9nsz,1,t1ahn537hrtes9qlcbhlq7rcztkukqh9nsz,-
9268,minted,t1g797iuz3hzgkyxzuxjlukm7a8juqndwnv,1,t1g797iuz3hzgkyxzuxjlukm7a8juqndwnv,-
9271,minted,t1yfgvhdolzlcwgbxa54mnc4hzjhm9jiteh,1,t1yfgvhdolzlcwgbxa54mnc4hzjhm9jiteh,-
9272,minted,t1vaehdcmet6fn2nqxc2wufegjj9tnizcz1,1,t1vaehdcmet6fn2nqxc2wufegjj9tnizcz1,-
9273,minted,t1cufblk8osimwlfkpnt815kcsllnjqetwk,1,t1cufblk8osimwlfkpnt815kcsllnjqetwk,-
9275,minted,t1d1phzjprbfb6l3z7bpobkqdzjlavru3zb,1,t1d1phzjprbfb6l3z7bpobkqdzjlavru3zb,-
9276,minted,t1wjymzb8eklefe8jcxdxijvxwrbxybmig5,1,t1wjymzb8eklefe8jcxdxijvxwrbxybmig5,-
9278,minted,t1rmhswkzucw9ub1owuggjwv6lbrvbfxczv,1,t1rmhswkzucw9ub1owuggjwv6lbrvbfxczv,-
9283,minted,t1fcmnktgqtxnnsq9llfxityrj12uteieuk,1,t1fcmnktgqtxnnsq9llfxityrj12uteieuk,-
9286,minted,t1ad5mp7aux3fxfv5hwtjfeiihcdtb71smg,1,t1ad5mp7aux3fxfv5hwtjfeiihcdtb71smg,-
9289,minted,t1lhzuuduqgkqm4dppbwnmhb5jhlmjuz7qn,1,t1lhzuuduqgkqm4dppbwnmhb5jhlmjuz7qn,-
9290,minted,t1lz7kt1duyahmqzcuxp8jvrcvy1ps6so6e,1,t1lz7kt1duyahmqzcuxp8jvrcvy1ps6so6e,-
9291,minted,t1brl5gccrfyg9xmcwdlsyv4xfluucssvym,1,t1brl5gccrfyg9xmcwdlsyv4xfluucssvym,-
9294,minted,t1p9jplm6rkwlnnfe4b2ruvfngsqj38cmrz,1,t1p9jplm6rkwlnnfe4b2ruvfngsqj38cmrz,-
9295,minted,t1cyda4heumuz7mdpqf1e5j4dgkhcu9huy8,1,t1cyda4heumuz7mdpqf1e5j4dgkhcu9huy8,-
9296,minted,t1zvfc8q8ritdcmiyfuo4k1sytbf7fgtggs,1,t1zvfc8q8ritdcmiyfuo4k1sytbf7fgtggs,-
9297,minted,t1k1k3lvujfthpw1rx5gye1wt1w3nfffkuz,1,t1k1k3lvujfthpw1rx5gye1wt1w3nfffkuz,-
9298,minted,t1umuzozkqrbtaknbascznhnpqj7dxixrvq,1,t1umuzozkqrbtaknbascznhnpqj7dxixrvq,-
9299,minted,t1wsohyjrazyhjmzfvbxtrbwh1fo9iypbqx,1,t1wsohyjrazyhjmzfvbxtrbwh1fo9iypbqx,-
9300,minted,t1zuffvd1tk6pux9r8zbojyoajsmip5awra,1,t1zuffvd1tk6pux9r8zbojyoajsmip5awra,-
9301,minted,t1lrhgxugmpqro1hz8uuzxfsxysdaqg5kup,1,t1lrhgxugmpqro1hz8uuzxfsxysdaqg5kup,-
9303,minted,t1bqz7lcv5ca65pcubguiqdjfy4qhsvzbzz,1,t1bqz7lcv5ca65pcubguiqdjfy4qhsvzbzz,-
9304,minted,t1sqqn7d3fhvj1adwgfip6ebxtqjcngrwff,1,t1sqqn7d3fhvj1adwgfip6ebxtqjcngrwff,-
9306,minted,t1b3zgxvh3pagwffnadb6adlat9lgwdc1sd,1,t1b3zgxvh3pagwffnadb6adlat9lgwdc1sd,-
9309,minted,t1qpeclgkhmw4xgk2v6kaixumhjf5pehox1,1,t1qpeclgkhmw4xgk2v6kaixumhjf5pehox1,-
9311,minted,t1k1k3lvujfthpw1rx5gye1wt1w3nfffkuz,1,t1k1k3lvujfthpw1rx5gye1wt1w3nfffkuz,-
9312,minted,t1rgw6g813bmzoyvyd37iaewney6hditzvq,1,t1rgw6g813bmzoyvyd37iaewney6hditzvq,-
9314,minted,t1ppp9pu3ezkzjgu7cccmx1xsnxxxp3apas,1,t1ppp9pu3ezkzjgu7cccmx1xsnxxxp3apas,-
9315,minted,t1qyfewbckpqy1q8ck5f5g2yv69urgdtdab,1,t1qyfewbckpqy1q8ck5f5g2yv69urgdtdab,-
9316,minted,t1ackjtwvbsfgafminnbmneegdypv9g3gca,1,t1ackjtwvbsfgafminnbmneegdypv9g3gca,-
9317,minted,t1sjbaodtmts94hhndm1g6gsxs9r56r3fmi,1,t1sjbaodtmts94hhndm1g6gsxs9r56r3fmi,-
9319,minted,t1jvt6adsbpyma35n5p6zjiyjntu8abhw4z,1,t1jvt6adsbpyma35n5p6zjiyjntu8abhw4z,-
9320,minted,t1vf4k61qeseulhxpzkjch3nb3q1vw6fvx9,1,t1vf4k61qeseulhxpzkjch3nb3q1vw6fvx9,-
9321,minted,t1dfjru8b7hjg8t7zxhdcuctfffw7b71alt,1,t1dfjru8b7hjg8t7zxhdcuctfffw7b71alt,-
9322,minted,t1jzcgxzusadm4mdeglkfjrha5wdapvguxt,1,t1jzcgxzusadm4mdeglkfjrha5wdapvguxt,-
9323,minted,t1c4j1rmlwwpelu6xcjqb9zheujusethjcx,1,t1c4j1rmlwwpelu6xcjqb9zheujusethjcx,-
9324,minted,t1xzzv9apfaq5ypoekiegwcq2tuf4vr1g2a,1,t1xzzv9apfaq5ypoekiegwcq2tuf4vr1g2a,-
9327,minted,t1k6zlqemuuuh7y2tzmnybqtkztmzt4kz5z,1,t1k6zlqemuuuh7y2tzmnybqtkztmzt4kz5z,-
9329,minted,t1ad5mp7aux3fxfv5hwtjfeiihcdtb71smg,1,t1ad5mp7aux3fxfv5hwtjfeiihcdtb71smg,-
9331,minted,t1uwhgycnxruf62kfea3wefuetqlahxttqv,1,t1uwhgycnxruf62kfea3wefuetqlahxttqv,-
9332,minted,t1wup8b6wsaeewjbzszy5kfnvessbm8dhdj,1,t1wup8b6wsaeewjbzszy5kfnvessbm8dhdj,-
9334,minted,t1d1phzjprbfb6l3z7bpobkqdzjlavru3zb,1,t1d1phzjprbfb6l3z7bpobkqdzjlavru3zb,-
9336,minted,t1plzelr9uehatsdzm1kb57wz8bnd9p1hdl,1,t1plzelr9uehatsdzm1kb57wz8bnd9p1hdl,-
9337,minted,t1s7eadhhq5jufr1tkzgphgucbyjtja8ee1,1,t1s7eadhhq5jufr1tkzgphgucbyjtja8ee1,-
9343,minted,t1vxjd7iypy58chghwfrhmbnijefrkycbvn,1,t1vxjd7iypy58chghwfrhmbnijefrkycbvn,-
9344,minted,t1xfajxmlrekiixhygofvqhimeck96duzsb,1,t1xfajxmlrekiixhygofvqhimeck96duzsb,-
9345,minted,t1mesgayna3uxewakpuyhh464vyffvtchvv,1,t1mesgayna3uxewakpuyhh464vyffvtchvv,-
9346,minted,t1px7hlrau7co9lk3k81jcrntnilhrwgoxj,1,t1px7hlrau7co9lk3k81jcrntnilhrwgoxj,-
9347,minted,t1lzi24jydjzsfib29wpm2jvp83kwlnkcrb,1,t1lzi24jydjzsfib29wpm2jvp83kwlnkcrb,-
9349,minted,t1wxlkbsuqmtd6nzburphdhp5bfhgajllps,1,t1wxlkbsuqmtd6nzburphdhp5bfhgajllps,-
9352,minted,t1uwhgycnxruf62kfea3wefuetqlahxttqv,1,t1uwhgycnxruf62kfea3wefuetqlahxttqv,-
9353,minted,t1xkb2xu5cytyrh46mgtxqe9rbuvcwmdxbw,1,t1xkb2xu5cytyrh46mgtxqe9rbuvcwmdxbw,-
9355,minted,t1cufblk8osimwlfkpnt815kcsllnjqetwk,1,t1cufblk8osimwlfkpnt815kcsllnjqetwk,-
9356,minted,t1egohrhbvkcebhmzf9xvxfy86njvkjkssa,1,t1egohrhbvkcebhmzf9xvxfy86njvkjkssa,-
9358,minted,t1wdk8ftmqhutjtpqoftehpxunlkfuvyspm,1,t1wdk8ftmqhutjtpqoftehpxunlkfuvyspm,-
9359,minted,t1xkjq7z7dq1s1ksfux7qnk9l8a5rtjxapu,1,t1xkjq7z7dq1s1ksfux7qnk9l8a5rtjxapu,-
9360,minted,t1lz7kt1duyahmqzcuxp8jvrcvy1ps6so6e,1,t1lz7kt1duyahmqzcuxp8jvrcvy1ps6so6e,-
9361,minted,t1lzi24jydjzsfib29wpm2jvp83kwlnkcrb,1,t1lzi24jydjzsfib29wpm2jvp83kwlnkcrb,-
9362,minted,t1lckeea2rgmgawzafrvsyj5fnsbvejxujp,1,t1lckeea2rgmgawzafrvsyj5fnsbvejxujp,-
9364,minted,t1sjbaodtmts94hhndm1g6gsxs9r56r3fmi,1,t1sjbaodtmts94hhndm1g6gsxs9r56r3fmi,-
9365,minted,t1tm4ukzttclqbius6oqzhbb5wla9soo3ii,1,t1tm4ukzttclqbius6oqzhbb5wla9soo3ii,-
9366,minted,t1fulu1jlxahglec9lbpiuydcd9w89sbfvr,1,t1fulu1jlxahglec9lbpiuydcd9w89sbfvr,-
9370,minted,t1c9zdg3amocc9xwk4s522bp5c9ye5x4d6p,1,t1c9zdg3amocc9xwk4s522bp5c9ye5x4d6p,-
9371,minted,t1sn6q8wbuc1a2s7tjdbjzcqcti8uqutseq,1,t1sn6q8wbuc1a2s7tjdbjzcqcti8uqutseq,-
9374,minted,t1swxdgrkwwzgzchaqrn1u8n5sr6gsjtt11,1,t1swxdgrkwwzgzchaqrn1u8n5sr6gsjtt11,-
9375,minted,t1sn6q8wbuc1a2s7tjdbjzcqcti8uqutseq,1,t1sn6q8wbuc1a2s7tjdbjzcqcti8uqutseq,-
9379,minted,t1y8g4khzqcpxsvmp5mw9kctngda2g9e4z6,1,t1y8g4khzqcpxsvmp5mw9kctngda2g9e4z6,-
9380,minted,t1tm4ukzttclqbius6oqzhbb5wla9soo3ii,1,t1tm4ukzttclqbius6oqzhbb5wla9soo3ii,-
9381,minted,t1uijcpndrzgcmqlg67y8ld8xailbijq9ku,1,t1uijcpndrzgcmqlg67y8ld8xailbijq9ku,-
9382,minted,t1c9zdg3amocc9xwk4s522bp5c9ye5x4d6p,1,t1c9zdg3amocc9xwk4s522bp5c9ye5x4d6p,-
9383,minted,t1sg7teea9tkjymwsffeq3aqyczdvpknsny,1,t1sg7teea9tkjymwsffeq3aqyczdvpknsny,-
9386,minted,t1zuffvd1tk6pux9r8zbojyoajsmip5awra,1,t1zuffvd1tk6pux9r8zbojyoajsmip5awra,-
9388,minted,t1b4xybydvhinc2qasg9zgtdrqmxqyb6ax7,1,t1b4xybydvhinc2qasg9zgtdrqmxqyb6ax7,-
9390,minted,t1k6zlqemuuuh7y2tzmnybqtkztmzt4kz5z,1,t1k6zlqemuuuh7y2tzmnybqtkztmzt4kz5z,-
9391,minted,t1tm4ukzttclqbius6oqzhbb5wla9soo3ii,1,t1tm4ukzttclqbius6oqzhbb5wla9soo3ii,-
9392,minted,t1k6zlqemuuuh7y2tzmnybqtkztmzt4kz5z,1,t1k6zlqemuuuh7y2tzmnybqtkztmzt4kz5z,-
9393,minted,t1rgw6g813bmzoyvyd37iaewney6hditzvq,1,t1rgw6g813bmzoyvyd37iaewney6hditzvq,-
9395,minted,t1fcmnktgqtxnnsq9llfxityrj12uteieuk,1,t1fcmnktgqtxnnsq9llfxityrj12uteieuk,-
9396,minted,t1k6zlqemuuuh7y2tzmnybqtkztmzt4kz5z,1,t1k6zlqemuuuh7y2tzmnybqtkztmzt4kz5z,-
9397,minted,t1nveuzt6vcr9tm2p2xd1gxdbnwyo6rrd39,1,t1nveuzt6vcr9tm2p2xd1gxdbnwyo6rrd39,-
9399,minted,t1cl1qdwnrt331wmrgd3kd1g7r1ej3jrdcn,1,t1cl1qdwnrt331wmrgd3kd1g7r1ej3jrdcn,-
9400,minted,t1lzpx1jbaka9jlgu26bfufmqgkbk9vhhyq,1,t1lzpx1jbaka9jlgu26bfufmqgkbk9vhhyq,-
9401,minted,t1cufblk8osimwlfkpnt815kcsllnjqetwk,1,t1cufblk8osimwlfkpnt815kcsllnjqetwk,-
9402,minted,t1wdk8ftmqhutjtpqoftehpxunlkfuvyspm,1,t1wdk8ftmqhutjtpqoftehpxunlkfuvyspm,-
9403,minted,t1z6wmzrucnzzeytapanyucbttqraopcsxz,1,t1z6wmzrucnzzeytapanyucbttqraopcsxz,-
9404,minted,t1sg7teea9tkjymwsffeq3aqyczdvpknsny,1,t1sg7teea9tkjymwsffeq3aqyczdvpknsny,-
9405,minted,t1uijcpndrzgcmqlg67y8ld8xailbijq9ku,1,t1uijcpndrzgcmqlg67y8ld8xailbijq9ku,-
9406,minted,t1d7guc3dpm6udkueebf5lxbazbetnavxv3,1,t1d7guc3dpm6udkueebf5lxbazbetnavxv3,-
9407,minted,t1lyxeaoefs951bbawlt2j6fkes2suuhhwq,1,t1lyxeaoefs951bbawlt2j6fkes2suuhhwq,-
9408,minted,t1fym6ponzmhqgj1azpaimmy1wzligfzdwt,1,t1fym6ponzmhqgj1azpaimmy1wzligfzdwt,-
9409,minted,t1uwhgycnxruf62kfea3wefuetqlahxttqv,1,t1uwhgycnxruf62kfea3wefuetqlahxttqv,-
9410,minted,t1sjbaodtmts94hhndm1g6gsxs9r56r3fmi,1,t1sjbaodtmts94hhndm1g6gsxs9r56r3fmi,-
9411,minted,t1ktjgv2pfr1zjjsysvbhazviuacosicske,1,t1ktjgv2pfr1zjjsysvbhazviuacosicske,-
9412,minted,t1kcuw1npvr56on7dbzkddjob41akjlwe2h,1,t1kcuw1npvr56on7dbzkddjob41akjlwe2h,-
9414,minted,t1fygwxb9m6az4j3jftu52yeg2btdajqw5j,1,t1fygwxb9m6az4j3jftu52yeg2btdajqw5j,-
9415,minted,t1mbpptgk2u1whfogrhk3b38npfymyf1ckz,1,t1mbpptgk2u1whfogrhk3b38npfymyf1ckz,-
9416,minted,t1geadqaiqyvgaoog8vhocum1sq6scajdbe,1,t1geadqaiqyvgaoog8vhocum1sq6scajdbe,-
9417,minted,t1eqrq34pr3zkecprjvanrxmpdpxt32j8tv,1,t1eqrq34pr3zkecprjvanrxmpdpxt32j8tv,-
9421,minted,t1swxdgrkwwzgzchaqrn1u8n5sr6gsjtt11,1,t1swxdgrkwwzgzchaqrn1u8n5sr6gsjtt11,-
9425,minted,t1tuhpqkrnvjpjkj3yaenccecenarccfwgv,1,t1tuhpqkrnvjpjkj3yaenccecenarccfwgv,-
9426,minted,t1rgw6g813bmzoyvyd37iaewney6hditzvq,1,t1rgw6g813bmzoyvyd37iaewney6hditzvq,-
9427,minted,t1wwe8mf17ryho7niz6wlhriaxac5f8qymi,1,t1wwe8mf17ryho7niz6wlhriaxac5f8qymi,-
9428,minted,t1rnjbkm81ui7zsy2z2udyi7bil5xvjspvh,1,t1rnjbkm81ui7zsy2z2udyi7bil5xvjspvh,-
9429,minted,t1khhgjrucrrbn1jhnlz8ibmtok9tpidfui,1,t1khhgjrucrrbn1jhnlz8ibmtok9tpidfui,-
9430,minted,t1eulhsezaj6vbspzk8imsohsqkqqtpezkm,1,t1eulhsezaj6vbspzk8imsohsqkqqtpezkm,-
9431,minted,t1sn6q8wbuc1a2s7tjdbjzcqcti8uqutseq,1,t1sn6q8wbuc1a2s7tjdbjzcqcti8uqutseq,-
9432,minted,t1ldpz7hjrtq2ungknph3lf8ihehlsmebsv,1,t1ldpz7hjrtq2ungknph3lf8ihehlsmebsv,-
9433,minted,t1wwe8mf17ryho7niz6wlhriaxac5f8qymi,1,t1wwe8mf17ryho7niz6wlhriaxac5f8qymi,-
9434,minted,t1px7hlrau7co9lk3k81jcrntnilhrwgoxj,1,t1px7hlrau7co9lk3k81jcrntnilhrwgoxj,-
9435,minted,t1qz52qxsvz7coou2jjbkhuqhagui85j8sx,1,t1qz52qxsvz7coou2jjbkhuqhagui85j8sx,-
9438,minted,t1kcuw1npvr56on7dbzkddjob41akjlwe2h,1,t1kcuw1npvr56on7dbzkddjob41akjlwe2h,-
9441,minted,t1d1phzjprbfb6l3z7bpobkqdzjlavru3zb,1,t1d1phzjprbfb6l3z7bpobkqdzjlavru3zb,-
9442,minted,t1n2xu9lwtm2ht86utphhhi1umgppn6lfw5,1,t1n2xu9lwtm2ht86utphhhi1umgppn6lfw5,-
9443,minted,t1vnqzdvmveogfsmvu2hqbadttvlfre5fcr,1,t1vnqzdvmveogfsmvu2hqbadttvlfre5fcr,-
9444,minted,t1rnjbkm81ui7zsy2z2udyi7bil5xvjspvh,1,t1rnjbkm81ui7zsy2z2udyi7bil5xvjspvh,-
9445,minted,t1tdwjklmpx8k3pykwzyamcydtw24agjuus,1,t1tdwjklmpx8k3pykwzyamcydtw24agjuus,-
9446,minted,t1zvfc8q8ritdcmiyfuo4k1sytbf7fgtggs,1,t1zvfc8q8ritdcmiyfuo4k1sytbf7fgtggs,-
9451,minted,t1vimk2cvlaf4yf1cpkyw9zw2vqglla6pw9,1,t1vimk2cvlaf4yf1cpkyw9zw2vqglla6pw9,-
9452,minted,t1htqpkfbktjqwqdcazlfeyk2fbeejwqsxv,1,t1htqpkfbktjqwqdcazlfeyk2fbeejwqsxv,-
9454,minted,t1ldpz7hjrtq2ungknph3lf8ihehlsmebsv,1,t1ldpz7hjrtq2ungknph3lf8ihehlsmebsv,-
9457,minted,t1a7hvjbrse6vvorjndlqrau7kyjzcgqnk5,1,t1a7hvjbrse6vvorjndlqrau7kyjzcgqnk5,-
9458,minted,t1lckeea2rgmgawzafrvsyj5fnsbvejxujp,1,t1lckeea2rgmgawzafrvsyj5fnsbvejxujp,-
9459,minted,t1vnqzdvmveogfsmvu2hqbadttvlfre5fcr,1,t1vnqzdvmveogfsmvu2hqbadttvlfre5fcr,-
9460,minted,t1feeekduec8liqgczgjjrdeg8hegncfduw,1,t1feeekduec8liqgczgjjrdeg8hegncfduw,-
9461,minted,t1vnqzdvmveogfsmvu2hqbadttvlfre5fcr,1,t1vnqzdvmveogfsmvu2hqbadttvlfre5fcr,-
9462,minted,t1sjbaodtmts94hhndm1g6gsxs9r56r3fmi,1,t1sjbaodtmts94hhndm1g6gsxs9r56r3fmi,-
9463,minted,t1lakakmmjky8le5cmznkgdvcvvtnrkac8a,1,t1lakakmmjky8le5cmznkgdvcvvtnrkac8a,-
9464,minted,t1g2u5qqpd12pzqv2xakjvpvarmhvjhobsp,1,t1g2u5qqpd12pzqv2xakjvpvarmhvjhobsp,-
9466,minted,t1khhgjrucrrbn1jhnlz8ibmtok9tpidfui,1,t1khhgjrucrrbn1jhnlz8ibmtok9tpidfui,-
9467,minted,t1pk1uc5ma3yfs7jwim8pje8jqiv36b5eds,1,t1pk1uc5ma3yfs7jwim8pje8jqiv36b5eds,-
9468,minted,t1wuc9smduamu6tphqqkn5nhkq9jcfwljzv,1,t1wuc9smduamu6tphqqkn5nhkq9jcfwljzv,-
9469,minted,t1mesgayna3uxewakpuyhh464vyffvtchvv,1,t1mesgayna3uxewakpuyhh464vyffvtchvv,-
9470,minted,t1eeycfbwbu2fm3fztxs4iufljukzbnqpdg,1,t1eeycfbwbu2fm3fztxs4iufljukzbnqpdg,-
9471,minted,t1sjbaodtmts94hhndm1g6gsxs9r56r3fmi,1,t1sjbaodtmts94hhndm1g6gsxs9r56r3fmi,-
9473,minted,t1gfxpmbrdeohuwrzcrms99tghjuw7fufyu,1,t1gfxpmbrdeohuwrzcrms99tghjuw7fufyu,-
9474,minted,t1sjbaodtmts94hhndm1g6gsxs9r56r3fmi,1,t1sjbaodtmts94hhndm1g6gsxs9r56r3fmi,-
9475,minted,t1qupqtxglgncbo4msuegxdvjmbyunvptdb,1,t1qupqtxglgncbo4msuegxdvjmbyunvptdb,-
9478,minted,t1uwhgycnxruf62kfea3wefuetqlahxttqv,1,t1uwhgycnxruf62kfea3wefuetqlahxttqv,-
9479,minted,t1fhmctgkbwsvat71ynwsk74ylc3nzhc4mw,1,t1fhmctgkbwsvat71ynwsk74ylc3nzhc4mw,-
9482,minted,t1xkjq7z7dq1s1ksfux7qnk9l8a5rtjxapu,1,t1xkjq7z7dq1s1ksfux7qnk9l8a5rtjxapu,-
9484,minted,t1khhgjrucrrbn1jhnlz8ibmtok9tpidfui,1,t1khhgjrucrrbn1jhnlz8ibmtok9tpidfui,-
9486,minted,t1pudhqtsiqkwcge7gr3yo48b8ihw7s76ko,1,t1pudhqtsiqkwcge7gr3yo48b8ihw7s76ko,-
9487,minted,t1qlpbfcgqthby7gtqlcxjemd3unmdc17p9,1,t1qlpbfcgqthby7gtqlcxjemd3unmdc17p9,-
9488,minted,t1qpeclgkhmw4xgk2v6kaixumhjf5pehox1,1,t1qpeclgkhmw4xgk2v6kaixumhjf5pehox1,-
9490,minted,t1ugnmmfgvei3prgchynzyhugd5qysjpdcd,1,t1ugnmmfgvei3prgchynzyhugd5qysjpdcd,-
9493,minted,t1s7eadhhq5jufr1tkzgphgucbyjtja8ee1,1,t1s7eadhhq5jufr1tkzgphgucbyjtja8ee1,-
9494,minted,t1s7eadhhq5jufr1tkzgphgucbyjtja8ee1,1,t1s7eadhhq5jufr1tkzgphgucbyjtja8ee1,-
9495,minted,t1tk5exioia8at4ohgcguhdesvivbdmjfj5,1,t1tk5exioia8at4ohgcguhdesvivbdmjfj5,-
9497,minted,t1qbjuqt1hbqzrjjz9u4532oitwefqemvtp,1,t1qbjuqt1hbqzrjjz9u4532oitwefqemvtp,-
9502,minted,t1sn6q8wbuc1a2s7tjdbjzcqcti8uqutseq,1,t1sn6q8wbuc1a2s7tjdbjzcqcti8uqutseq,-
9505,minted,t1kqn6lrzaaqmy4vetlswnmpucd71ltoesq,1,t1kqn6lrzaaqmy4vetlswnmpucd71ltoesq,-
9508,minted,t1ntc76ehbxiqujv2dfaffwaeugj8tmvwzw,1,t1ntc76ehbxiqujv2dfaffwaeugj8tmvwzw,-
9509,minted,t1rn9twhetr1qorngpsri97eljaymkuz6ez,1,t1rn9twhetr1qorngpsri97eljaymkuz6ez,-
9512,minted,t1lz7kt1duyahmqzcuxp8jvrcvy1ps6so6e,1,t1lz7kt1duyahmqzcuxp8jvrcvy1ps6so6e,-
9513,minted,t1rjxectx3e63ydhaerxyynqck71mp117ty,1,t1rjxectx3e63ydhaerxyynqck71mp117ty,-
9516,minted,t1fcmnktgqtxnnsq9llfxityrj12uteieuk,1,t1fcmnktgqtxnnsq9llfxityrj12uteieuk,-
9517,minted,t1alunes1f8r7ps4wmmmecqrg2jdhgcryqk,1,t1alunes1f8r7ps4wmmmecqrg2jdhgcryqk,-
9523,minted,t1txjy2pkqzgyamblaeqkfjox5cszkk2fn4,1,t1txjy2pkqzgyamblaeqkfjox5cszkk2fn4,-
9524,minted,t1e8ngofffiypiaep6pvacscj6g3y1ircr8,1,t1e8ngofffiypiaep6pvacscj6g3y1ircr8,-
9526,minted,t1c9zdg3amocc9xwk4s522bp5c9ye5x4d6p,1,t1c9zdg3amocc9xwk4s522bp5c9ye5x4d6p,-
9528,minted,t1kcuw1npvr56on7dbzkddjob41akjlwe2h,1,t1kcuw1npvr56on7dbzkddjob41akjlwe2h,-
9530,minted,t1c9zdg3amocc9xwk4s522bp5c9ye5x4d6p,1,t1c9zdg3amocc9xwk4s522bp5c9ye5x4d6p,-
9532,minted,t1n9vkjsqqpvji45dbmsyqbf3oms6efzbav,1,t1n9vkjsqqpvji45dbmsyqbf3oms6efzbav,-
9533,minted,t1k6zlqemuuuh7y2tzmnybqtkztmzt4kz5z,1,t1k6zlqemuuuh7y2tzmnybqtkztmzt4kz5z,-
9534,minted,t1d1phzjprbfb6l3z7bpobkqdzjlavru3zb,1,t1d1phzjprbfb6l3z7bpobkqdzjlavru3zb,-
9535,minted,t1rn9twhetr1qorngpsri97eljaymkuz6ez,1,t1rn9twhetr1qorngpsri97eljaymkuz6ez,-
9536,minted,t1ezmafcocld3avqj6clnp9ecyjeey3bbgn,1,t1ezmafcocld3avqj6clnp9ecyjeey3bbgn,-
9539,minted,t1gfxpmbrdeohuwrzcrms99tghjuw7fufyu,1,t1gfxpmbrdeohuwrzcrms99tghjuw7fufyu,-
9540,minted,t1phbzxzsn1drjjezf6wmsujgxayy9h5daz,1,t1phbzxzsn1drjjezf6wmsujgxayy9h5daz,-
9541,minted,t1nveuzt6vcr9tm2p2xd1gxdbnwyo6rrd39,1,t1nveuzt6vcr9tm2p2xd1gxdbnwyo6rrd39,-
9542,minted,t1keyd75eld8bvhtjn9r2sqxsomd4uksy3q,1,t1keyd75eld8bvhtjn9r2sqxsomd4uksy3q,-
9543,minted,t1txjy2pkqzgyamblaeqkfjox5cszkk2fn4,1,t1txjy2pkqzgyamblaeqkfjox5cszkk2fn4,-
9544,minted,t1rgw6g813bmzoyvyd37iaewney6hditzvq,1,t1rgw6g813bmzoyvyd37iaewney6hditzvq,-
9546,minted,t1rnjbkm81ui7zsy2z2udyi7bil5xvjspvh,1,t1rnjbkm81ui7zsy2z2udyi7bil5xvjspvh,-
9549,minted,t1lxawpjvl85qecyxujjpsb3bujzogs5wm7,1,t1lxawpjvl85qecyxujjpsb3bujzogs5wm7,-
9551,minted,t1rjxectx3e63ydhaerxyynqck71mp117ty,1,t1rjxectx3e63ydhaerxyynqck71mp117ty,-
9552,minted,t1rjxectx3e63ydhaerxyynqck71mp117ty,1,t1rjxectx3e63ydhaerxyynqck71mp117ty,-
9554,minted,t1geadqaiqyvgaoog8vhocum1sq6scajdbe,1,t1geadqaiqyvgaoog8vhocum1sq6scajdbe,-
9555,minted,t1qpeclgkhmw4xgk2v6kaixumhjf5pehox1,1,t1qpeclgkhmw4xgk2v6kaixumhjf5pehox1,-
9556,minted,t1a7hvjbrse6vvorjndlqrau7kyjzcgqnk5,1,t1a7hvjbrse6vvorjndlqrau7kyjzcgqnk5,-
9560,minted,t1eqrq34pr3zkecprjvanrxmpdpxt32j8tv,1,t1eqrq34pr3zkecprjvanrxmpdpxt32j8tv,-
9562,minted,t1relemkcagbfnehud1r1jsu9dhpqwybapn,1,t1relemkcagbfnehud1r1jsu9dhpqwybapn,-
9566,minted,t1mh8fytskubkcsbwy9r79xf6jgnchjyz4m,1,t1mh8fytskubkcsbwy9r79xf6jgnchjyz4m,-
9567,minted,t1vu8wavcg1xe8qhdyowsmv2s9i63htj9sy,1,t1vu8wavcg1xe8qhdyowsmv2s9i63htj9sy,-
9568,minted,t1fym6ponzmhqgj1azpaimmy1wzligfzdwt,1,t1fym6ponzmhqgj1azpaimmy1wzligfzdwt,-
9569,minted,t1qunysptkw1jvmv2abfvljustmikybvfiy,1,t1qunysptkw1jvmv2abfvljustmikybvfiy,-
9571,minted,t1n9vkjsqqpvji45dbmsyqbf3oms6efzbav,1,t1n9vkjsqqpvji45dbmsyqbf3oms6efzbav,-
9572,minted,t1fym6ponzmhqgj1azpaimmy1wzligfzdwt,1,t1fym6ponzmhqgj1azpaimmy1wzligfzdwt,-
9575,minted,t1vimk2cvlaf4yf1cpkyw9zw2vqglla6pw9,1,t1vimk2cvlaf4yf1cpkyw9zw2vqglla6pw9,-
9576,minted,t1ppp9pu3ezkzjgu7cccmx1xsnxxxp3apas,1,t1ppp9pu3ezkzjgu7cccmx1xsnxxxp3apas,-
9579,minted,t1lz7kt1duyahmqzcuxp8jvrcvy1ps6so6e,1,t1lz7kt1duyahmqzcuxp8jvrcvy1ps6so6e,-
9580,minted,t1lckeea2rgmgawzafrvsyj5fnsbvejxujp,1,t1lckeea2rgmgawzafrvsyj5fnsbvejxujp,-
9581,minted,t1kdc4eo3wd5tid6pledtetlckl7ngo9zze,1,t1kdc4eo3wd5tid6pledtetlckl7ngo9zze,-
9583,minted,t1ad5mp7aux3fxfv5hwtjfeiihcdtb71smg,1,t1ad5mp7aux3fxfv5hwtjfeiihcdtb71smg,-
9585,minted,t1roxdrmb2qgdvzwejbtpl7assozek7uhnb,1,t1roxdrmb2qgdvzwejbtpl7assozek7uhnb,-
9589,minted,t1q3k7lwfkwzyxbpwjrqe9mewfw7iqwbbpg,1,t1q3k7lwfkwzyxbpwjrqe9mewfw7iqwbbpg,-
9591,minted,t1y8g4khzqcpxsvmp5mw9kctngda2g9e4z6,1,t1y8g4khzqcpxsvmp5mw9kctngda2g9e4z6,-
9592,minted,t1keyd75eld8bvhtjn9r2sqxsomd4uksy3q,1,t1keyd75eld8bvhtjn9r2sqxsomd4uksy3q,-
9594,minted,t1keyd75eld8bvhtjn9r2sqxsomd4uksy3q,1,t1keyd75eld8bvhtjn9r2sqxsomd4uksy3q,-
9596,minted,t1wwe8mf17ryho7niz6wlhriaxac5f8qymi,1,t1wwe8mf17ryho7niz6wlhriaxac5f8qymi,-
9597,minted,t1eqrq34pr3zkecprjvanrxmpdpxt32j8tv,1,t1eqrq34pr3zkecprjvanrxmpdpxt32j8tv,-
9598,minted,t1k1k3lvujfthpw1rx5gye1wt1w3nfffkuz,1,t1k1k3lvujfthpw1rx5gye1wt1w3nfffkuz,-
9599,minted,t1ackjtwvbsfgafminnbmneegdypv9g3gca,1,t1ackjtwvbsfgafminnbmneegdypv9g3gca,-
9600,minted,t1tm4ukzttclqbius6oqzhbb5wla9soo3ii,1,t1tm4ukzttclqbius6oqzhbb5wla9soo3ii,-
9601,minted,t1lzi24jydjzsfib29wpm2jvp83kwlnkcrb,1,t1lzi24jydjzsfib29wpm2jvp83kwlnkcrb,-
9603,minted,t1qpeclgkhmw4xgk2v6kaixumhjf5pehox1,1,t1qpeclgkhmw4xgk2v6kaixumhjf5pehox1,-
9605,minted,t1g797iuz3hzgkyxzuxjlukm7a8juqndwnv,1,t1g797iuz3hzgkyxzuxjlukm7a8juqndwnv,-
9607,minted,t1jdsfjfc6ydm63jvp9jtmykdxyyxrrtqek,1,t1jdsfjfc6ydm63jvp9jtmykdxyyxrrtqek,-
9608,minted,t1fcmnktgqtxnnsq9llfxityrj12uteieuk,1,t1fcmnktgqtxnnsq9llfxityrj12uteieuk,-
9611,minted,t1aphfzzmcujqhuenxl5odscmyv97ti5dwv,1,t1aphfzzmcujqhuenxl5odscmyv97ti5dwv,-
9612,minted,t1sn6q8wbuc1a2s7tjdbjzcqcti8uqutseq,1,t1sn6q8wbuc1a2s7tjdbjzcqcti8uqutseq,-
9614,minted,t1px7hlrau7co9lk3k81jcrntnilhrwgoxj,1,t1px7hlrau7co9lk3k81jcrntnilhrwgoxj,-
9615,minted,t1yhhkhqqqgtgr7fqa2ce1pcagqxwt5xwcy,1,t1yhhkhqqqgtgr7fqa2ce1pcagqxwt5xwcy,-
9616,minted,t1nmcjpeuqab3ghpbqpfzg7xypw3th4krnp,1,t1nmcjpeuqab3ghpbqpfzg7xypw3th4krnp,-
9617,minted,t1ackjtwvbsfgafminnbmneegdypv9g3gca,1,t1ackjtwvbsfgafminnbmneegdypv9g3gca,-
9619,minted,t1cufblk8osimwlfkpnt815kcsllnjqetwk,1,t1cufblk8osimwlfkpnt815kcsllnjqetwk,-
9620,minted,t1rbb2dc8ytb7ceuwjr3vuspcmdr5k2epnb,1,t1rbb2dc8ytb7ceuwjr3vuspcmdr5k2epnb,-
9622,minted,t1vf4k61qeseulhxpzkjch3nb3q1vw6fvx9,1,t1vf4k61qeseulhxpzkjch3nb3q1vw6fvx9,-
9623,minted,t1vxjd7iypy58chghwfrhmbnijefrkycbvn,1,t1vxjd7iypy58chghwfrhmbnijefrkycbvn,-
9627,minted,t1sg7teea9tkjymwsffeq3aqyczdvpknsny,1,t1sg7teea9tkjymwsffeq3aqyczdvpknsny,-
9628,minted,t1lckeea2rgmgawzafrvsyj5fnsbvejxujp,1,t1lckeea2rgmgawzafrvsyj5fnsbvejxujp,-
9629,minted,t1fygwxb9m6az4j3jftu52yeg2btdajqw5j,1,t1fygwxb9m6az4j3jftu52yeg2btdajqw5j,-
9630,minted,t1uijcpndrzgcmqlg67y8ld8xailbijq9ku,1,t1uijcpndrzgcmqlg67y8ld8xailbijq9ku,-
9631,minted,t1vxzayz2wtcgluk2rrlctxr5ivjzzfmluy,1,t1vxzayz2wtcgluk2rrlctxr5ivjzzfmluy,-
9634,minted,t1lzpx1jbaka9jlgu26bfufmqgkbk9vhhyq,1,t1lzpx1jbaka9jlgu26bfufmqgkbk9vhhyq,-
9635,minted,t1vnqzdvmveogfsmvu2hqbadttvlfre5fcr,1,t1vnqzdvmveogfsmvu2hqbadttvlfre5fcr,-
9636,minted,t1xkb2xu5cytyrh46mgtxqe9rbuvcwmdxbw,1,t1xkb2xu5cytyrh46mgtxqe9rbuvcwmdxbw,-
9638,minted,t1b4xybydvhinc2qasg9zgtdrqmxqyb6ax7,1,t1b4xybydvhinc2qasg9zgtdrqmxqyb6ax7,-
9639,minted,t1nbcwvag8rl5dqnteutamsrfnxamtyptdj,1,t1nbcwvag8rl5dqnteutamsrfnxamtyptdj,-
9640,minted,t1lz7kt1duyahmqzcuxp8jvrcvy1ps6so6e,1,t1lz7kt1duyahmqzcuxp8jvrcvy1ps6so6e,-
9642,minted,t1kcuw1npvr56on7dbzkddjob41akjlwe2h,1,t1kcuw1npvr56on7dbzkddjob41akjlwe2h,-
9644,minted,t1d1phzjprbfb6l3z7bpobkqdzjlavru3zb,1,t1d1phzjprbfb6l3z7bpobkqdzjlavru3zb,-
9645,minted,t1vimk2cvlaf4yf1cpkyw9zw2vqglla6pw9,1,t1vimk2cvlaf4yf1cpkyw9zw2vqglla6pw9,-
9646,minted,t1zvfc8q8ritdcmiyfuo4k1sytbf7fgtggs,1,t1zvfc8q8ritdcmiyfuo4k1sytbf7fgtggs,-
9652,minted,t1qpeclgkhmw4xgk2v6kaixumhjf5pehox1,1,t1qpeclgkhmw4xgk2v6kaixumhjf5pehox1,-
9654,minted,t1d1phzjprbfb6l3z7bpobkqdzjlavru3zb,1,t1d1phzjprbfb6l3z7bpobkqdzjlavru3zb,-
9655,minted,t1ceuykreawgbzptq5b4crcjswqgk3iwcvu,1,t1ceuykreawgbzptq5b4crcjswqgk3iwcvu,-
9656,minted,t1wwe8mf17ryho7niz6wlhriaxac5f8qymi,1,t1wwe8mf17ryho7niz6wlhriaxac5f8qymi,-
9658,minted,t1sjbaodtmts94hhndm1g6gsxs9r56r3fmi,1,t1sjbaodtmts94hhndm1g6gsxs9r56r3fmi,-
9660,minted,t1sqqn7d3fhvj1adwgfip6ebxtqjcngrwff,1,t1sqqn7d3fhvj1adwgfip6ebxtqjcngrwff,-
9661,minted,t1tdwjklmpx8k3pykwzyamcydtw24agjuus,1,t1tdwjklmpx8k3pykwzyamcydtw24agjuus,-
9662,minted,t1c9zdg3amocc9xwk4s522bp5c9ye5x4d6p,1,t1c9zdg3amocc9xwk4s522bp5c9ye5x4d6p,-
9663,minted,t1umuzozkqrbtaknbascznhnpqj7dxixrvq,1,t1umuzozkqrbtaknbascznhnpqj7dxixrvq,-
9664,minted,t1txjy2pkqzgyamblaeqkfjox5cszkk2fn4,1,t1txjy2pkqzgyamblaeqkfjox5cszkk2fn4,-
9665,minted,t1k6yc47blup7xpfvsassvk9xa4b2zd2yxq,1,t1k6yc47blup7xpfvsassvk9xa4b2zd2yxq,-
9667,minted,t1jdsfjfc6ydm63jvp9jtmykdxyyxrrtqek,1,t1jdsfjfc6ydm63jvp9jtmykdxyyxrrtqek,-
9668,minted,t1rbb2dc8ytb7ceuwjr3vuspcmdr5k2epnb,1,t1rbb2dc8ytb7ceuwjr3vuspcmdr5k2epnb,-
9670,minted,t1bqz7lcv5ca65pcubguiqdjfy4qhsvzbzz,1,t1bqz7lcv5ca65pcubguiqdjfy4qhsvzbzz,-
9671,minted,t1jdsfjfc6ydm63jvp9jtmykdxyyxrrtqek,1,t1jdsfjfc6ydm63jvp9jtmykdxyyxrrtqek,-
9672,minted,t1mngxewfzwa9tch7tyvjbafwy4ths9vn2g,1,t1mngxewfzwa9tch7tyvjbafwy4ths9vn2g,-
9674,minted,t1fcmnktgqtxnnsq9llfxityrj12uteieuk,1,t1fcmnktgqtxnnsq9llfxityrj12uteieuk,-
9676,minted,t1urpiavkof3253qofgncv8fwp6zaihlsua,1,t1urpiavkof3253qofgncv8fwp6zaihlsua,-
9678,minted,t1edeayny2lzdrdyy65r37opkpnkhaoeazy,1,t1edeayny2lzdrdyy65r37opkpnkhaoeazy,-
9680,minted,t1wdk8ftmqhutjtpqoftehpxunlkfuvyspm,1,t1wdk8ftmqhutjtpqoftehpxunlkfuvyspm,-
9681,minted,t1wdk8ftmqhutjtpqoftehpxunlkfuvyspm,1,t1wdk8ftmqhutjtpqoftehpxunlkfuvyspm,-
9686,minted,t1fcmnktgqtxnnsq9llfxityrj12uteieuk,1,t1fcmnktgqtxnnsq9llfxityrj12uteieuk,-
9687,minted,t1fcmnktgqtxnnsq9llfxityrj12uteieuk,1,t1fcmnktgqtxnnsq9llfxityrj12uteieuk,-
9688,minted,t1k1k3lvujfthpw1rx5gye1wt1w3nfffkuz,1,t1k1k3lvujfthpw1rx5gye1wt1w3nfffkuz,-
9689,minted,t1sn6q8wbuc1a2s7tjdbjzcqcti8uqutseq,1,t1sn6q8wbuc1a2s7tjdbjzcqcti8uqutseq,-
9690,minted,t1dfjru8b7hjg8t7zxhdcuctfffw7b71alt,1,t1dfjru8b7hjg8t7zxhdcuctfffw7b71alt,-
9692,minted,t1ackjtwvbsfgafminnbmneegdypv9g3gca,1,t1ackjtwvbsfgafminnbmneegdypv9g3gca,-
9693,minted,t1b4xybydvhinc2qasg9zgtdrqmxqyb6ax7,1,t1b4xybydvhinc2qasg9zgtdrqmxqyb6ax7,-
9694,minted,t1geadqaiqyvgaoog8vhocum1sq6scajdbe,1,t1geadqaiqyvgaoog8vhocum1sq6scajdbe,-
9695,minted,t1bqz7lcv5ca65pcubguiqdjfy4qhsvzbzz,1,t1bqz7lcv5ca65pcubguiqdjfy4qhsvzbzz,-
9696,minted,t1dxhdbxbic87ktuvucaxyug62g2binylpj,1,t1dxhdbxbic87ktuvucaxyug62g2binylpj,-
9697,minted,t1ra5rzwpgv2h197mszzuczzh3sqdq7yssl,1,t1ra5rzwpgv2h197mszzuczzh3sqdq7yssl,-
9698,minted,t1kvxs4mz4judj4ysgquvgk1e5m5kayb8nz,1,t1kvxs4mz4judj4ysgquvgk1e5m5kayb8nz,-
9702,minted,t1c3ko29zefpjjtwe5bqs44hkfzmmshqzj2,1,t1c3ko29zefpjjtwe5bqs44hkfzmmshqzj2,-
9704,minted,t1fcmnktgqtxnnsq9llfxityrj12uteieuk,1,t1fcmnktgqtxnnsq9llfxityrj12uteieuk,-
9708,minted,t1wxlkbsuqmtd6nzburphdhp5bfhgajllps,1,t1wxlkbsuqmtd6nzburphdhp5bfhgajllps,-
9709,minted,t1kcuw1npvr56on7dbzkddjob41akjlwe2h,1,t1kcuw1npvr56on7dbzkddjob41akjlwe2h,-
9710,minted,t1c2kcpjr9duwyeaxgkcryauwpgapspt44n,1,t1c2kcpjr9duwyeaxgkcryauwpgapspt44n,-
9713,minted,t1rjxectx3e63ydhaerxyynqck71mp117ty,1,t1rjxectx3e63ydhaerxyynqck71mp117ty,-
9714,minted,t1ktjgv2pfr1zjjsysvbhazviuacosicske,1,t1ktjgv2pfr1zjjsysvbhazviuacosicske,-
9719,minted,t1zvfc8q8ritdcmiyfuo4k1sytbf7fgtggs,1,t1zvfc8q8ritdcmiyfuo4k1sytbf7fgtggs,-
9720,minted,t1xszkmqptzube3nardgsxf4pdcctb5lac2,1,t1xszkmqptzube3nardgsxf4pdcctb5lac2,-
9722,minted,t1rn9twhetr1qorngpsri97eljaymkuz6ez,1,t1rn9twhetr1qorngpsri97eljaymkuz6ez,-
9725,minted,t1ad5mp7aux3fxfv5hwtjfeiihcdtb71smg,1,t1ad5mp7aux3fxfv5hwtjfeiihcdtb71smg,-
9726,minted,t1aphfzzmcujqhuenxl5odscmyv97ti5dwv,1,t1aphfzzmcujqhuenxl5odscmyv97ti5dwv,-
9728,minted,t1zvfc8q8ritdcmiyfuo4k1sytbf7fgtggs,1,t1zvfc8q8ritdcmiyfuo4k1sytbf7fgtggs,-
9729,minted,t1harykyjfctqhcswkwobfnqydrtpybcusz,1,t1harykyjfctqhcswkwobfnqydrtpybcusz,-
9730,minted,t1px7hlrau7co9lk3k81jcrntnilhrwgoxj,1,t1px7hlrau7co9lk3k81jcrntnilhrwgoxj,-
9732,minted,t1kqn6lrzaaqmy4vetlswnmpucd71ltoesq,1,t1kqn6lrzaaqmy4vetlswnmpucd71ltoesq,-
9734,minted,t1b4xybydvhinc2qasg9zgtdrqmxqyb6ax7,1,t1b4xybydvhinc2qasg9zgtdrqmxqyb6ax7,-
9735,minted,t1vf4k61qeseulhxpzkjch3nb3q1vw6fvx9,1,t1vf4k61qeseulhxpzkjch3nb3q1vw6fvx9,-
9736,minted,t1edeayny2lzdrdyy65r37opkpnkhaoeazy,1,t1edeayny2lzdrdyy65r37opkpnkhaoeazy,-
9737,minted,t1keyd75eld8bvhtjn9r2sqxsomd4uksy3q,1,t1keyd75eld8bvhtjn9r2sqxsomd4uksy3q,-
9738,minted,t1nveuzt6vcr9tm2p2xd1gxdbnwyo6rrd39,1,t1nveuzt6vcr9tm2p2xd1gxdbnwyo6rrd39,-
9739,minted,t1k6zlqemuuuh7y2tzmnybqtkztmzt4kz5z,1,t1k6zlqemuuuh7y2tzmnybqtkztmzt4kz5z,-
9743,minted,t1k6zlqemuuuh7y2tzmnybqtkztmzt4kz5z,1,t1k6zlqemuuuh7y2tzmnybqtkztmzt4kz5z,-
9744,minted,t1fcmnktgqtxnnsq9llfxityrj12uteieuk,1,t1fcmnktgqtxnnsq9llfxityrj12uteieuk,-
9753,minted,t1uwhgycnxruf62kfea3wefuetqlahxttqv,1,t1uwhgycnxruf62kfea3wefuetqlahxttqv,-
9754,minted,t1uwhgycnxruf62kfea3wefuetqlahxttqv,1,t1uwhgycnxruf62kfea3wefuetqlahxttqv,-
9755,minted,t1g797iuz3hzgkyxzuxjlukm7a8juqndwnv,1,t1g797iuz3hzgkyxzuxjlukm7a8juqndwnv,-
9758,minted,t1gfxpmbrdeohuwrzcrms99tghjuw7fufyu,1,t1gfxpmbrdeohuwrzcrms99tghjuw7fufyu,-
9759,minted,t1feeekduec8liqgczgjjrdeg8hegncfduw,1,t1feeekduec8liqgczgjjrdeg8hegncfduw,-
9761,minted,t1geadqaiqyvgaoog8vhocum1sq6scajdbe,1,t1geadqaiqyvgaoog8vhocum1sq6scajdbe,-
9764,minted,t1xkb2xu5cytyrh46mgtxqe9rbuvcwmdxbw,1,t1xkb2xu5cytyrh46mgtxqe9rbuvcwmdxbw,-
9765,minted,t1dvmn42ahlgqhk4eaqcg8hticmc7sdu4mn,1,t1dvmn42ahlgqhk4eaqcg8hticmc7sdu4mn,-
9766,minted,t1lckeea2rgmgawzafrvsyj5fnsbvejxujp,1,t1lckeea2rgmgawzafrvsyj5fnsbvejxujp,-
9768,minted,t1k1k3lvujfthpw1rx5gye1wt1w3nfffkuz,1,t1k1k3lvujfthpw1rx5gye1wt1w3nfffkuz,-
9769,minted,t1n9vkjsqqpvji45dbmsyqbf3oms6efzbav,1,t1n9vkjsqqpvji45dbmsyqbf3oms6efzbav,-
9771,minted,t1wjymzb8eklefe8jcxdxijvxwrbxybmig5,1,t1wjymzb8eklefe8jcxdxijvxwrbxybmig5,-
9773,minted,t1fcmnktgqtxnnsq9llfxityrj12uteieuk,1,t1fcmnktgqtxnnsq9llfxityrj12uteieuk,-
9774,minted,t1p5vrsuo2qdsnk3npp3scfrsayer2cnxqu,1,t1p5vrsuo2qdsnk3npp3scfrsayer2cnxqu,-
9775,minted,t1ry1amqjxbasfn4g54vejjhgfwhqyau6kq,1,t1ry1amqjxbasfn4g54vejjhgfwhqyau6kq,-
9776,minted,t1wdk8ftmqhutjtpqoftehpxunlkfuvyspm,1,t1wdk8ftmqhutjtpqoftehpxunlkfuvyspm,-
9777,minted,t1jwcn7bwhwiw2xscgwymbdbppl57rpbjjw,1,t1jwcn7bwhwiw2xscgwymbdbppl57rpbjjw,-
9778,minted,t1cufblk8osimwlfkpnt815kcsllnjqetwk,1,t1cufblk8osimwlfkpnt815kcsllnjqetwk,-
9781,minted,t1plr7emfb4ptjr3ydgkxtvvcx88vipczbg,1,t1plr7emfb4ptjr3ydgkxtvvcx88vipczbg,-
9782,minted,t1ceuykreawgbzptq5b4crcjswqgk3iwcvu,1,t1ceuykreawgbzptq5b4crcjswqgk3iwcvu,-
9785,minted,t1ceuykreawgbzptq5b4crcjswqgk3iwcvu,1,t1ceuykreawgbzptq5b4crcjswqgk3iwcvu,-
9786,minted,t1qpeclgkhmw4xgk2v6kaixumhjf5pehox1,1,t1qpeclgkhmw4xgk2v6kaixumhjf5pehox1,-
9787,minted,t1eqrq34pr3zkecprjvanrxmpdpxt32j8tv,1,t1eqrq34pr3zkecprjvanrxmpdpxt32j8tv,-
9789,minted,t1ad5mp7aux3fxfv5hwtjfeiihcdtb71smg,1,t1ad5mp7aux3fxfv5hwtjfeiihcdtb71smg,-
9793,minted,t1wdk8ftmqhutjtpqoftehpxunlkfuvyspm,1,t1wdk8ftmqhutjtpqoftehpxunlkfuvyspm,-
9794,minted,t1b4xybydvhinc2qasg9zgtdrqmxqyb6ax7,1,t1b4xybydvhinc2qasg9zgtdrqmxqyb6ax7,-
9795,minted,t1bqz7lcv5ca65pcubguiqdjfy4qhsvzbzz,1,t1bqz7lcv5ca65pcubguiqdjfy4qhsvzbzz,-
9796,minted,t1xgramzt5zp1cjwno2hzuyp66g3lhojpn4,1,t1xgramzt5zp1cjwno2hzuyp66g3lhojpn4,-
9797,minted,t1relemkcagbfnehud1r1jsu9dhpqwybapn,1,t1relemkcagbfnehud1r1jsu9dhpqwybapn,-
9798,minted,t1uctyrme2jmsqcg6qcjumu1yjhxnogfddj,1,t1uctyrme2jmsqcg6qcjumu1yjhxnogfddj,-
9800,failed,t1b4xybydvhinc2qasg9zgtdrqmxqyb6ax7,1,-,-
9801,minted,t1aphfzzmcujqhuenxl5odscmyv97ti5dwv,1,t1aphfzzmcujqhuenxl5odscmyv97ti5dwv,-
9804,minted,t1ezmafcocld3avqj6clnp9ecyjeey3bbgn,1,t1ezmafcocld3avqj6clnp9ecyjeey3bbgn,-
9805,minted,t1vxjd7iypy58chghwfrhmbnijefrkycbvn,1,t1vxjd7iypy58chghwfrhmbnijefrkycbvn,-
9807,minted,t1w4yxr8rtmgzkd25jgweywxqnem3llmxwq,1,t1w4yxr8rtmgzkd25jgweywxqnem3llmxwq,-
9808,minted,t1wsohyjrazyhjmzfvbxtrbwh1fo9iypbqx,1,t1wsohyjrazyhjmzfvbxtrbwh1fo9iypbqx,-
9809,minted,t1kpwnwxtu8wf5g5twdruqbnh4bi6tohrtn,1,t1kpwnwxtu8wf5g5twdruqbnh4bi6tohrtn,-
9810,minted,t1ad5mp7aux3fxfv5hwtjfeiihcdtb71smg,1,t1ad5mp7aux3fxfv5hwtjfeiihcdtb71smg,-
9812,minted,t1swxdgrkwwzgzchaqrn1u8n5sr6gsjtt11,1,t1swxdgrkwwzgzchaqrn1u8n5sr6gsjtt11,-
9813,minted,t1mn1hixkseswrzwe7jbk82flewryugjtc9,1,t1mn1hixkseswrzwe7jbk82flewryugjtc9,-
9814,minted,t1t954bo5mpnjpjqri544hnaazmwxuvgpmh,1,t1t954bo5mpnjpjqri544hnaazmwxuvgpmh,-
9816,minted,t1wdk8ftmqhutjtpqoftehpxunlkfuvyspm,1,t1wdk8ftmqhutjtpqoftehpxunlkfuvyspm,-
9817,minted,t1a6nwf5tjdprzfwhaduw1brvoybqbnquso,1,t1a6nwf5tjdprzfwhaduw1brvoybqbnquso,-
9818,minted,t1n9vkjsqqpvji45dbmsyqbf3oms6efzbav,1,t1n9vkjsqqpvji45dbmsyqbf3oms6efzbav,-
9822,minted,t1kl4fasdmwjcjpikeb4yrog6uddknzw5fv,1,t1kl4fasdmwjcjpikeb4yrog6uddknzw5fv,-
9824,minted,t1qpeclgkhmw4xgk2v6kaixumhjf5pehox1,1,t1qpeclgkhmw4xgk2v6kaixumhjf5pehox1,-
9825,minted,t1psnfhk4ildwruk9t5s955rcsdypgkzlch,1,t1psnfhk4ildwruk9t5s955rcsdypgkzlch,-
9826,minted,t1rjxectx3e63ydhaerxyynqck71mp117ty,1,t1rjxectx3e63ydhaerxyynqck71mp117ty,-
9830,minted,t1qpeclgkhmw4xgk2v6kaixumhjf5pehox1,1,t1qpeclgkhmw4xgk2v6kaixumhjf5pehox1,-
9832,minted,t1ad5mp7aux3fxfv5hwtjfeiihcdtb71smg,1,t1ad5mp7aux3fxfv5hwtjfeiihcdtb71smg,-
9833,minted,t1uijcpndrzgcmqlg67y8ld8xailbijq9ku,1,t1uijcpndrzgcmqlg67y8ld8xailbijq9ku,-
9835,minted,t1rmhswkzucw9ub1owuggjwv6lbrvbfxczv,1,t1rmhswkzucw9ub1owuggjwv6lbrvbfxczv,-
9836,minted,t1aphfzzmcujqhuenxl5odscmyv97ti5dwv,1,t1aphfzzmcujqhuenxl5odscmyv97ti5dwv,-
9837,minted,t1qhrzywphn7sbgbnrqfdohtkg6kjojogfd,1,t1qhrzywphn7sbgbnrqfdohtkg6kjojogfd,-
9838,minted,t1qunysptkw1jvmv2abfvljustmikybvfiy,1,t1qunysptkw1jvmv2abfvljustmikybvfiy,-
9839,minted,t1htqpkfbktjqwqdcazlfeyk2fbeejwqsxv,1,t1htqpkfbktjqwqdcazlfeyk2fbeejwqsxv,-
9840,minted,t1pudhqtsiqkwcge7gr3yo48b8ihw7s76ko,1,t1pudhqtsiqkwcge7gr3yo48b8ihw7s76ko,-
9842,minted,t1kcuw1npvr56on7dbzkddjob41akjlwe2h,1,t1kcuw1npvr56on7dbzkddjob41akjlwe2h,-
9844,minted,t1utwwsaslf2xhdaec4hnfbewky6k9e6yqi,1,t1utwwsaslf2xhdaec4hnfbewky6k9e6yqi,-
9845,minted,t1sn6q8wbuc1a2s7tjdbjzcqcti8uqutseq,1,t1sn6q8wbuc1a2s7tjdbjzcqcti8uqutseq,-
9846,minted,t1gfxpmbrdeohuwrzcrms99tghjuw7fufyu,1,t1gfxpmbrdeohuwrzcrms99tghjuw7fufyu,-
9847,minted,t1c9zdg3amocc9xwk4s522bp5c9ye5x4d6p,1,t1c9zdg3amocc9xwk4s522bp5c9ye5x4d6p,-
9848,minted,t1bnbdl7zusefkhvhgzfad5jq6e3d1fg3hz,1,t1bnbdl7zusefkhvhgzfad5jq6e3d1fg3hz,-
9850,minted,t1dfjru8b7hjg8t7zxhdcuctfffw7b71alt,1,t1dfjru8b7hjg8t7zxhdcuctfffw7b71alt,-
9854,minted,t1fygwxb9m6az4j3jftu52yeg2btdajqw5j,1,t1fygwxb9m6az4j3jftu52yeg2btdajqw5j,-
9856,minted,t1lg1d8nllkzqv55fueqvfitqslwsjrh57y,1,t1lg1d8nllkzqv55fueqvfitqslwsjrh57y,-
9859,minted,t1dvmn42ahlgqhk4eaqcg8hticmc7sdu4mn,1,t1dvmn42ahlgqhk4eaqcg8hticmc7sdu4mn,-
9860,minted,t1vnqzdvmveogfsmvu2hqbadttvlfre5fcr,1,t1vnqzdvmveogfsmvu2hqbadttvlfre5fcr,-
9861,minted,t1cufblk8osimwlfkpnt815kcsllnjqetwk,1,t1cufblk8osimwlfkpnt815kcsllnjqetwk,-
9862,minted,t1t954bo5mpnjpjqri544hnaazmwxuvgpmh,1,t1t954bo5mpnjpjqri544hnaazmwxuvgpmh,-
9864,minted,t1xkjq7z7dq1s1ksfux7qnk9l8a5rtjxapu,1,t1xkjq7z7dq1s1ksfux7qnk9l8a5rtjxapu,-
9865,minted,t1ceuykreawgbzptq5b4crcjswqgk3iwcvu,1,t1ceuykreawgbzptq5b4crcjswqgk3iwcvu,-
9867,minted,t1bqz7lcv5ca65pcubguiqdjfy4qhsvzbzz,1,t1bqz7lcv5ca65pcubguiqdjfy4qhsvzbzz,-
9868,minted,t1d1phzjprbfb6l3z7bpobkqdzjlavru3zb,1,t1d1phzjprbfb6l3z7bpobkqdzjlavru3zb,-
9871,minted,t1xkb2xu5cytyrh46mgtxqe9rbuvcwmdxbw,1,t1xkb2xu5cytyrh46mgtxqe9rbuvcwmdxbw,-
9872,minted,t1wwe8mf17ryho7niz6wlhriaxac5f8qymi,1,t1wwe8mf17ryho7niz6wlhriaxac5f8qymi,-
9874,minted,t1rgw6g813bmzoyvyd37iaewney6hditzvq,1,t1rgw6g813bmzoyvyd37iaewney6hditzvq,-
9876,minted,t1jvt6adsbpyma35n5p6zjiyjntu8abhw4z,1,t1jvt6adsbpyma35n5p6zjiyjntu8abhw4z,-
9877,minted,t1roxdrmb2qgdvzwejbtpl7assozek7uhnb,1,t1roxdrmb2qgdvzwejbtpl7assozek7uhnb,-
9879,minted,t1kcuw1npvr56on7dbzkddjob41akjlwe2h,1,t1kcuw1npvr56on7dbzkddjob41akjlwe2h,-
9880,minted,t1mhq2en1mz5gges8ywfszckbkms2fgq65h,1,t1mhq2en1mz5gges8ywfszckbkms2fgq65h,-
9881,minted,t1rn9twhetr1qorngpsri97eljaymkuz6ez,1,t1rn9twhetr1qorngpsri97eljaymkuz6ez,-
9882,minted,t1yjskwibrp2r3pfsrvhuxbgekfiizawzh2,1,t1yjskwibrp2r3pfsrvhuxbgekfiizawzh2,-
9883,minted,t1px7hlrau7co9lk3k81jcrntnilhrwgoxj,1,t1px7hlrau7co9lk3k81jcrntnilhrwgoxj,-
9884,minted,t1sv5yhhefkgqyxnf6v2dzteuwr9fth5otq,1,t1sv5yhhefkgqyxnf6v2dzteuwr9fth5otq,-
9885,minted,t1gmpdre6q9l4b8brnfi4qz9buecz9s1jj4,1,t1gmpdre6q9l4b8brnfi4qz9buecz9s1jj4,-
9887,minted,t1rmhswkzucw9ub1owuggjwv6lbrvbfxczv,1,t1rmhswkzucw9ub1owuggjwv6lbrvbfxczv,-
9888,minted,t1tdwjklmpx8k3pykwzyamcydtw24agjuus,1,t1tdwjklmpx8k3pykwzyamcydtw24agjuus,-
9889,minted,t1c3ko29zefpjjtwe5bqs44hkfzmmshqzj2,1,t1c3ko29zefpjjtwe5bqs44hkfzmmshqzj2,-
9892,minted,t1rivrni4ifxjxgjcn8zu5kqqf5s3omngkl,1,t1rivrni4ifxjxgjcn8zu5kqqf5s3omngkl,-
9893,minted,t1jqulpn6dhcced5yhrbcesogxt3t5366jo,1,t1jqulpn6dhcced5yhrbcesogxt3t5366jo,-
9894,minted,t1lakakmmjky8le5cmznkgdvcvvtnrkac8a,1,t1lakakmmjky8le5cmznkgdvcvvtnrkac8a,-
9896,minted,t1txjy2pkqzgyamblaeqkfjox5cszkk2fn4,1,t1txjy2pkqzgyamblaeqkfjox5cszkk2fn4,-
9898,minted,t1sl65eqxvgabrlsxfdtthepd4tjrvyneab,1,t1sl65eqxvgabrlsxfdtthepd4tjrvyneab,-
9899,minted,t1fym6ponzmhqgj1azpaimmy1wzligfzdwt,1,t1fym6ponzmhqgj1azpaimmy1wzligfzdwt,-
9902,minted,t1dfjru8b7hjg8t7zxhdcuctfffw7b71alt,1,t1dfjru8b7hjg8t7zxhdcuctfffw7b71alt,-
9903,minted,t1vaehdcmet6fn2nqxc2wufegjj9tnizcz1,1,t1vaehdcmet6fn2nqxc2wufegjj9tnizcz1,-
9905,minted,t1sjbaodtmts94hhndm1g6gsxs9r56r3fmi,1,t1sjbaodtmts94hhndm1g6gsxs9r56r3fmi,-
9907,minted,t1ppp9pu3ezkzjgu7cccmx1xsnxxxp3apas,1,t1ppp9pu3ezkzjgu7cccmx1xsnxxxp3apas,-
9909,minted,t1c9zdg3amocc9xwk4s522bp5c9ye5x4d6p,1,t1c9zdg3amocc9xwk4s522bp5c9ye5x4d6p,-
9910,minted,t1qupqtxglgncbo4msuegxdvjmbyunvptdb,1,t1qupqtxglgncbo4msuegxdvjmbyunvptdb,-
9911,minted,t1fcmnktgqtxnnsq9llfxityrj12uteieuk,1,t1fcmnktgqtxnnsq9llfxityrj12uteieuk,-
9912,minted,t1rmhswkzucw9ub1owuggjwv6lbrvbfxczv,1,t1rmhswkzucw9ub1owuggjwv6lbrvbfxczv,-
9915,minted,t1dfjru8b7hjg8t7zxhdcuctfffw7b71alt,1,t1dfjru8b7hjg8t7zxhdcuctfffw7b71alt,-
9916,minted,t1xkjq7z7dq1s1ksfux7qnk9l8a5rtjxapu,1,t1xkjq7z7dq1s1ksfux7qnk9l8a5rtjxapu,-
9918,minted,t1wsohyjrazyhjmzfvbxtrbwh1fo9iypbqx,1,t1wsohyjrazyhjmzfvbxtrbwh1fo9iypbqx,-
9919,minted,t1lzi24jydjzsfib29wpm2jvp83kwlnkcrb,1,t1lzi24jydjzsfib29wpm2jvp83kwlnkcrb,-
9922,minted,t1plzelr9uehatsdzm1kb57wz8bnd9p1hdl,1,t1plzelr9uehatsdzm1kb57wz8bnd9p1hdl,-
9928,minted,t1geadqaiqyvgaoog8vhocum1sq6scajdbe,1,t1geadqaiqyvgaoog8vhocum1sq6scajdbe,-
9930,minted,t1zuffvd1tk6pux9r8zbojyoajsmip5awra,1,t1zuffvd1tk6pux9r8zbojyoajsmip5awra,-
9931,minted,t1jdsfjfc6ydm63jvp9jtmykdxyyxrrtqek,1,t1jdsfjfc6ydm63jvp9jtmykdxyyxrrtqek,-
9932,minted,t1qyfewbckpqy1q8ck5f5g2yv69urgdtdab,1,t1qyfewbckpqy1q8ck5f5g2yv69urgdtdab,-
9935,minted,t1ncm6d3y4b2mggbds5anvzs1cgvzjoch5k,1,t1ncm6d3y4b2mggbds5anvzs1cgvzjoch5k,-
9936,minted,t1vu8wavcg1xe8qhdyowsmv2s9i63htj9sy,1,t1vu8wavcg1xe8qhdyowsmv2s9i63htj9sy,-
9938,minted,t1c3ko29zefpjjtwe5bqs44hkfzmmshqzj2,1,t1c3ko29zefpjjtwe5bqs44hkfzmmshqzj2,-
9939,minted,t1sn6q8wbuc1a2s7tjdbjzcqcti8uqutseq,1,t1sn6q8wbuc1a2s7tjdbjzcqcti8uqutseq,-
9940,minted,t1vu8wavcg1xe8qhdyowsmv2s9i63htj9sy,1,t1vu8wavcg1xe8qhdyowsmv2s9i63htj9sy,-
9944,minted,t1k6zlqemuuuh7y2tzmnybqtkztmzt4kz5z,1,t1k6zlqemuuuh7y2tzmnybqtkztmzt4kz5z,-
9949,minted,t1ls3lszpnhsc73sva1vxdteuwkprr9xwmv,1,t1ls3lszpnhsc73sva1vxdteuwkprr9xwmv,-
9952,minted,t1nfyrv6drbsn6wshd38rjz9mvtjet434ng,1,t1nfyrv6drbsn6wshd38rjz9mvtjet434ng,-
9953,minted,t1qpeclgkhmw4xgk2v6kaixumhjf5pehox1,1,t1qpeclgkhmw4xgk2v6kaixumhjf5pehox1,-
9954,minted,t1ppp9pu3ezkzjgu7cccmx1xsnxxxp3apas,1,t1ppp9pu3ezkzjgu7cccmx1xsnxxxp3apas,-
9955,minted,t1roxdrmb2qgdvzwejbtpl7assozek7uhnb,1,t1roxdrmb2qgdvzwejbtpl7assozek7uhnb,-
9956,minted,t1b4xybydvhinc2qasg9zgtdrqmxqyb6ax7,1,t1b4xybydvhinc2qasg9zgtdrqmxqyb6ax7,-
9957,minted,t1ath4yup42szwmabiwbfr8trwwteqpgtkt,1,t1ath4yup42szwmabiwbfr8trwwteqpgtkt,-
9959,minted,t1dfjru8b7hjg8t7zxhdcuctfffw7b71alt,1,t1dfjru8b7hjg8t7zxhdcuctfffw7b71alt,-
9960,minted,t1fcmnktgqtxnnsq9llfxityrj12uteieuk,1,t1fcmnktgqtxnnsq9llfxityrj12uteieuk,-
9961,minted,t1aoyfcesrkjk1rnovuiuwqjmtyynexta6l,1,t1aoyfcesrkjk1rnovuiuwqjmtyynexta6l,-
9964,minted,t1y7dtde9rxmxgbxrqlk9vsraqztczp89m1,1,t1y7dtde9rxmxgbxrqlk9vsraqztczp89m1,-
9965,minted,t1yjskwibrp2r3pfsrvhuxbgekfiizawzh2,1,t1yjskwibrp2r3pfsrvhuxbgekfiizawzh2,-
9966,minted,t1k6zlqemuuuh7y2tzmnybqtkztmzt4kz5z,1,t1k6zlqemuuuh7y2tzmnybqtkztmzt4kz5z,-
9969,minted,t1jts8xyoc3stscbtkbkpdspd3detcnfb4u,1,t1jts8xyoc3stscbtkbkpdspd3detcnfb4u,-
9972,minted,t1kcuw1npvr56on7dbzkddjob41akjlwe2h,1,t1kcuw1npvr56on7dbzkddjob41akjlwe2h,-
9974,minted,t1zvfc8q8ritdcmiyfuo4k1sytbf7fgtggs,1,t1zvfc8q8ritdcmiyfuo4k1sytbf7fgtggs,-
9979,minted,t1neyegc8iskf9j5jpaaax6f2gvphtcft7s,1,t1neyegc8iskf9j5jpaaax6f2gvphtcft7s,-
9980,minted,t1qupqtxglgncbo4msuegxdvjmbyunvptdb,1,t1qupqtxglgncbo4msuegxdvjmbyunvptdb,-
9982,minted,t1ppp9pu3ezkzjgu7cccmx1xsnxxxp3apas,1,t1ppp9pu3ezkzjgu7cccmx1xsnxxxp3apas,-
9983,minted,t1uctyrme2jmsqcg6qcjumu1yjhxnogfddj,1,t1uctyrme2jmsqcg6qcjumu1yjhxnogfddj,-
9984,minted,t1wmvgymhcviohvrozfxtkvmemy5bmuintt,1,t1wmvgymhcviohvrozfxtkvmemy5bmuintt,-
9986,minted,t1ezmafcocld3avqj6clnp9ecyjeey3bbgn,1,t1ezmafcocld3avqj6clnp9ecyjeey3bbgn,-
9987,minted,t1dfjru8b7hjg8t7zxhdcuctfffw7b71alt,1,t1dfjru8b7hjg8t7zxhdcuctfffw7b71alt,-
9990,minted,t1n9vkjsqqpvji45dbmsyqbf3oms6efzbav,1,t1n9vkjsqqpvji45dbmsyqbf3oms6efzbav,-
9992,minted,t1x3y1a1mjibencqksuu4yugyhjk7xednho,1,t1x3y1a1mjibencqksuu4yugyhjk7xednho,-
9997,minted,t1xkb2xu5cytyrh46mgtxqe9rbuvcwmdxbw,1,t1xkb2xu5cytyrh46mgtxqe9rbuvcwmdxbw,-
9998,minted,t1fcmnktgqtxnnsq9llfxityrj12uteieuk,1,t1fcmnktgqtxnnsq9llfxityrj12uteieuk,-
9999,minted,t1roxdrmb2qgdvzwejbtpl7assozek7uhnb,1,t1roxdrmb2qgdvzwejbtpl7assozek7uhnb,-
