address,allocation,isVip,mintedCount,remainingAllocation,remainingAfterReservations,overAllocated,mintedTokens,reservedCount,reservedTokens,failedCount,failedReasons,inscriptionCount,inscriptionTokens,issues,highlight
t1a2wyudg1a3g9ua8tj1vk5wqtjwzrvcp2f,25,yes,0,25,25,,,0,,0,-,0,,-,
t1a3mrddhoztrzg3twtbjyabyizmawnaxku,1,no,0,1,1,,,0,,0,-,0,,-,
t1a6nwf5tjdprzfwhaduw1brvoybqbnquso,12,no,8,4,4,,"1531,2119,2213,2305,2399,5350,8347,9817",0,,0,-,8,"1531,2119,2213,2305,2399,5350,8347,9817",-,
t1a7hvjbrse6vvorjndlqrau7kyjzcgqnk5,10,yes,10,0,0,,"2069,3104,6476,6848,7747,7830,8786,9128,9457,9556",0,,0,-,10,"2069,3104,6476,6848,7747,7830,8786,9128,9457,9556",-,
t1aadsc9hrxqivnctfkqreq4yd5bqm9d9nh,10,yes,0,10,10,,,0,,0,-,0,,-,
t1ackjtwvbsfgafminnbmneegdypv9g3gca,36,no,60,-24,-24,YES,"363,407,684,967,1092,1195,1416,1782,1836,2135,2431,2638,2690,2932,3034,3084,3091,3127,3461,3509,3525,3789,3869,3984,4022,4267,4343,4486,4645,4663,4863,5424,5559,5895,5913,5984,6071,6138,6382,6425,6551,7110,7120,7224,7229,7632,7919,8219,8373,8411,8478,8775,8808,8970,9143,9145,9316,9599,9617,9692",0,,0,-,60,"363,407,684,967,1092,1195,1416,1782,1836,2135,2431,2638,2690,2932,3034,3084,3091,3127,3461,3509,3525,3789,3869,3984,4022,4267,4343,4486,4645,4663,4863,5424,5559,5895,5913,5984,6071,6138,6382,6425,6551,7110,7120,7224,7229,7632,7919,8219,8373,8411,8478,8775,8808,8970,9143,9145,9316,9599,9617,9692",over_allocated,red
t1ad5mp7aux3fxfv5hwtjfeiihcdtb71smg,50,yes,66,-16,-16,YES,"156,165,415,473,696,853,1183,1189,1270,1273,1543,1678,1686,2019,2172,2284,2469,2534,2535,2688,2805,2809,2877,2889,2921,3027,3148,3382,3787,3914,3972,4058,4139,4151,4457,4466,4501,4852,4868,4909,4975,5440,5487,5657,6302,6472,6622,6856,7500,7546,7586,7743,8309,8324,8673,8677,8836,8990,8991,9286,9329,9583,9725,9789,9810,9832",0,,0,-,66,"156,165,415,473,696,853,1183,1189,1270,1273,1543,1678,1686,2019,2172,2284,2469,2534,2535,2688,2805,2809,2877,2889,2921,3027,3148,3382,3787,3914,3972,4058,4139,4151,4457,4466,4501,4852,4868,4909,4975,5440,5487,5657,6302,6472,6622,6856,7500,7546,7586,7743,8309,8324,8673,8677,8836,8990,8991,9286,9329,9583,9725,9789,9810,9832",over_allocated,red
t1ae2dlzdvn53aawqurvqbcbsdktsiv1ayd,1,yes,0,1,1,,,0,,0,-,0,,-,
t1aehaiqzaa68debrhsekql25gx6xkm5lzj,5,yes,0,5,5,,,0,,0,-,0,,-,
t1affxornz87ff9hhqwnttzcudgfpfw65hk,2,no,0,2,2,,,0,,0,-,0,,-,
t1afjha4r2ljpptaznbyztfkvrd9eyltaqw,5,yes,0,5,5,,,0,,0,-,0,,-,
t1ahgzhdwnkqtjgkkmqav627x3avmme2qgs,1,yes,0,1,1,,,0,,0,-,0,,-,
t1ahn537hrtes9qlcbhlq7rcztkukqh9nsz,10,no,11,-1,-1,YES,"1293,2978,5689,5824,5858,6891,7175,7301,8337,8340,9265",0,,0,-,11,"1293,2978,5689,5824,5858,6891,7175,7301,8337,8340,9265",over_allocated,red
t1ahw5lg1yhls8rt3chmfhfbqdzesteiusg,12,no,0,12,12,,,0,,0,-,0,,-,
t1ajuljsbupivq2cpeden4qvgvxnodyv75g,5,no,5,0,0,,"335,437,1110,1124,2134",0,,0,-,5,"335,437,1110,1124,2134",-,
t1akehqavgfmxrkot9ir3wgkfddkpvciptt,49,no,0,49,49,,,0,,0,-,0,,-,
t1aknvdhvvfl6kbr2gnmx2i9zgqtklnxuun,2,no,2,0,0,,"122,537",0,,0,-,2,"122,537",-,
t1akqraypbyjua8kq2iduagz2fxswik7shh,5,yes,5,0,0,,"2752,3080,5804,6055,8700",0,,0,-,5,"2752,3080,5804,6055,8700",-,
t1alunes1f8r7ps4wmmmecqrg2jdhgcryqk,5,yes,9,-4,-4,YES,"523,1206,2149,3090,4641,6091,8441,8464,9517",0,,0,-,9,"523,1206,2149,3090,4641,6091,8441,8464,9517",over_allocated,red
t1andd8srhkywjgmfbpeqp4m18ubyezurxn,40,no,0,40,40,,,0,,0,-,0,,-,
t1aoyfcesrkjk1rnovuiuwqjmtyynexta6l,4,yes,6,-2,-2,YES,"1175,1232,1300,3398,7325,9961",0,,0,-,6,"1175,1232,1300,3398,7325,9961",over_allocated,red
t1apcddhksmysxuw6z1wpsgu9ewcmzjqaur,5,no,0,5,5,,,0,,0,-,0,,-,
t1apdvkkvqvudf52uwn47xw7vgz2ug1pl4z,15,no,0,15,15,,,0,,0,-,0,,-,
t1aphfzzmcujqhuenxl5odscmyv97ti5dwv,50,no,50,0,0,,"200,239,249,399,652,778,807,878,985,1001,1326,1404,1407,1432,2230,2554,2723,3306,3384,3425,3760,4004,4073,4335,4538,4551,4724,4844,4891,4952,5135,5277,5539,5982,6108,6184,6300,6896,7342,7515,7794,8061,8190,8370,8595,9061,9611,9726,9801,9836",0,,0,-,50,"200,239,249,399,652,778,807,878,985,1001,1326,1404,1407,1432,2230,2554,2723,3306,3384,3425,3760,4004,4073,4335,4538,4551,4724,4844,4891,4952,5135,5277,5539,5982,6108,6184,6300,6896,7342,7515,7794,8061,8190,8370,8595,9061,9611,9726,9801,9836",-,
t1aq9eyb7gsoff3iwtkobw71fcbqgqt63vq,5,yes,0,5,5,,,0,,0,-,0,,-,
t1aryqirjhn3y9jdvsfblfsckkfnz5vy7zh,1,yes,0,1,1,,,0,,0,-,0,,-,
t1as8bz9hkvitj3rrnxxs6ekuvuf3pcudra,2,yes,0,2,2,,,0,,0,-,0,,-,
t1askfh9tmjzftuczkyhkv5wsf2f6ze78g6,1,no,1,0,0,,5194,0,,0,-,1,5194,-,
t1ath4yup42szwmabiwbfr8trwwteqpgtkt,3,no,3,0,0,,"4953,7423,9957",0,,0,-,3,"4953,7423,9957",-,
t1auacx3qumna66rm1amdmzoewsvaehfk1w,50,no,0,50,50,,,0,,0,-,0,,-,
t1ayuyawauffbm87p9dvktxphj5xqpdfzxg,1,yes,0,1,1,,,0,,0,-,0,,-,
t1b1z3bebcxfyggqlyrwzq1sthvxyskbubo,4,yes,4,0,0,,"623,2479,8240,8842",0,,0,-,4,"623,2479,8240,8842",-,
t1b2rbumq3wzva7dzsotg5xdxpe3mtbkshz,1,no,0,1,1,,,0,,0,-,0,,-,
t1b39dqxzpyeu97nk4msscpirvmeaxuxibu,50,no,0,50,50,,,0,,0,-,0,,-,
t1b3zgxvh3pagwffnadb6adlat9lgwdc1sd,16,no,13,3,3,,"139,339,1610,1648,2255,3829,4273,4658,5379,6014,7454,7685,9306",0,,0,-,13,"139,339,1610,1648,2255,3829,4273,4658,5379,6014,7454,7685,9306",-,
t1b4xybydvhinc2qasg9zgtdrqmxqyb6ax7,50,yes,52,-2,-2,YES,"0,4,50,82,298,662,814,1167,1214,1301,1396,1716,1814,1854,1863,2001,2055,2368,2614,2659,2856,3488,3534,3748,4261,4594,4655,5142,5431,5560,5663,5706,5909,6630,6708,6796,6876,7256,7481,7528,8280,8394,8507,8574,8912,9084,9388,9638,9693,9734,9794,9956",0,,24,Reservation expired:2;cancelled:9;unknown:13,53,"0,4,50,82,298,662,814,1167,1214,1301,1396,1716,1814,1854,1863,2001,2055,2368,2614,2659,2856,3488,3534,3748,4261,4594,4655,5142,5431,5560,5663,5706,5765,5909,6630,6708,6796,6876,7256,7481,7528,8280,8394,8507,8574,8912,9084,9388,9638,9693,9734,9794,9956",over_allocated,red
t1b6jsx9sbwxjbype764ofkzdx5amh7j7rv,4,yes,0,4,4,,,0,,0,-,0,,-,
t1bb4co8dzr6chaxdhtcgddwbealrnepeoj,10,yes,1,9,9,,5392,0,,0,-,1,5392,-,
t1bgu28zxh66emy5wxrmpp1h7fmj2avgvuh,1,no,0,1,1,,,0,,0,-,0,,-,
t1bhruheqyxq8d2vbkau3is3sxwcuv7p5ph,5,no,0,5,5,,,0,,0,-,0,,-,
t1bhwp1bczfrc317wyqr3nw2x8xvkkrf281,1,no,1,0,0,,7547,0,,0,-,1,7547,-,
t1bk11iorabhu61dwycja26k5xamq2x5efb,4,no,4,0,0,,"2643,2933,5052,7092",0,,0,-,4,"2643,2933,5052,7092",-,
t1bkonhbvpbih4hsq9exfwf3n6amqjctj5s,1,no,0,1,1,,,0,,0,-,0,,-,
t1bm2k4t3mxvnzldzgb6hwodfpdvne2n6wk,1,no,0,1,1,,,0,,0,-,0,,-,
t1bnbdl7zusefkhvhgzfad5jq6e3d1fg3hz,10,yes,14,-4,-4,YES,"32,515,1013,1617,1981,2301,3047,5296,5855,6292,6320,6515,6970,9848",0,,0,-,14,"32,515,1013,1617,1981,2301,3047,5296,5855,6292,6320,6515,6970,9848",over_allocated,red
t1bnpq1zeze2lcp1bxcvck6jmxwlsoeqtm1,2,yes,2,0,0,,"9224,9250",0,,0,-,2,"9224,9250",-,
t1bnqua7jy3fbtjcpzaao8kpkccwcdkmhxq,20,yes,0,20,20,,,0,,0,-,0,,-,
t1bpetwuvsrmaqf2wtbnbx7nambyzaffgfz,1,no,0,1,1,,,0,,0,-,0,,-,
t1bqrvqvhesggftuasduwimnlqaj466pe3k,5,no,0,5,5,,,0,,0,-,0,,-,
t1bqz7lcv5ca65pcubguiqdjfy4qhsvzbzz,50,no,50,0,0,,"573,848,923,1520,1581,1845,1870,2345,2955,2971,3136,3289,3313,3434,3730,3949,3991,4116,4142,4229,4377,4418,4479,4816,5266,5732,6027,6066,6092,6185,6252,6298,6364,7346,7474,7706,7761,7972,8028,8246,8646,8977,9036,9079,9252,9303,9670,9695,9795,9867",0,,0,-,50,"573,848,923,1520,1581,1845,1870,2345,2955,2971,3136,3289,3313,3434,3730,3949,3991,4116,4142,4229,4377,4418,4479,4816,5266,5732,6027,6066,6092,6185,6252,6298,6364,7346,7474,7706,7761,7972,8028,8246,8646,8977,9036,9079,9252,9303,9670,9695,9795,9867",-,
t1brl5gccrfyg9xmcwdlsyv4xfluucssvym,5,yes,5,0,0,,"6,5054,7337,8313,9291",0,,0,-,5,"6,5054,7337,8313,9291",-,
t1bsnbb7mnw2fp87fucsgk7qmlwjkamck3p,5,yes,0,5,5,,,0,,0,-,0,,-,
t1bsspk21sc8fzlcd1azj646jzuzspytakq,50,no,0,50,50,,,0,,0,-,0,,-,
t1bsvy4fjtjwggjuu2ratqpov7gh91gqgfr,3,no,0,3,3,,,0,,0,-,0,,-,
t1btnwtjykbgzwtv6jt4xasc4gpsfrbob8p,50,no,0,50,50,,,0,,0,-,0,,-,
t1bvr2s2rtinrfnnkda8xzsltepj7da62wa,10,yes,0,10,10,,,0,,0,-,0,,-,
t1bxompvlvmfmwt82kw4aabdjke5bxhpjtd,1,yes,0,1,1,,,0,,0,-,0,,-,
t1by6drmgzx8gyh4czgdh52hgll6d23pd9e,1,no,1,0,0,,8665,0,,0,-,1,8665,-,
t1bz6h8mmgy7wxw6nrzveumduqux8mipi9e,5,no,0,5,5,,,0,,0,-,0,,-,
t1bzl1asatjjcpee5t3hsqdmpvhw39rmzan,23,no,16,7,7,,"29,401,908,1032,1490,2438,2973,3886,4274,4363,4944,5137,5799,7457,8288,9227",0,,0,-,16,"29,401,908,1032,1490,2438,2973,3886,4274,4363,4944,5137,5799,7457,8288,9227",-,
t1bzyxkqxxnaltwdoqchzvmpepcg4yzngar,50,yes,0,50,50,,,0,,0,-,0,,-,
t1c2kcpjr9duwyeaxgkcryauwpgapspt44n,5,yes,7,-2,-2,YES,"3024,3487,5039,6033,7077,8839,9710",0,,0,-,7,"3024,3487,5039,6033,7077,8839,9710",over_allocated,red
t1c38d4cssfmeuvasirqskw8n8goacdzfgm,1,yes,1,0,0,,907,0,,0,-,1,907,-,
t1c3ko29zefpjjtwe5bqs44hkfzmmshqzj2,20,yes,44,-24,-24,YES,"113,124,348,351,559,1392,1415,1451,1516,2013,2053,2232,3239,3303,3591,3848,3895,3925,4082,4355,4716,5260,5393,5678,5767,5782,5933,6001,6051,6194,6344,6789,6793,6805,6939,7938,8058,8072,8631,8760,9179,9702,9889,9938",0,,0,-,44,"113,124,348,351,559,1392,1415,1451,1516,2013,2053,2232,3239,3303,3591,3848,3895,3925,4082,4355,4716,5260,5393,5678,5767,5782,5933,6001,6051,6194,6344,6789,6793,6805,6939,7938,8058,8072,8631,8760,9179,9702,9889,9938",over_allocated,red
t1c4j1rmlwwpelu6xcjqb9zheujusethjcx,50,no,35,15,15,,"530,564,974,1002,1048,1770,1969,2104,2176,2353,2547,2592,2762,3001,3287,3373,4070,4104,4597,5163,5208,5446,5517,5687,5927,6140,6174,6180,7088,7460,7643,7924,8881,8974,9323",0,,0,-,35,"530,564,974,1002,1048,1770,1969,2104,2176,2353,2547,2592,2762,3001,3287,3373,4070,4104,4597,5163,5208,5446,5517,5687,5927,6140,6174,6180,7088,7460,7643,7924,8881,8974,9323",-,
t1c5wtfsmokyu77ewhyxpzjbbzqv8ws8ppg,2,yes,0,2,2,,,0,,0,-,0,,-,
t1c6h969bur5vxdofgg5gwzbjtnrnfa7typ,6,no,0,6,6,,,0,,0,-,0,,-,
t1c6qqs2u3rksezgpfegav75juyzp9enxqq,10,yes,0,10,10,,,0,,0,-,0,,-,
t1c8pmwhxh9dqcwsvsxgiz2chte2nvdh3ex,50,no,0,50,50,,,0,,0,-,0,,-,
t1c9zdg3amocc9xwk4s522bp5c9ye5x4d6p,40,no,58,-18,-18,YES,"241,414,649,840,872,895,958,1243,1613,1840,2010,2203,2470,2507,2510,2694,2736,3075,3116,3193,3275,3318,3791,4477,4639,4702,4772,5327,5333,5414,5470,5624,5885,5897,5992,6591,6983,7143,7164,7272,7466,7577,7647,7846,7931,8299,8454,8688,8803,8959,9234,9370,9382,9526,9530,9662,9847,9909",0,,0,-,58,"241,414,649,840,872,895,958,1243,1613,1840,2010,2203,2470,2507,2510,2694,2736,3075,3116,3193,3275,3318,3791,4477,4639,4702,4772,5327,5333,5414,5470,5624,5885,5897,5992,6591,6983,7143,7164,7272,7466,7577,7647,7846,7931,8299,8454,8688,8803,8959,9234,9370,9382,9526,9530,9662,9847,9909",over_allocated,red
t1cdzqcr1bu9exe6wru1yxqjwv5asqjfbby,1,no,2,-1,-1,YES,"131,6183",0,,0,-,2,"131,6183",over_allocated,red
t1ceuykreawgbzptq5b4crcjswqgk3iwcvu,50,no,55,-5,-5,YES,"412,438,1041,1085,1199,1223,1554,1619,1688,1833,2087,2329,2372,2671,3112,3797,3899,4120,4204,4207,4256,4462,4735,4786,4805,4995,5284,5428,5464,5679,5764,5919,5993,6063,6088,6103,6283,7129,7343,7467,7491,7681,7812,7930,7993,8033,8069,8396,8685,8686,9218,9655,9782,9785,9865",0,,0,-,55,"412,438,1041,1085,1199,1223,1554,1619,1688,1833,2087,2329,2372,2671,3112,3797,3899,4120,4204,4207,4256,4462,4735,4786,4805,4995,5284,5428,5464,5679,5764,5919,5993,6063,6088,6103,6283,7129,7343,7467,7491,7681,7812,7930,7993,8033,8069,8396,8685,8686,9218,9655,9782,9785,9865",over_allocated,red
t1cfb5tnxoakbfc4gnyat5sjikhsu3sc2gk,1,yes,0,1,1,,,0,,0,-,0,,-,
t1cfw5d3h9tl8izlvazox9lp1jfb3xap5ya,1,yes,0,1,1,,,0,,0,-,0,,-,
t1cghudttpne7nwvqhznff9h7ytwsoanruv,5,no,0,5,5,,,0,,0,-,0,,-,
t1cglttq9wlpkdpzcph2gddehtgmbn5xc6f,5,yes,0,5,5,,,0,,0,-,0,,-,
t1ch3vfr2s5vn7rygevqsyx4b9kwhvyibz4,6,no,0,6,6,,,0,,0,-,0,,-,
t1cl1qdwnrt331wmrgd3kd1g7r1ej3jrdcn,4,no,3,1,1,,"5037,8395,9399",0,,0,-,3,"5037,8395,9399",-,
t1cmaavjvkvscj1adavejjh5ndq9zgzj7yq,5,yes,7,-2,-2,YES,"1602,2240,2247,2674,4850,6198,8230",0,,0,-,7,"1602,2240,2247,2674,4850,6198,8230",over_allocated,red
t1cmtwxqkfufwwvtehvygzvpnbyrxc2hqdu,1,no,1,0,0,,3579,0,,0,-,1,3579,-,
t1co1qmkflj1yqhnr8s6oktfp2hpjennd5x,4,yes,0,4,4,,,0,,0,-,0,,-,
t1cou4r9gepx67zb9cs1kpgf6bhh21oyhjq,1,yes,0,1,1,,,0,,0,-,0,,-,
t1crk6lcfemk8effk2p8npv5gfsj3bqryu6,10,no,0,10,10,,,0,,0,-,0,,-,
t1cs3h4ez4sptep2vs1pqqlnvtnbxjr5v84,1,no,0,1,1,,,0,,0,-,0,,-,
t1ct1zbfttcm7f3omj3vk1b8cygufhhxpuk,5,no,0,5,5,,,0,,0,-,0,,-,
t1cuc7wahlpmxn3cvbyudtexxvnfmpw1uqc,5,yes,0,5,5,,,0,,0,-,0,,-,
t1cufblk8osimwlfkpnt815kcsllnjqetwk,50,no,52,-2,-2,YES,"243,479,643,824,1151,1192,1444,1483,1484,1635,1896,1898,2156,2389,2590,2858,2872,3443,3453,3536,3606,3657,3777,3816,3849,3898,4069,4090,4195,4801,4984,5108,5437,5701,5946,5964,6785,6813,7095,7370,7811,7854,7962,8213,8781,9197,9273,9355,9401,9619,9778,9861",0,,0,-,52,"243,479,643,824,1151,1192,1444,1483,1484,1635,1896,1898,2156,2389,2590,2858,2872,3443,3453,3536,3606,3657,3777,3816,3849,3898,4069,4090,4195,4801,4984,5108,5437,5701,5946,5964,6785,6813,7095,7370,7811,7854,7962,8213,8781,9197,9273,9355,9401,9619,9778,9861",over_allocated,red
t1cuvedslzp3bzeat8szx4kvqq6dsbczpqi,3,no,0,3,3,,,0,,0,-,0,,-,
t1cyda4heumuz7mdpqf1e5j4dgkhcu9huy8,2,no,2,0,0,,"2934,9295",0,,0,-,2,"2934,9295",-,
t1cyfvfkoenck1juchh5qqfua6erem4m79w,50,no,0,50,50,,,0,,0,-,0,,-,
t1czhtfw1tx9te9lnhsa2twyscfydwqub1e,10,yes,0,10,10,,,0,,0,-,0,,-,
t1czqmkk37uhgfzqkvsqqoeeypghoytcl9b,16,yes,0,16,16,,,0,,0,-,0,,-,
t1czwavzqyafebvghmneuaedsyzmzh3cr6q,5,yes,0,5,5,,,0,,0,-,0,,-,
t1d1phzjprbfb6l3z7bpobkqdzjlavru3zb,50,no,65,-15,-15,YES,"492,626,1083,1521,1644,1717,2257,2549,2767,2816,2819,2940,2947,2964,3106,3172,3241,3263,3320,3415,3642,3671,3926,3927,4187,4276,4358,4417,4452,4654,4734,4893,5068,5219,5236,5468,5760,5776,5801,6041,6161,6306,6411,6451,6477,6684,6822,7285,7659,7674,8064,8103,8104,8165,8477,8547,8594,8632,9275,9334,9441,9534,9644,9654,9868",0,,0,-,65,"492,626,1083,1521,1644,1717,2257,2549,2767,2816,2819,2940,2947,2964,3106,3172,3241,3263,3320,3415,3642,3671,3926,3927,4187,4276,4358,4417,4452,4654,4734,4893,5068,5219,5236,5468,5760,5776,5801,6041,6161,6306,6411,6451,6477,6684,6822,7285,7659,7674,8064,8103,8104,8165,8477,8547,8594,8632,9275,9334,9441,9534,9644,9654,9868",over_allocated,red
t1d2ezeemvurw1bqugblaej6t2e52vkumne,5,yes,0,5,5,,,0,,0,-,0,,-,
t1d4r8grmqstttv2ckkekk5lhphie4pzdep,1,no,0,1,1,,,0,,0,-,0,,-,
t1d4y89g5ihbft9j3ri55n44roiruftyxan,3,yes,3,0,0,,"114,1158,4292",0,,0,-,3,"114,1158,4292",-,
t1d6bxxp6axwjjsh5m99lhtcrpi3yvzaqyo,2,no,0,2,2,,,0,,0,-,0,,-,
t1d7guc3dpm6udkueebf5lxbazbetnavxv3,10,no,28,-18,-18,YES,"1447,1605,1914,2439,2956,3086,3189,3708,3728,4407,4548,4588,4754,4864,5111,5123,6288,6352,6434,6436,7330,7629,7915,8082,8116,8493,8746,9406",0,,0,-,28,"1447,1605,1914,2439,2956,3086,3189,3708,3728,4407,4548,4588,4754,4864,5111,5123,6288,6352,6434,6436,7330,7629,7915,8082,8116,8493,8746,9406",over_allocated,red
t1d89cajehgbvn7yg2tpywzzrp2mhbxmv7z,7,yes,0,7,7,,,0,,0,-,0,,-,
t1d9wxcsbbkyk74mtaak9qs1gaunuqdtrny,5,yes,5,0,0,,"978,3040,3989,6782,8056",0,,0,-,5,"978,3040,3989,6782,8056",-,
t1dacu5tghusxkp3cr37uyxadwzsjavctnh,50,yes,0,50,50,,,0,,0,-,0,,-,
t1dacxjvpznuqujlji6rphnv6vbxn83ezap,5,yes,0,5,5,,,0,,0,-,0,,-,
t1degoiystnkq62coq3nvvyh9rwbc8nf2fe,13,yes,0,13,13,,,0,,0,-,0,,-,
t1dfjru8b7hjg8t7zxhdcuctfffw7b71alt,50,yes,72,-22,-22,YES,"79,182,197,216,230,306,383,487,505,599,605,612,617,637,647,724,757,775,835,1302,1349,1920,2249,2760,2797,2950,3087,3347,3411,3439,3709,3810,3859,3980,4040,4604,4707,4830,5202,5474,5704,5888,6273,6361,6369,6454,6503,6706,6754,6761,6963,7165,7181,7310,7322,7540,7622,8007,8131,8276,8365,8522,8658,8833,9161,9321,9690,9850,9902,9915,9959,9987",0,,0,-,72,"79,182,197,216,230,306,383,487,505,599,605,612,617,637,647,724,757,775,835,1302,1349,1920,2249,2760,2797,2950,3087,3347,3411,3439,3709,3810,3859,3980,4040,4604,4707,4830,5202,5474,5704,5888,6273,6361,6369,6454,6503,6706,6754,6761,6963,7165,7181,7310,7322,7540,7622,8007,8131,8276,8365,8522,8658,8833,9161,9321,9690,9850,9902,9915,9959,9987",over_allocated,red
t1dgdz9egczairj78ukztzdby6au3v6sugm,3,no,3,0,0,,"314,2831,4103",0,,0,-,3,"314,2831,4103",-,
t1dgfy7xonndi8y8qqp9r6xpclvfawysevt,5,yes,0,5,5,,,0,,0,-,0,,-,
t1dggdv9xnrzge2juzmaxew28j7e217yu3g,10,yes,16,-6,-6,YES,"555,1449,2041,2072,2231,2381,2604,3215,3224,4080,4531,4680,4751,5026,8431,8805",0,,0,-,16,"555,1449,2041,2072,2231,2381,2604,3215,3224,4080,4531,4680,4751,5026,8431,8805",over_allocated,red
t1dgqmeqinlpff487bh9pqoqdkm7faxk554,50,no,5,45,45,,"3690,6100,7445,9013,9170",0,,0,-,5,"3690,6100,7445,9013,9170",-,
t1dhmsaljcsxp9sampqkk7cwkn2zzrof67w,2,no,0,2,2,,,0,,0,-,0,,-,
t1dhsohhfvklb5gg11gl5cezdwrge6qi6zv,1,no,0,1,1,,,0,,0,-,0,,-,
t1dkuxqdxvgkt7xfllmzq618umhbapp8avw,2,no,0,2,2,,,0,,0,-,0,,-,
t1dlo2hx4e7fs2hxnyswdltdjzo6a3coynf,10,yes,0,10,10,,,0,,0,-,0,,-,
t1dlzcyhagzphczkwt1wpvqsqs5k4vh1bpw,11,no,0,11,11,,,0,,0,-,0,,-,
t1dm5fkrrtugzgqzftpghgvxpbhkownf2sm,50,no,0,50,50,,,0,,0,-,0,,-,
t1dmol5cxocwndah9cyqydl3ntxv3kh4ysd,11,no,15,-4,-4,YES,"1109,2532,3290,3309,3664,4611,5844,5907,6937,7350,7606,7831,8229,8489,8828",0,,0,-,15,"1109,2532,3290,3309,3664,4611,5844,5907,6937,7350,7606,7831,8229,8489,8828",over_allocated,red
t1dmzas1w1qmghkqg5qwytjqzbtremrwrw7,1,no,0,1,1,,,0,,0,-,0,,-,
t1dmzxbvj7kqrftvwd2pugsrkaeqfuwtjrl,5,no,5,0,0,,"582,2059,6077,7413,8040",0,,0,-,5,"582,2059,6077,7413,8040",-,
t1dp8ylc9e2v8quec7lzqfdnewtyvdywfko,10,no,0,10,10,,,0,,0,-,0,,-,
t1dqdycznsku8mdy9thlhbg3dmfhpnzfbte,16,yes,0,16,16,,,0,,0,-,0,,-,
t1dsjwjshftg2sum6yqny3v9yrkcl1desn8,10,yes,0,10,10,,,0,,0,-,0,,-,
t1dup8npzbaama8dk5klmsedfwje5vfgkrn,1,no,0,1,1,,,0,,0,-,0,,-,
t1duxpx3u12gqyl7j9sxh7mvs8ogbvrxfwv,3,yes,3,0,0,,"2552,7860,9208",0,,0,-,3,"2552,7860,9208",-,
t1dvmn42ahlgqhk4eaqcg8hticmc7sdu4mn,16,yes,19,-3,-3,YES,"1525,1729,2265,2969,3238,3967,3985,4037,4481,5803,5955,5957,6581,6588,7103,7651,8568,9765,9859",0,,0,-,19,"1525,1729,2265,2969,3238,3967,3985,4037,4481,5803,5955,5957,6581,6588,7103,7651,8568,9765,9859",over_allocated,red
t1dvrkgwshone2nyqv4aoqdj1carynnja1o,2,no,2,0,0,,"6795,9105",0,,0,-,2,"6795,9105",-,
t1dxhdbxbic87ktuvucaxyug62g2binylpj,5,no,7,-2,-2,YES,"4621,6017,7918,8343,8567,9018,9696",0,,0,-,7,"4621,6017,7918,8343,8567,9018,9696",over_allocated,red
t1dzbpda5bgy2b16rmfzjknzutuuvywmhse,1,yes,0,1,1,,,0,,0,-,0,,-,
t1e1vohtrqdqvp37eqrygwrsqqgkee4t2kt,20,no,0,20,20,,,0,,0,-,0,,-,
t1e2bpm8rpa4ig4anqfyqjdeghsh3ib4ybt,5,yes,5,0,0,,"570,832,1755,8713,8769",0,,0,-,5,"570,832,1755,8713,8769",-,
t1e2cyv6spisxdxfu2hd2mpcsnm1ncefeha,5,no,0,5,5,,,0,,0,-,0,,-,
t1e2tnnhqf41yxz1pab4pvf2kfownbesuhh,10,yes,0,10,10,,,0,,0,-,0,,-,
t1e715t2y96napzqmahb6va2cyelcrayxtx,50,yes,0,50,50,,,0,,0,-,0,,-,
t1e8ngofffiypiaep6pvacscj6g3y1ircr8,6,yes,10,-4,-4,YES,"457,2144,2481,2523,2911,4946,5001,6642,8071,9524",0,,0,-,10,"457,2144,2481,2523,2911,4946,5001,6642,8071,9524",over_allocated,red
t1eal55eh5hve4hesd8fvmbz57pf86udfuf,20,no,0,20,20,,,0,,0,-,0,,-,
t1edeayny2lzdrdyy65r37opkpnkhaoeazy,11,yes,16,-5,-5,YES,"146,253,1689,2184,2362,2672,3759,4105,4973,5724,5847,6908,7286,7471,9678,9736",0,,0,-,16,"146,253,1689,2184,2362,2672,3759,4105,4973,5724,5847,6908,7286,7471,9678,9736",over_allocated,red
t1eevr87swn9dacpnnxsrztw8pdb6k9ts6a,10,no,0,10,10,,,0,,0,-,0,,-,
t1eeycfbwbu2fm3fztxs4iufljukzbnqpdg,4,no,10,-6,-6,YES,"368,2440,2625,3587,5926,6120,6832,7248,7926,9470",0,,0,-,10,"368,2440,2625,3587,5926,6120,6832,7248,7926,9470",over_allocated,red
t1ef1plupvucrghf6m7gjyxfjmezjxctivu,5,no,0,5,5,,,0,,0,-,0,,-,
t1efwyrtmjg82fnvvf5pgqswxhxcizwtlx1,1,yes,0,1,1,,,0,,0,-,0,,-,
t1egohrhbvkcebhmzf9xvxfy86njvkjkssa,20,no,20,0,0,,"166,1469,1497,1514,1594,1990,2849,3095,4010,4130,4380,4513,5380,6054,6977,7673,8287,8389,8616,9356",0,,0,-,20,"166,1469,1497,1514,1594,1990,2849,3095,4010,4130,4380,4513,5380,6054,6977,7673,8287,8389,8616,9356",-,
t1ehoswdumdpurbxo2gxigxcdxnvupng87j,1,no,0,1,1,,,0,,0,-,0,,-,
t1ei9zqv4p3d3mc7vm5vkxhtkeewejvsgdx,1,yes,1,0,0,,446,0,,0,-,1,446,-,
t1ejiip3sav9nyvisgbjzptpbux7csgwhn1,1,yes,2,-1,-1,YES,"5869,6356",0,,0,-,2,"5869,6356",over_allocated,red
t1ejtdn8mbwlkvf4dutfgfqxtl1tuicf7xy,5,no,0,5,5,,,0,,0,-,0,,-,
t1elvlijthm7gwebdqsbkpkibsps8vodaf4,5,no,0,5,5,,,0,,0,-,0,,-,
t1enpwnvsjbypmz7f6ydkp5jgrpwvzutnxu,20,yes,0,20,20,,,0,,0,-,0,,-,
t1eohej77wwnl6wwjegsbmlvyzqfwqcbk4b,6,no,0,6,6,,,0,,0,-,0,,-,
t1eqdlldpzagrcykdarj7bdfncgb248xozh,5,no,0,5,5,,,0,,0,-,0,,-,
t1eqqgbfkchzyt7v8ynevyfabanjy2cbllq,50,no,0,50,50,,,0,,0,-,0,,-,
t1eqrq34pr3zkecprjvanrxmpdpxt32j8tv,10,yes,24,-14,-14,YES,"336,536,711,879,1102,2354,2733,2931,3595,3721,4034,4168,4318,4393,4443,5652,5901,6340,6619,8606,9417,9560,9597,9787",0,,0,-,24,"336,536,711,879,1102,2354,2733,2931,3595,3721,4034,4168,4318,4393,4443,5652,5901,6340,6619,8606,9417,9560,9597,9787",over_allocated,red
t1etdmfjkgajzhb9zz7pvgikzfrqzglcclk,2,yes,0,2,2,,,0,,0,-,0,,-,
t1etsdpxd64kfqkr1jhgrjwaummz8gbfuuy,5,no,3,2,2,,"3195,5943,7787",0,,0,-,3,"3195,5943,7787",-,
t1etwcnjcjjqpk9mzbm6k7dssdv1jwqrsa5,3,yes,0,3,3,,,0,,0,-,0,,-,
t1eulhsezaj6vbspzk8imsohsqkqqtpezkm,1,no,1,0,0,,9430,0,,0,-,1,9430,-,
t1ev2rekp3un14w593meobl5hyap6dhslzj,10,yes,0,10,10,,,0,,0,-,0,,-,
t1ev9bumx5osibnkbe22pqnkad7sbnv5qgo,8,yes,8,0,0,,"181,779,831,2061,2080,3144,3383,5367",0,,0,-,8,"181,779,831,2061,2080,3144,3383,5367",-,
t1eybnvrqpkww85e7xugqunsh6zguytu6k3,50,no,0,50,50,,,0,,0,-,0,,-,
t1eytcrhqquhq1kr1rzqyc1zracih7cpewl,3,no,8,-5,-5,YES,"823,1316,3491,4832,5251,7094,7284,8428",0,,0,-,8,"823,1316,3491,4832,5251,7094,7284,8428",over_allocated,red
t1eyvxmat7jptdkrbkcphejlsoeg3fbpvcc,1,yes,0,1,1,,,0,,0,-,0,,-,
t1ezmafcocld3avqj6clnp9ecyjeey3bbgn,15,no,24,-9,-9,YES,"521,535,1204,1510,1561,1582,2078,2131,2161,2786,3286,5686,5735,5738,5902,6255,6404,6764,6990,7874,8358,9536,9804,9986",0,,0,-,24,"521,535,1204,1510,1561,1582,2078,2131,2161,2786,3286,5686,5735,5738,5902,6255,6404,6764,6990,7874,8358,9536,9804,9986",over_allocated,red
t1ezre2qbavz8qghv3n1eekd1jqpuxmmit7,6,yes,0,6,6,,,0,,0,-,0,,-,
t1ezzad5kslgj8m8n7jncqbwpfqm3dq2gg2,50,no,0,50,50,,,0,,0,-,0,,-,
t1f53sst5fssvdfk7gesgqvsdgtggwr9feg,5,yes,0,5,5,,,0,,0,-,0,,-,
t1f7k2fz5f9bqjbysmxxncdfy7vbcatlv71,2,no,2,0,0,,"2325,2926",0,,0,-,2,"2325,2926",-,
t1f7r81gwbt1vxxsgwuvupz5kelrfhemfsv,20,no,0,20,20,,,0,,0,-,0,,-,
t1fapdbmwhmdbj7cwbhrcfgn7mmq9wwp7xb,5,yes,0,5,5,,,0,,0,-,0,,-,
t1far1swx9k4ztwwrznjdofltf63x25ayss,2,no,0,2,2,,,0,,0,-,0,,-,
t1fcmnktgqtxnnsq9llfxityrj12uteieuk,50,yes,92,-42,-42,YES,"546,761,1021,1079,1080,1169,1522,1559,1732,1740,1765,1822,1915,2005,2037,2248,2339,2365,2375,2459,2540,2567,2600,2745,2866,3013,3089,3205,3300,3368,3478,3515,3557,3630,3688,3866,3951,4050,4067,4248,4307,4439,4718,4846,4904,5005,5129,5180,5329,5673,5815,5843,5977,6004,6093,6748,6756,6767,7090,7214,7290,7381,7548,7661,7845,7954,8002,8187,8251,8456,8475,8618,8627,8669,8823,9071,9076,9149,9243,9283,9395,9516,9608,9674,9686,9687,9704,9744,9773,9911,9960,9998",0,,0,-,92,"546,761,1021,1079,1080,1169,1522,1559,1732,1740,1765,1822,1915,2005,2037,2248,2339,2365,2375,2459,2540,2567,2600,2745,2866,3013,3089,3205,3300,3368,3478,3515,3557,3630,3688,3866,3951,4050,4067,4248,4307,4439,4718,4846,4904,5005,5129,5180,5329,5673,5815,5843,5977,6004,6093,6748,6756,6767,7090,7214,7290,7381,7548,7661,7845,7954,8002,8187,8251,8456,8475,8618,8627,8669,8823,9071,9076,9149,9243,9283,9395,9516,9608,9674,9686,9687,9704,9744,9773,9911,9960,9998",over_allocated,red
t1fdqdd68wsyh7yrjwt4ixyfh4erl57vzvq,5,no,0,5,5,,,0,,0,-,0,,-,
t1fdta8dvjokvjh6ihzwu6vkhepfks9ay9a,30,yes,4,26,26,,"3404,5445,6881,7833",0,,0,-,4,"3404,5445,6881,7833",-,
t1fe6njgmixpvrodtzjcj2svsoety6uu7wf,6,no,6,0,0,,"1925,1938,2296,2543,2957,7899",0,,0,-,6,"1925,1938,2296,2543,2957,7899",-,
t1feeekduec8liqgczgjjrdeg8hegncfduw,20,yes,14,6,6,,"1629,1665,1753,2153,3098,3633,3754,4174,5654,5951,7053,8252,9460,9759",0,,0,-,14,"1629,1665,1753,2153,3098,3633,3754,4174,5654,5951,7053,8252,9460,9759",-,
t1feybefmcdcfaxl7t8vyjtq3vfgnlrsxzf,5,yes,0,5,5,,,0,,0,-,0,,-,
t1fgysesuy8u248admtt2rqwywtgbwgjwmi,40,no,0,40,40,,,0,,0,-,0,,-,
t1fh3uhheogqg7ztvzx5dkqjayxutgz3p5q,3,no,3,0,0,,"2360,8289,8460",0,,0,-,3,"2360,8289,8460",-,
t1fhmctgkbwsvat71ynwsk74ylc3nzhc4mw,1,no,3,-2,-2,YES,"600,8948,9479",0,,0,-,3,"600,8948,9479",over_allocated,red
t1fl13xz5tjvahqdazjtep5pbkbu4gnqgnp,50,no,0,50,50,,,0,,0,-,0,,-,
t1fmrxxnxrzmbtywnse6b8b2ons8gkeh8eb,1,yes,0,1,1,,,0,,0,-,0,,-,
t1fnj25pjtkzgyuzap5uwggm1uvw8yskagx,1,no,0,1,1,,,0,,0,-,0,,-,
t1fovt3n27htzfna3tyogdmx8czak1rbbrg,21,yes,0,21,21,,,0,,0,-,0,,-,
t1fozrsq31x7sb4muxow1m6yvkjjnchtajv,2,yes,0,2,2,,,0,,0,-,0,,-,
t1frryx2wgolmyna5sxpm2pky9m1de5ywar,40,no,0,40,40,,,0,,0,-,0,,-,
t1fsys74pneccvgvgm8vcefufeayicafmb1,5,yes,0,5,5,,,0,,0,-,0,,-,
t1fu35q2mmn9tvbtk67grpmnzsglkvzvbim,3,yes,0,3,3,,,0,,0,-,0,,-,
t1fu44wonbdawqjgadurabyvmo5fgws62nz,4,no,0,4,4,,,0,,0,-,0,,-,
t1fulu1jlxahglec9lbpiuydcd9w89sbfvr,20,yes,11,9,9,,"693,740,1496,2480,3465,4642,5226,6568,7414,8827,9366",0,,0,-,11,"693,740,1496,2480,3465,4642,5226,6568,7414,8827,9366",-,
t1fwbof3r6g5cv93rzfbmefabit96vhdtjf,10,yes,0,10,10,,,0,,0,-,0,,-,
t1fwm4jxmdzanommxc9ahtorfgcwjmyvhxd,50,no,0,50,50,,,0,,0,-,0,,-,
t1fwsao7xvnghdb7a2pflcenavmmgstp4vt,1,no,1,0,0,,7514,0,,0,-,1,7514,-,
t1fxcytetyptzwclrhphd9y9hflj4uk24m8,5,no,0,5,5,,,0,,0,-,0,,-,
t1fygwxb9m6az4j3jftu52yeg2btdajqw5j,20,yes,29,-9,-9,YES,"924,1177,1351,1634,2751,2821,2953,3111,3131,3364,3527,3874,4399,4587,5130,5316,6317,6992,7032,7308,7374,7598,7878,8117,8161,8432,9414,9629,9854",0,,0,-,29,"924,1177,1351,1634,2751,2821,2953,3111,3131,3364,3527,3874,4399,4587,5130,5316,6317,6992,7032,7308,7374,7598,7878,8117,8161,8432,9414,9629,9854",over_allocated,red
t1fym6ponzmhqgj1azpaimmy1wzligfzdwt,20,no,39,-19,-19,YES,"410,433,1165,1246,1683,1712,1965,2137,2352,2845,2922,2968,3117,3672,4051,4354,4576,4586,4901,4927,5288,5891,6514,6571,6578,6618,6858,6930,6982,7237,7258,7999,8271,8279,8864,9408,9568,9572,9899",0,,0,-,39,"410,433,1165,1246,1683,1712,1965,2137,2352,2845,2922,2968,3117,3672,4051,4354,4576,4586,4901,4927,5288,5891,6514,6571,6578,6618,6858,6930,6982,7237,7258,7999,8271,8279,8864,9408,9568,9572,9899",over_allocated,red
t1g2u5qqpd12pzqv2xakjvpvarmhvjhobsp,3,yes,3,0,0,,"7734,7862,9464",0,,0,-,3,"7734,7862,9464",-,
t1g3x1rcxnzwkuatm9qnqukmlshh3acmwsb,50,no,0,50,50,,,0,,0,-,0,,-,
t1g797iuz3hzgkyxzuxjlukm7a8juqndwnv,14,no,30,-16,-16,YES,"443,490,1943,2238,2361,2629,2739,3427,3593,3605,3680,4112,4385,5829,5950,6492,6538,6576,6777,6859,6981,7799,8156,8328,8613,8774,9176,9268,9605,9755",0,,0,-,30,"443,490,1943,2238,2361,2629,2739,3427,3593,3605,3680,4112,4385,5829,5950,6492,6538,6576,6777,6859,6981,7799,8156,8328,8613,8774,9176,9268,9605,9755",over_allocated,red
t1g7jrpyluf6zw67rdovr7stcammu7ilzjn,1,yes,0,1,1,,,0,,0,-,0,,-,
t1gao9uh4pdyaxbpmm8e9skfsfglmqdv77k,1,no,0,1,1,,,0,,0,-,0,,-,
t1gdeuqcghyet6f2jznruxq3zsvxoheqyp8,2,no,0,2,2,,,0,,0,-,0,,-,
t1gdkjyd1nu84k9ytcoirhnbtuusd6ryt8m,12,no,0,12,12,,,0,,0,-,0,,-,
t1geadqaiqyvgaoog8vhocum1sq6scajdbe,50,no,75,-25,-25,YES,"81,286,315,609,618,714,1365,1625,1693,1744,1973,2244,2304,2307,2390,2754,2887,3141,3143,3153,3365,3656,3813,3858,4114,4221,4467,4487,4543,4791,5003,5189,5247,5258,5330,5478,5482,5552,5668,5845,5956,6163,6322,6453,6531,6577,6673,6725,6802,6820,6825,6932,6960,7189,7655,7745,7894,7905,7951,8127,8140,8350,8372,8466,8711,8913,8989,9080,9093,9147,9416,9554,9694,9761,9928",0,,0,-,75,"81,286,315,609,618,714,1365,1625,1693,1744,1973,2244,2304,2307,2390,2754,2887,3141,3143,3153,3365,3656,3813,3858,4114,4221,4467,4487,4543,4791,5003,5189,5247,5258,5330,5478,5482,5552,5668,5845,5956,6163,6322,6453,6531,6577,6673,6725,6802,6820,6825,6932,6960,7189,7655,7745,7894,7905,7951,8127,8140,8350,8372,8466,8711,8913,8989,9080,9093,9147,9416,9554,9694,9761,9928",over_allocated,red
t1gejwmprz7dxgdqbazqysn1gkrhuuzdsyw,50,no,0,50,50,,,0,,0,-,0,,-,
t1gevxyypysrlnq453bu5dmpqgddjsquzvx,20,no,0,20,20,,,0,,0,-,0,,-,
t1geypkpdqffrvjg9vytm6zb855pzrtw3cx,5,no,0,5,5,,,0,,0,-,0,,-,
t1gfd6wyzz6u1wqdqww5ahhz349hqhsvav1,25,yes,0,25,25,,,0,,0,-,0,,-,
t1gfxpmbrdeohuwrzcrms99tghjuw7fufyu,40,no,45,-5,-5,YES,"83,100,150,213,382,458,544,628,708,1295,1315,1373,1376,1538,1900,2155,2182,2303,2959,3203,3451,4134,4242,4381,4756,4769,4775,5375,5772,6280,6606,6652,7530,7663,7719,7731,7858,8154,8329,9196,9200,9473,9539,9758,9846",0,,0,-,45,"83,100,150,213,382,458,544,628,708,1295,1315,1373,1376,1538,1900,2155,2182,2303,2959,3203,3451,4134,4242,4381,4756,4769,4775,5375,5772,6280,6606,6652,7530,7663,7719,7731,7858,8154,8329,9196,9200,9473,9539,9758,9846",over_allocated,red
t1glcpzlhxjdp7qkvpkc2ctaqjmdzxewaq1,4,no,0,4,4,,,0,,0,-,0,,-,
t1gmpdre6q9l4b8brnfi4qz9buecz9s1jj4,3,no,3,0,0,,"1150,8901,9885",0,,0,-,3,"1150,8901,9885",-,
t1gn3ylcyi3ybslq9k4m1ensy9rqdpa9zsq,5,no,0,5,5,,,0,,0,-,0,,-,
t1gnfhugmds7ndhns1njcnjbqzspxolodcj,1,yes,0,1,1,,,0,,0,-,0,,-,
t1gqvczrpetq5kd2yav6okqsbptwhqsvwgx,12,yes,0,12,12,,,0,,0,-,0,,-,
t1graxofyci6chqq22vehfy2rn9maj2rdnt,45,no,0,45,45,,,0,,0,-,0,,-,
t1gry2jqgf94yfyqqgxto7xxbzgvw5rmsjy,50,no,0,50,50,,,0,,0,-,0,,-,
t1gsuxyfwusub6xzreengc4m9dxmn9m9auk,5,no,0,5,5,,,0,,0,-,0,,-,
t1gtptcbamzdtc583kadl9r6xgycqhq4pq8,2,no,2,0,0,,"2302,4736",0,,0,-,2,"2302,4736",-,
t1gubfunujh7opq9ax1wohmpvsuv5p7hzab,10,no,10,0,0,,"1,9,553,577,2437,4193,4982,8307,8403,8410",0,,0,-,10,"1,9,553,577,2437,4193,4982,8307,8403,8410",-,
t1gvchfhecde9hjz5sqkitjjsc1ojqpdpak,5,no,7,-2,-2,YES,"2471,3452,5083,5188,5886,5981,7558",0,,0,-,7,"2471,3452,5083,5188,5886,5981,7558",over_allocated,red
t1gvuboqhcpbg9xaqgzqrmghqvbdsx4i6h5,2,yes,4,-2,-2,YES,"763,3966,5526,6397",0,,0,-,4,"763,3966,5526,6397",over_allocated,red
t1gw2dqebg8fnjhxpmmwulihah67y7bymhh,1,yes,0,1,1,,,0,,0,-,0,,-,
t1gwmsjkr1uxwsyds4czjewvm6r3vm2rq7o,4,yes,9,-5,-5,YES,"2236,2378,3876,3941,5027,5317,5988,8511,9099",0,,0,-,9,"2236,2378,3876,3941,5027,5317,5988,8511,9099",over_allocated,red
t1gwmyqkmspp78zvsyrw5jpel3hms9xbdag,10,no,0,10,10,,,0,,0,-,0,,-,
t1h24u2actyq127jik1bfy5svctcbczvnax,20,no,0,20,20,,,0,,0,-,0,,-,
t1h7csob58hqjcscexrpkbexa2c6brw1axx,1,yes,0,1,1,,,0,,0,-,0,,-,
t1h9qruitufrdvizapsgdwxdrnlurkdbp66,1,no,0,1,1,,,0,,0,-,0,,-,
t1harykyjfctqhcswkwobfnqydrtpybcusz,40,yes,42,-2,-2,YES,"219,246,305,421,495,568,1018,1312,1314,1609,1962,2308,2749,3175,3613,3992,4306,4352,4546,4564,4764,5287,5430,5460,5465,5573,5848,5850,5967,6029,6030,6674,7255,7443,7596,8234,8416,8660,8771,9194,9259,9729",0,,0,-,42,"219,246,305,421,495,568,1018,1312,1314,1609,1962,2308,2749,3175,3613,3992,4306,4352,4546,4564,4764,5287,5430,5460,5465,5573,5848,5850,5967,6029,6030,6674,7255,7443,7596,8234,8416,8660,8771,9194,9259,9729",over_allocated,red
t1hd8yo89x2kkepbmtnc4sigq5uohoqpfjc,10,no,14,-4,-4,YES,"700,1580,2341,3475,3890,4119,4143,4759,4858,6321,6373,7802,8719,8916",0,,0,-,14,"700,1580,2341,3475,3890,4119,4143,4759,4858,6321,6373,7802,8719,8916",over_allocated,red
t1htgcft43uygr2j4m7qgcwmqdwn7enuvfg,3,yes,0,3,3,,,0,,0,-,0,,-,
t1htqpkfbktjqwqdcazlfeyk2fbeejwqsxv,4,yes,4,0,0,,"7360,8693,9452,9839",0,,0,-,4,"7360,8693,9452,9839",-,
t1hwgaawc9kqthhzvuolgdguhmjdkmod6xa,25,no,0,25,25,,,0,,0,-,0,,-,
t1j5gnyyoqkpwqvxwnmrifakdbgg9syf4q1,5,no,7,-2,-2,YES,"1472,2853,4017,4803,5063,6081,7273",0,,0,-,7,"1472,2853,4017,4803,5063,6081,7273",over_allocated,red
t1j5hnk9mbw9mim4qixc73mlpilmbaytvfu,4,no,4,0,0,,"4389,6998,7431,8978",0,,0,-,4,"4389,6998,7431,8978",-,
t1j6cf6hxanfe3cpv6silkosgyrxwvb4po1,20,yes,3,17,17,,"2862,4437,8459",0,,0,-,3,"2862,4437,8459",-,
t1j6fzrn23z8hy9mz2x9pzud7fcnqtxe2kr,2,no,0,2,2,,,0,,0,-,0,,-,
t1j6rtdryb2rfq7cxtyteahtsdk7m6vg53w,2,no,0,2,2,,,0,,0,-,0,,-,
t1j8ajwq5exf79symnxsh3oytgzrfwbyxhm,10,yes,0,10,10,,,0,,0,-,0,,-,
t1j8fhhapngjucqq3eywpngvlf8a5fdtjdf,5,no,0,5,5,,,0,,0,-,0,,-,
t1j9dknceig8rogli5twqz3r67f6rkrjnen,1,yes,0,1,1,,,0,,0,-,0,,-,
t1ja3rl76bb2auugrmfdcklf12sfzf4jbab,5,yes,0,5,5,,,0,,0,-,0,,-,
t1jabw3ww3hj4z9lu4mzsagu5yxupwrsb1u,6,no,0,6,6,,,0,,0,-,0,,-,
t1jajysetfbv2z8hau9jbfs1arupudfvlxm,50,no,0,50,50,,,0,,0,-,0,,-,
t1jcrlwwbsdkoj516dbtutc3ieofszgt8b6,5,no,5,0,0,,"1419,3021,7666,8180,8470",0,,0,-,5,"1419,3021,7666,8180,8470",-,
t1jcvyiguzgleryq3zdbehrzlz4jqu7c6ks,4,no,0,4,4,,,0,,0,-,0,,-,
t1jdlagrq3efjd7ljkxpwg79omks5ovmzwt,3,no,0,3,3,,,0,,0,-,0,,-,
t1jdsfjfc6ydm63jvp9jtmykdxyyxrrtqek,50,no,51,-1,-1,YES,"2,35,285,396,398,571,610,1488,1513,1611,1628,1696,2025,2434,2467,2878,2941,3164,3267,3349,3363,3374,3644,3801,4218,4534,4638,4761,4794,4806,5457,5610,6493,6519,6740,6798,6954,7072,7480,7728,8105,8169,8548,8849,8861,9047,9226,9607,9667,9671,9931",0,,0,-,51,"2,35,285,396,398,571,610,1488,1513,1611,1628,1696,2025,2434,2467,2878,2941,3164,3267,3349,3363,3374,3644,3801,4218,4534,4638,4761,4794,4806,5457,5610,6493,6519,6740,6798,6954,7072,7480,7728,8105,8169,8548,8849,8861,9047,9226,9607,9667,9671,9931",over_allocated,red
t1jejzew5qenbhezgze2dy7wr4wwwxeom4d,5,no,0,5,5,,,0,,0,-,0,,-,
t1jeqvztfwj22eqoqxysg614scxxkxrnttp,50,no,0,50,50,,,0,,0,-,0,,-,
t1jfcigsd4fnvprdnfh2nlhwd27njddj9kc,2,yes,2,0,0,,"3983,6085",0,,0,-,2,"3983,6085",-,
t1jhqganngvjetrrjrm9zvauhh6pwgdc9nr,20,no,0,20,20,,,0,,0,-,0,,-,
t1jhwzqg42rqtzb5s5jnpy22lv6ryy5whyb,1,no,0,1,1,,,0,,0,-,0,,-,
t1ji5neclr682cgibomm2og4eh1dftejt7h,1,no,0,1,1,,,0,,0,-,0,,-,
t1jkdc7ywjjcqyh5by7ntbvb1tdahygnic8,1,no,0,1,1,,,0,,0,-,0,,-,
t1jm1xmajucrm1gnvg5wwuzvng3aspx2mnb,1,no,1,0,0,,2242,0,,0,-,1,2242,-,
t1jm2ucfn494v6gzvpqgmq7ebc5y6vy216h,10,no,0,10,10,,,0,,0,-,0,,-,
t1jpqnqgmx1a3czrjrg56zrmzzeecb6cd9y,7,no,0,7,7,,,0,,0,-,0,,-,
t1jqulpn6dhcced5yhrbcesogxt3t5366jo,5,no,6,-1,-1,YES,"497,717,1237,2521,4329,9893",0,,0,-,6,"497,717,1237,2521,4329,9893",over_allocated,red
t1jreud82tmz4mmbxrgxmdxroy8mvvpu8gc,1,yes,1,0,0,,7595,0,,0,-,1,7595,-,
t1jrhuau8t1rw1wsv4llwox5c8vj6zdkyk6,1,yes,2,-1,-1,YES,"2712,3226",0,,0,-,2,"2712,3226",over_allocated,red
t1jrnwgf4mygdnj81mciok2sxid2pt6bgzc,4,yes,0,4,4,,,0,,0,-,0,,-,
t1jts8xyoc3stscbtkbkpdspd3detcnfb4u,18,no,13,5,5,,"296,371,1064,1731,1937,2152,4679,4983,5839,6501,8722,9023,9969",0,,0,-,13,"296,371,1064,1731,1937,2152,4679,4983,5839,6501,8722,9023,9969",-,
t1jubeugvahfbf2blzafwgkwghuoxpvts2z,40,yes,0,40,40,,,0,,0,-,0,,-,
t1juku2crtz49h7qhng8cfghyaac5meacya,5,no,0,5,5,,,0,,0,-,0,,-,
t1jvrpv2juqzkyab7zpqjjzhscxyjdytd9d,4,yes,0,4,4,,,0,,0,-,0,,-,
t1jvt6adsbpyma35n5p6zjiyjntu8abhw4z,20,yes,8,12,12,,"1768,2254,3093,3713,4630,7544,9319,9876",0,,0,-,8,"1768,2254,3093,3713,4630,7544,9319,9876",-,
t1jwcn7bwhwiw2xscgwymbdbppl57rpbjjw,10,no,7,3,3,,"625,639,5160,5838,6222,7826,9777",0,,0,-,7,"625,639,5160,5838,6222,7826,9777",-,
t1jwd8yieknnfwq7fwssfxskfrgduhbhjqh,20,yes,0,20,20,,,0,,0,-,0,,-,
t1jwm2rf4kw1s8t8lktw9zthadexgumorkh,20,yes,0,20,20,,,0,,0,-,0,,-,
t1jx7uh3ddorrk2ldf5mslacske6wflympz,5,yes,0,5,5,,,0,,0,-,0,,-,
t1jxhsxcqshxkugljtaxdwpzfh7hhmwoemr,50,yes,0,50,50,,,0,,0,-,0,,-,
t1jzcgxzusadm4mdeglkfjrha5wdapvguxt,2,no,2,0,0,,"990,9322",0,,0,-,2,"990,9322",-,
t1jzxxyeyn8pdqsbjzpskassukincjl6vvv,1,no,0,1,1,,,0,,0,-,0,,-,
t1k1k3lvujfthpw1rx5gye1wt1w3nfffkuz,17,no,87,-70,-70,YES,"13,28,54,97,163,221,268,284,329,478,511,745,943,962,1034,1056,1153,1197,1252,1338,1353,1389,1413,1456,1598,1676,2012,2111,2320,2338,2347,2587,3053,3441,3590,3611,3723,3756,3811,3958,4263,4682,4687,4974,5015,5047,5126,5159,5299,5371,5659,5934,5962,6157,6193,6316,6686,6695,6742,6768,6835,7584,7621,7805,8029,8073,8087,8261,8352,8382,8383,8392,8436,8687,8744,8818,8832,8860,8964,9026,9074,9182,9297,9311,9598,9688,9768",0,,0,-,87,"13,28,54,97,163,221,268,284,329,478,511,745,943,962,1034,1056,1153,1197,1252,1338,1353,1389,1413,1456,1598,1676,2012,2111,2320,2338,2347,2587,3053,3441,3590,3611,3723,3756,3811,3958,4263,4682,4687,4974,5015,5047,5126,5159,5299,5371,5659,5934,5962,6157,6193,6316,6686,6695,6742,6768,6835,7584,7621,7805,8029,8073,8087,8261,8352,8382,8383,8392,8436,8687,8744,8818,8832,8860,8964,9026,9074,9182,9297,9311,9598,9688,9768",over_allocated,red
t1k2y89euqqyha1bcbtamohuy3igzsn1rt8,20,yes,0,20,20,,,0,,0,-,0,,-,
t1k6yc47blup7xpfvsassvk9xa4b2zd2yxq,3,yes,4,-1,-1,YES,"2680,5036,8178,9665",0,,0,-,4,"2680,5036,8178,9665",over_allocated,red
t1k6zlqemuuuh7y2tzmnybqtkztmzt4kz5z,50,no,73,-23,-23,YES,"48,75,198,311,330,357,385,461,486,581,821,947,957,988,1022,1128,1524,1708,1727,1779,2185,2289,2315,2414,2585,2597,2627,2995,3002,3574,3820,3937,4027,4181,4294,4777,4885,4991,5085,5340,5438,5454,5651,5789,6083,6267,6301,6331,6389,6410,6743,6772,6783,7345,7511,7970,8095,8216,8266,8840,8846,8945,9041,9238,9327,9390,9392,9396,9533,9739,9743,9944,9966",0,,0,-,73,"48,75,198,311,330,357,385,461,486,581,821,947,957,988,1022,1128,1524,1708,1727,1779,2185,2289,2315,2414,2585,2597,2627,2995,3002,3574,3820,3937,4027,4181,4294,4777,4885,4991,5085,5340,5438,5454,5651,5789,6083,6267,6301,6331,6389,6410,6743,6772,6783,7345,7511,7970,8095,8216,8266,8840,8846,8945,9041,9238,9327,9390,9392,9396,9533,9739,9743,9944,9966",over_allocated,red
t1k7hpvazsdktbiq6hhx4qdndvymas1tdf5,6,yes,0,6,6,,,0,,0,-,0,,-,
t1k7jffednikqubpoc8mvj8ij6tqidmzoj2,1,no,2,-1,-1,YES,"6060,7200",0,,0,-,2,"6060,7200",over_allocated,red
t1kav6jaxdcwtgef1jpkbwkdsvgtfoxwqey,1,no,0,1,1,,,0,,0,-,0,,-,
t1kayatk2rupd6vgyudh88q4ssbdennhhoh,3,no,9,-6,-6,YES,"267,343,543,669,3955,4905,7141,7824,9158",0,,0,-,9,"267,343,543,669,3955,4905,7141,7824,9158",over_allocated,red
t1kb1xwl5gubbnqcjh51roehmwpvng7irxc,2,yes,3,-1,-1,YES,"3865,4691,6906",0,,0,-,3,"3865,4691,6906",over_allocated,red
t1kcfed5andgkefujlxgiwlyrrxrewicggr,2,yes,3,-1,-1,YES,"240,4127,4609",0,,0,-,3,"240,4127,4609",over_allocated,red
t1kcscspfphnmq2vitesrcs7viqwaio8fhj,11,no,0,11,11,,,0,,0,-,0,,-,
t1kcuw1npvr56on7dbzkddjob41akjlwe2h,50,yes,85,-35,-35,YES,"169,418,439,786,796,800,883,887,946,975,1278,1304,1355,1430,1436,1448,1501,1687,1980,2008,2051,2120,2143,2146,2664,2818,2924,2988,3007,3273,3333,3369,3386,3522,3607,3669,3824,3987,4210,4328,4522,4698,4934,5106,5207,5210,5290,5351,5390,5399,5563,5778,5866,5945,6011,6012,6112,6116,6201,6247,6522,6530,6612,7134,7340,7349,7451,7452,7501,8204,8362,8592,8630,8812,8942,9022,9127,9412,9438,9528,9642,9709,9842,9879,9972",0,,0,-,85,"169,418,439,786,796,800,883,887,946,975,1278,1304,1355,1430,1436,1448,1501,1687,1980,2008,2051,2120,2143,2146,2664,2818,2924,2988,3007,3273,3333,3369,3386,3522,3607,3669,3824,3987,4210,4328,4522,4698,4934,5106,5207,5210,5290,5351,5390,5399,5563,5778,5866,5945,6011,6012,6112,6116,6201,6247,6522,6530,6612,7134,7340,7349,7451,7452,7501,8204,8362,8592,8630,8812,8942,9022,9127,9412,9438,9528,9642,9709,9842,9879,9972",over_allocated,red
t1kdc4eo3wd5tid6pledtetlckl7ngo9zze,10,no,11,-1,-1,YES,"3336,4470,4813,5514,7315,7524,8221,8418,8965,9002,9581",0,,0,-,11,"3336,4470,4813,5514,7315,7524,8221,8418,8965,9002,9581",over_allocated,red
t1kdkpmkd1ypfbov2pstgjao1cl6zbvbqm4,2,no,0,2,2,,,0,,0,-,0,,-,
t1keyd75eld8bvhtjn9r2sqxsomd4uksy3q,50,yes,75,-25,-25,YES,"24,63,93,201,327,432,471,519,597,755,1140,1233,1615,1623,1636,1667,1707,1865,2159,2180,2199,2241,2374,2486,2684,2692,2735,2905,3037,3057,3420,3505,3742,3881,4021,4264,4327,4340,4509,4667,4748,4854,4945,4959,5133,5222,5269,5295,5410,5746,6061,6148,6707,6723,6739,6894,6988,6997,7231,7317,7389,7534,8048,8174,8205,8286,8310,8541,8551,8891,8944,9542,9592,9594,9737",0,,0,-,75,"24,63,93,201,327,432,471,519,597,755,1140,1233,1615,1623,1636,1667,1707,1865,2159,2180,2199,2241,2374,2486,2684,2692,2735,2905,3037,3057,3420,3505,3742,3881,4021,4264,4327,4340,4509,4667,4748,4854,4945,4959,5133,5222,5269,5295,5410,5746,6061,6148,6707,6723,6739,6894,6988,6997,7231,7317,7389,7534,8048,8174,8205,8286,8310,8541,8551,8891,8944,9542,9592,9594,9737",over_allocated,red
t1kgcb7kyhr8hddvh4uwszxrraku58mkdce,5,yes,0,5,5,,,0,,0,-,0,,-,
t1khhgjrucrrbn1jhnlz8ibmtok9tpidfui,42,yes,35,7,7,,"74,316,847,1012,1072,1239,1660,2505,2810,2838,2942,3233,3331,3580,3770,4342,4824,5206,5874,6211,6396,6678,6925,7173,7188,7576,7641,7909,8041,8580,8801,9247,9429,9466,9484",0,,0,-,35,"74,316,847,1012,1072,1239,1660,2505,2810,2838,2942,3233,3331,3580,3770,4342,4824,5206,5874,6211,6396,6678,6925,7173,7188,7576,7641,7909,8041,8580,8801,9247,9429,9466,9484",-,
t1kkqmysfuxqt2urpv6hjwbbytnktecj9yr,2,yes,1,1,1,,5344,0,,0,-,1,5344,-,
t1kl4fasdmwjcjpikeb4yrog6uddknzw5fv,5,yes,6,-1,-1,YES,"1987,4500,6353,6399,6730,9822",0,,0,-,6,"1987,4500,6353,6399,6730,9822",over_allocated,red
t1knsuhktchkune9j2m7v5sehutqg5udzdf,2,no,5,-3,-3,YES,"760,3610,5758,6304,6371",0,,0,-,5,"760,3610,5758,6304,6371",over_allocated,red
t1kpixhjka5evbcj2x7swi4mrhvh1whzbjn,50,yes,0,50,50,,,0,,0,-,0,,-,
t1kpwnwxtu8wf5g5twdruqbnh4bi6tohrtn,10,no,15,-5,-5,YES,"856,1030,1700,3486,3954,4722,4733,4877,5091,6210,7098,7730,7984,9001,9809",0,,0,-,15,"856,1030,1700,3486,3954,4722,4733,4877,5091,6210,7098,7730,7984,9001,9809",over_allocated,red
t1kqn6lrzaaqmy4vetlswnmpucd71ltoesq,20,yes,20,0,0,,"413,489,607,1138,2101,2609,2679,3812,5065,5246,5759,6498,6561,6572,7990,8496,8845,9125,9505,9732",0,,0,-,20,"413,489,607,1138,2101,2609,2679,3812,5065,5246,5759,6498,6561,6572,7990,8496,8845,9125,9505,9732",-,
t1ksb96y7wmfwzzc18w82wr9umkzsd66vls,1,yes,0,1,1,,,0,,0,-,0,,-,
t1kt7r9hjyd9r41rghxqxxqr2xt4rwujyhf,5,yes,0,5,5,,,0,,0,-,0,,-,
t1ktjgv2pfr1zjjsysvbhazviuacosicske,5,yes,5,0,0,,"465,5356,6296,9411,9714",0,,0,-,5,"465,5356,6296,9411,9714",-,
t1ktwreatg6xdqeodednzalnpsmpi8eh9h1,5,yes,0,5,5,,,0,,0,-,0,,-,
t1ktzbkl1xvd9ddw3zpvjmwzwdkd4nsdfs1,5,no,6,-1,-1,YES,"517,3641,6645,7024,8076,9042",0,,0,-,6,"517,3641,6645,7024,8076,9042",over_allocated,red
t1kvxs4mz4judj4ysgquvgk1e5m5kayb8nz,3,yes,6,-3,-3,YES,"3840,4220,7127,7559,8407,9698",0,,0,-,6,"3840,4220,7127,7559,8407,9698",over_allocated,red
t1kwkcmgdqpngnbjhz9zi9lk6uq5jhrfgtx,5,no,0,5,5,,,0,,0,-,0,,-,
t1kwrij5yvuj3a1paujxjjzxm9mhyz53t1e,5,yes,5,0,0,,"90,1363,1877,4618,5343",0,,0,-,5,"90,1363,1877,4618,5343",-,
t1l1wwddlpmwptqjhnqfzjlct2kr3smdrng,2,no,0,2,2,,,0,,0,-,0,,-,
t1l2rjtmccekadyavrk9bz3q5dhutksqauy,50,yes,0,50,50,,,0,,0,-,0,,-,
t1lakakmmjky8le5cmznkgdvcvvtnrkac8a,50,yes,51,-1,-1,YES,"287,560,1050,1062,1253,1573,1792,2235,2371,2420,2421,2591,2789,2798,3160,3277,3426,3560,3768,3806,3833,3903,3948,3959,3962,5034,5035,5145,5418,5566,5597,6291,6341,6735,6738,6781,7197,7306,7568,7755,7763,7785,7864,7884,7949,8054,8530,8716,8917,9463,9894",0,,0,-,51,"287,560,1050,1062,1253,1573,1792,2235,2371,2420,2421,2591,2789,2798,3160,3277,3426,3560,3768,3806,3833,3903,3948,3959,3962,5034,5035,5145,5418,5566,5597,6291,6341,6735,6738,6781,7197,7306,7568,7755,7763,7785,7864,7884,7949,8054,8530,8716,8917,9463,9894",over_allocated,red
t1lb9u3exumdbbztgbiw7t4uteswxoc2ppe,5,yes,0,5,5,,,0,,0,-,0,,-,
t1lckeea2rgmgawzafrvsyj5fnsbvejxujp,50,no,50,0,0,,"73,210,217,297,602,869,1410,1431,2357,2558,2974,3041,3058,3064,3450,3616,3732,3915,3922,4224,4291,4339,4376,4536,4650,4758,4940,5265,5337,5370,5492,5646,5880,6318,6689,6928,7167,7362,7941,8110,8207,8701,9057,9232,9253,9362,9458,9580,9628,9766",0,,0,-,50,"73,210,217,297,602,869,1410,1431,2357,2558,2974,3041,3058,3064,3450,3616,3732,3915,3922,4224,4291,4339,4376,4536,4650,4758,4940,5265,5337,5370,5492,5646,5880,6318,6689,6928,7167,7362,7941,8110,8207,8701,9057,9232,9253,9362,9458,9580,9628,9766",-,
t1ldpz7hjrtq2ungknph3lf8ihehlsmebsv,11,no,15,-4,-4,YES,"464,1190,1230,1459,1850,1872,3653,4083,4595,4670,5312,8413,8794,9432,9454",0,,0,-,15,"464,1190,1230,1459,1850,1872,3653,4083,4595,4670,5312,8413,8794,9432,9454",over_allocated,red
t1ldzpiwymnxjgcwn6fbkm6tiqja6uhxru2,1,yes,1,0,0,,4185,0,,0,-,1,4185,-,
t1lfz9vt9gfkylljtzctsvpqdjdsfnp5ths,2,yes,2,0,0,,"2519,6452",0,,0,-,2,"2519,6452",-,
t1lg1d8nllkzqv55fueqvfitqslwsjrh57y,1,yes,1,0,0,,9856,0,,0,-,1,9856,-,
t1lhzuuduqgkqm4dppbwnmhb5jhlmjuz7qn,4,no,5,-1,-1,YES,"1566,4060,4528,6130,9289",0,,0,-,5,"1566,4060,4528,6130,9289",over_allocated,red
t1lijyvlkaeh8p4hmptbtum1uufcksddxp8,50,no,0,50,50,,,0,,0,-,0,,-,
t1lljtkjmzv7h2hwjoa4fcdgqh4adn8uqyp,3,no,0,3,3,,,0,,0,-,0,,-,
t1lmpwl1csq5ikd8md8va9rawfuda8xp2fq,2,no,0,2,2,,,0,,0,-,0,,-,
t1lpcg9hgengtdbwugqojgbsdstftx5erx6,40,yes,0,40,40,,,0,,0,-,0,,-,
t1lqcmsvbuyfvftgskc8dycpb5isja9bcsr,10,no,0,10,10,,,0,,0,-,0,,-,
t1lrbogyp69ef21bxmctwpv8tkthuac5of7,5,no,0,5,5,,,0,,0,-,0,,-,
t1lrhgxugmpqro1hz8uuzxfsxysdaqg5kup,5,yes,6,-1,-1,YES,"3449,3750,4107,4503,6008,9301",0,,0,-,6,"3449,3750,4107,4503,6008,9301",over_allocated,red
t1lrrartnppwyvuemuplwsm7rqvyuardtmq,1,no,0,1,1,,,0,,0,-,0,,-,
t1ls3lszpnhsc73sva1vxdteuwkprr9xwmv,15,yes,26,-11,-11,YES,"102,380,994,1284,1528,1546,1666,1725,2331,2676,2725,2744,3665,3986,4024,4262,4771,4883,4932,5007,5674,6726,7679,8438,8455,9949",0,,0,-,26,"102,380,994,1284,1528,1546,1666,1725,2331,2676,2725,2744,3665,3986,4024,4262,4771,4883,4932,5007,5674,6726,7679,8438,8455,9949",over_allocated,red
t1lutsbmp3oc7uwr9n2xj8ad2esc8zz9mgc,4,no,0,4,4,,,0,,0,-,0,,-,
t1lxawpjvl85qecyxujjpsb3bujzogs5wm7,2,yes,3,-1,-1,YES,"742,1200,9549",0,,0,-,3,"742,1200,9549",over_allocated,red
t1lyxeaoefs951bbawlt2j6fkes2suuhhwq,5,no,6,-1,-1,YES,"293,2323,6993,7316,7913,9407",0,,0,-,6,"293,2323,6993,7316,7913,9407",over_allocated,red
t1lz7kt1duyahmqzcuxp8jvrcvy1ps6so6e,50,no,59,-9,-9,YES,"107,506,690,768,855,880,959,1049,1161,1186,1285,1541,1584,1642,1761,1764,1781,1786,1985,3115,3301,3619,4145,4495,4556,4875,5107,5152,5494,5670,5833,6365,6579,6657,6774,6863,6870,6888,7033,7062,7145,7156,7314,7564,7724,8019,8192,8371,8444,8562,8566,8676,8678,8831,9290,9360,9512,9579,9640",0,,0,-,59,"107,506,690,768,855,880,959,1049,1161,1186,1285,1541,1584,1642,1761,1764,1781,1786,1985,3115,3301,3619,4145,4495,4556,4875,5107,5152,5494,5670,5833,6365,6579,6657,6774,6863,6870,6888,7033,7062,7145,7156,7314,7564,7724,8019,8192,8371,8444,8562,8566,8676,8678,8831,9290,9360,9512,9579,9640",over_allocated,red
t1lzi24jydjzsfib29wpm2jvp83kwlnkcrb,31,yes,45,-14,-14,YES,"95,675,741,858,1670,1758,1844,2171,2396,2458,2495,2790,2895,3052,3819,3842,4365,4434,4559,4628,4968,5601,5712,5734,5787,6332,6363,6395,6450,6839,6912,7365,7415,7484,7694,7697,7856,8060,8074,8834,8892,9347,9361,9601,9919",0,,0,-,45,"95,675,741,858,1670,1758,1844,2171,2396,2458,2495,2790,2895,3052,3819,3842,4365,4434,4559,4628,4968,5601,5712,5734,5787,6332,6363,6395,6450,6839,6912,7365,7415,7484,7694,7697,7856,8060,8074,8834,8892,9347,9361,9601,9919",over_allocated,red
t1lzpx1jbaka9jlgu26bfufmqgkbk9vhhyq,10,yes,9,1,1,,"918,1046,1411,4568,5328,5636,5692,9400,9634",0,,0,-,9,"918,1046,1411,4568,5328,5636,5692,9400,9634",-,
t1m1yuzl9gymphvw3pg2fcutjuidaiyk2g2,2,yes,2,0,0,,"3281,6234",0,,0,-,2,"3281,6234",-,
t1m6i22tevnztlk5jya4wwhv7fkaskyjp2v,15,yes,0,15,15,,,0,,0,-,0,,-,
t1m6ppksmrsqbswxfen4gmmtrgfnulxdg3h,50,no,0,50,50,,,0,,0,-,0,,-,
t1m8t2byct6rxcsdsjjirbv3ixip4sxx7hz,3,yes,3,0,0,,"632,5342,8225",0,,0,-,3,"632,5342,8225",-,
t1ma39efeajj8ywbl7kmrgpljergnmsgue3,1,no,0,1,1,,,0,,0,-,0,,-,
t1mahpx8p3sggteboxajb6ejxlcgntejn4y,20,yes,0,20,20,,,0,,0,-,0,,-,
t1mbpptgk2u1whfogrhk3b38npfymyf1ckz,4,yes,7,-3,-3,YES,"77,655,2465,3880,3978,4958,9415",0,,0,-,7,"77,655,2465,3880,3978,4958,9415",over_allocated,red
t1mbrhhk6cqac6m4qboz9muv9bkinymot5w,4,no,6,-2,-2,YES,"64,2410,2909,3372,4848,4930",0,,0,-,6,"64,2410,2909,3372,4848,4930",over_allocated,red
t1mcgce5gx7l56ptytz6iw43dpmpcngc9lj,1,yes,0,1,1,,,0,,0,-,0,,-,
t1md91ocaaqkbvmnwmxg57j1ubpsaczxjwx,13,no,0,13,13,,,0,,0,-,0,,-,
t1me6dxng3hg4p9jdu2qthk8dphhhevbst4,2,no,0,2,2,,,0,,0,-,0,,-,
t1mesgayna3uxewakpuyhh464vyffvtchvv,50,no,10,40,40,,"474,2824,3698,4838,5432,7662,8589,9116,9345,9469",0,,0,-,10,"474,2824,3698,4838,5432,7662,8589,9116,9345,9469",-,
t1mexix5xcptnpcrt9xwzwqk14mlmybk3np,9,yes,0,9,9,,,0,,0,-,0,,-,
t1mfavdu1hghnsmy7m7bf8wzvecoekdfgcx,6,no,0,6,6,,,0,,0,-,0,,-,
t1mfchljadjxsotmtsmo45ut2mfrsrlnruu,3,no,0,3,3,,,0,,0,-,0,,-,
t1mfpgp887kays63lpvddykp6crat9c5c7s,1,yes,0,1,1,,,0,,0,-,0,,-,
t1mh8fytskubkcsbwy9r79xf6jgnchjyz4m,10,yes,12,-2,-2,YES,"4281,4499,4918,5669,7722,7825,8091,8368,8558,8918,9171,9566",0,,0,-,12,"4281,4499,4918,5669,7722,7825,8091,8368,8558,8918,9171,9566",over_allocated,red
t1mhezzawscysesdfigpyd2ezen6uuhdwf2,5,no,0,5,5,,,0,,0,-,0,,-,
t1mhq2en1mz5gges8ywfszckbkms2fgq65h,5,yes,7,-2,-2,YES,"91,1695,1862,2737,3692,8281,9880",0,,0,-,7,"91,1695,1862,2737,3692,8281,9880",over_allocated,red
t1mj5qqbfyxu5qhsmg9cx1ntpzbqkvzhxkl,10,yes,0,10,10,,,0,,0,-,0,,-,
t1mkdjvsf1x2hvjrxzxcuwp6rjykqetyttq,6,no,0,6,6,,,0,,0,-,0,,-,
t1mn1hixkseswrzwe7jbk82flewryugjtc9,50,yes,25,25,25,,"929,1043,1639,1659,2589,3146,3258,3419,3710,3784,4099,4251,4315,4423,4517,5179,5389,6171,6804,7005,7213,7238,8450,8908,9813",0,,0,-,25,"929,1043,1639,1659,2589,3146,3258,3419,3710,3784,4099,4251,4315,4423,4517,5179,5389,6171,6804,7005,7213,7238,8450,8908,9813",-,
t1mngxewfzwa9tch7tyvjbafwy4ths9vn2g,3,yes,3,0,0,,"6557,9060,9672",0,,0,-,3,"6557,9060,9672",-,
t1mnhr68kj4tsgv2heevactit7m5cnxhatk,6,yes,0,6,6,,,0,,0,-,0,,-,
t1mnqkjetfpe78jdgfhfdkpnwgsyvppx9rx,2,no,0,2,2,,,0,,0,-,0,,-,
t1mp7wuxdkhpfoyntyqumwpajzi3qxqgois,1,yes,0,1,1,,,0,,0,-,0,,-,
t1mpbhyandfradencx8slrzleaw36yksnqw,2,no,0,2,2,,,0,,0,-,0,,-,
t1mpexnn1cmr3dzaqcf78u63o4dfevquj5i,49,no,0,49,49,,,0,,0,-,0,,-,
t1mqbbwfn8tuz19w7y7py3zxqnm7hqd4jbk,2,no,0,2,2,,,0,,0,-,0,,-,
t1mqfnnuw1piab4s1vbrfxq3d68nmjhwmca,5,no,0,5,5,,,0,,0,-,0,,-,
t1mqjx7f2lsyhct4mafnw4wgjvcko1sngcp,5,no,0,5,5,,,0,,0,-,0,,-,
t1msna83xwek26dqf7wktv5jqlq9th8fazs,3,yes,0,3,3,,,0,,0,-,0,,-,
t1mtavq1npudpebkzr8zi77fv6hdw874cm9,6,yes,9,-3,-3,YES,"4064,4692,5814,6691,7254,7266,8376,8536,9214",0,,0,-,9,"4064,4692,5814,6691,7254,7266,8376,8536,9214",over_allocated,red
t1mv1bfyhteikutetwzzm4jdve4gwbqj3qq,1,no,0,1,1,,,0,,0,-,0,,-,
t1mvix48bopzmn6hzee6azqqklzp7loguff,2,no,2,0,0,,"809,1672",0,,0,-,2,"809,1672",-,
t1mvyzgh9hlq4md2ftuc92gd2zuykddbozc,10,no,0,10,10,,,0,,0,-,0,,-,
t1mycjglmxd4buwcttlcdwvrucdei2vwvfs,6,no,0,6,6,,,0,,0,-,0,,-,
t1n1xtg7cfgtg5dpjmtn6kohhpdmxtfehxe,3,yes,2,1,1,,"99,5599",0,,0,-,2,"99,5599",-,
t1n2xu9lwtm2ht86utphhhi1umgppn6lfw5,8,yes,17,-9,-9,YES,"416,2503,2923,3422,4565,4900,5002,5164,6164,6776,6787,7512,7944,8111,8487,9146,9442",0,,0,-,17,"416,2503,2923,3422,4565,4900,5002,5164,6164,6776,6787,7512,7944,8111,8487,9146,9442",over_allocated,red
t1n6xufzazn3miyttpvjykuhwyqj3efgekf,5,no,0,5,5,,,0,,0,-,0,,-,
t1n8jwvt2tr4dixyfcmyspxedtt7gtmfs8j,5,no,0,5,5,,,0,,0,-,0,,-,
t1n9vkjsqqpvji45dbmsyqbf3oms6efzbav,50,no,50,0,0,,"300,365,1409,1956,2262,2468,2605,2716,2768,2783,3055,3249,3705,3825,4008,4279,4778,4834,4884,5040,5050,5564,5630,6062,6122,6602,6643,6713,6752,6910,6913,6944,7264,7531,7591,7744,7867,8026,8112,8200,8405,8728,8988,9049,9133,9532,9571,9769,9818,9990",0,,0,-,50,"300,365,1409,1956,2262,2468,2605,2716,2768,2783,3055,3249,3705,3825,4008,4279,4778,4834,4884,5040,5050,5564,5630,6062,6122,6602,6643,6713,6752,6910,6913,6944,7264,7531,7591,7744,7867,8026,8112,8200,8405,8728,8988,9049,9133,9532,9571,9769,9818,9990",-,
t1nbcwvag8rl5dqnteutamsrfnxamtyptdj,1,yes,1,0,0,,9639,0,,0,-,1,9639,-,
t1nbgtmb1hg3t1hytec3f4sz9trrokmbsfc,50,no,0,50,50,,,0,,0,-,0,,-,
t1nbkys1xsm1mzdbjzghb2ai1ywymexrkds,20,no,0,20,20,,,0,,0,-,0,,-,
t1ncm6d3y4b2mggbds5anvzs1cgvzjoch5k,10,yes,14,-4,-4,YES,"701,894,1571,2083,3703,4135,4215,5319,5690,7026,7184,8826,8919,9935",0,,0,-,14,"701,894,1571,2083,3703,4135,4215,5319,5690,7026,7184,8826,8919,9935",over_allocated,red
t1ndt5s2vmpyxthjasynychsbrppqudwydx,1,yes,0,1,1,,,0,,0,-,0,,-,
t1necjr4exq6ksbji3tzs4hjsoqcdkn9c7y,40,no,0,40,40,,,0,,0,-,0,,-,
t1newaqjgkrn6x6fiaxkm2gjjvaqvvtibgx,10,no,0,10,10,,,0,,0,-,0,,-,
t1neyegc8iskf9j5jpaaax6f2gvphtcft7s,13,yes,16,-3,-3,YES,"1074,1579,1759,2205,2330,2407,2418,4950,5516,6586,6980,8102,8126,8570,9096,9979",0,,0,-,16,"1074,1579,1759,2205,2330,2407,2418,4950,5516,6586,6980,8102,8126,8570,9096,9979",over_allocated,red
t1nfyrv6drbsn6wshd38rjz9mvtjet434ng,3,no,7,-4,-4,YES,"920,2316,2815,7777,8468,9180,9952",0,,0,-,7,"920,2316,2815,7777,8468,9180,9952",over_allocated,red
t1nimngyxmr26grvslo41adpfufa5rzsn1r,5,yes,0,5,5,,,0,,0,-,0,,-,
t1nm4oskqee2qkltjqghsfc9fgqroet3h6y,6,no,4,2,2,,"1800,3678,4213,8518",0,,0,-,4,"1800,3678,4213,8518",-,
t1nmcjpeuqab3ghpbqpfzg7xypw3th4krnp,50,no,60,-10,-10,YES,"409,587,749,1136,1188,1306,1330,1337,1511,1540,1565,1834,1893,1964,2271,2456,2681,3158,3314,3329,3400,3737,3805,4402,4555,4585,4599,4795,4804,5033,5038,5055,5177,5423,5466,5506,5864,6155,6308,6488,6513,6830,6967,6991,7065,7292,7496,7948,7958,8227,8380,8398,8492,8657,8780,8802,8858,8879,9207,9616",0,,0,-,60,"409,587,749,1136,1188,1306,1330,1337,1511,1540,1565,1834,1893,1964,2271,2456,2681,3158,3314,3329,3400,3737,3805,4402,4555,4585,4599,4795,4804,5033,5038,5055,5177,5423,5466,5506,5864,6155,6308,6488,6513,6830,6967,6991,7065,7292,7496,7948,7958,8227,8380,8398,8492,8657,8780,8802,8858,8879,9207,9616",over_allocated,red
t1nmhms7mhumhtnevpm8mfwjspsmhu15xqr,30,no,0,30,30,,,0,,0,-,0,,-,
t1ntc76ehbxiqujv2dfaffwaeugj8tmvwzw,5,yes,9,-4,-4,YES,"147,665,873,1646,2880,6392,6849,7403,9508",0,,0,-,9,"147,665,873,1646,2880,6392,6849,7403,9508",over_allocated,red
t1nudmisa3tdkibafztwmarehaax86chqkm,2,no,0,2,2,,,0,,0,-,0,,-,
t1nunap4snzk2evxns4c4ufn6grccccpnq3,2,no,0,2,2,,,0,,0,-,0,,-,
t1nveuzt6vcr9tm2p2xd1gxdbnwyo6rrd39,50,no,82,-32,-32,YES,"175,334,829,871,950,1166,1269,1443,1479,1815,1971,2015,2490,2626,2706,2871,3011,3067,3192,3244,3344,3381,3430,3431,3440,3477,3518,3572,3602,3615,3697,3757,4014,4035,4053,4061,4188,4231,4405,4420,4447,4714,4855,4857,5053,5279,5565,5607,5989,6040,6080,6109,6221,6338,6412,6688,7037,7294,7300,7380,7426,7479,7579,7636,7795,8360,8379,8415,8426,8490,8503,8520,8564,8779,8852,8886,8976,9204,9217,9397,9541,9738",0,,0,-,82,"175,334,829,871,950,1166,1269,1443,1479,1815,1971,2015,2490,2626,2706,2871,3011,3067,3192,3244,3344,3381,3430,3431,3440,3477,3518,3572,3602,3615,3697,3757,4014,4035,4053,4061,4188,4231,4405,4420,4447,4714,4855,4857,5053,5279,5565,5607,5989,6040,6080,6109,6221,6338,6412,6688,7037,7294,7300,7380,7426,7479,7579,7636,7795,8360,8379,8415,8426,8490,8503,8520,8564,8779,8852,8886,8976,9204,9217,9397,9541,9738",over_allocated,red
t1nwbarzhbrncfzmtw22icvyagp1knothu7,5,no,0,5,5,,,0,,0,-,0,,-,
t1nzndumeweyaw4jtozcxzuymxr67wd1fws,1,no,0,1,1,,,0,,0,-,0,,-,
t1p4usfzqxejwnvyzj3wjmxza4dyzm3afbk,6,no,0,6,6,,,0,,0,-,0,,-,
t1p5vrsuo2qdsnk3npp3scfrsayer2cnxqu,10,yes,13,-3,-3,YES,"498,780,1464,2294,4625,4662,5193,5233,5994,8885,8960,9129,9774",0,,0,-,13,"498,780,1464,2294,4625,4662,5193,5233,5994,8885,8960,9129,9774",over_allocated,red
t1p6gk2knn4wyqii4tkjkjyck7dnnkpwjfg,4,no,0,4,4,,,0,,0,-,0,,-,
t1p6iev8wfifgzvveaybysbtaarmthkgw4v,21,no,0,21,21,,,0,,0,-,0,,-,
t1p6zrufb4lwsivebq64tyk1w44yfkfpt6r,50,no,0,50,50,,,0,,0,-,0,,-,
t1p9jplm6rkwlnnfe4b2ruvfngsqj38cmrz,10,yes,11,-1,-1,YES,"765,1037,2052,3157,3421,6126,6268,7079,7750,8386,9294",0,,0,-,11,"765,1037,2052,3157,3421,6126,6268,7079,7750,8386,9294",over_allocated,red
t1paslxyned6bmwmjqusosypmjvm59byp9d,3,yes,0,3,3,,,0,,0,-,0,,-,
t1pcjiaepled7najcti7vxpgjjzhji5m3fg,10,yes,12,-2,-2,YES,"846,1104,1568,2141,4730,6284,6314,6911,7271,7488,8196,9072",0,,0,-,12,"846,1104,1568,2141,4730,6284,6314,6911,7271,7488,8196,9072",over_allocated,red
t1pcvprh8zdfvkpnscy1ogdsjybgf2g1p1x,2,no,0,2,2,,,0,,0,-,0,,-,
t1pfj96oktmq3amdh1yfdhjhjg3vnbjxdme,5,yes,0,5,5,,,0,,0,-,0,,-,
t1pfre4ykxpgd5avgomkbfidme6xawglntx,50,no,0,50,50,,,0,,0,-,0,,-,
t1phbzxzsn1drjjezf6wmsujgxayy9h5daz,10,no,17,-7,-7,YES,"694,816,1044,1369,1454,1760,2279,3274,3940,5092,5199,5505,5648,7780,7842,8308,9540",0,,0,-,17,"694,816,1044,1369,1454,1760,2279,3274,3940,5092,5199,5505,5648,7780,7842,8308,9540",over_allocated,red
t1phjrw3anag5oxdn3rtmnhwemshhdhbrfg,10,yes,0,10,10,,,0,,0,-,0,,-,
t1pjpggsybzyphiywrmpnwr8fhy8phzjo13,1,no,0,1,1,,,0,,0,-,0,,-,
t1pk1uc5ma3yfs7jwim8pje8jqiv36b5eds,10,no,10,0,0,,"2653,3282,4371,4455,4725,5166,6272,6468,8927,9467",0,,0,-,10,"2653,3282,4371,4455,4725,5166,6272,6468,8927,9467",-,
t1pkbiv7mtzd9bnafyaqyxaeneindbpkxxq,2,no,0,2,2,,,0,,0,-,0,,-,
t1plb3h4c8rv5yvufvbksystiaoswmv5gwn,8,yes,0,8,8,,,0,,0,-,0,,-,
t1plr7emfb4ptjr3ydgkxtvvcx88vipczbg,50,yes,65,-15,-15,YES,"23,291,663,670,716,792,902,980,1025,1147,1329,1446,1591,1718,1767,1823,1876,1904,2085,2116,2210,2386,2388,2561,2617,2713,2726,2740,2759,2870,3178,3269,3377,4013,4922,5023,5086,5501,5972,6024,6189,6262,6376,6429,6956,7162,7190,7435,7597,7600,7688,7695,7733,7783,7788,7961,8534,8652,8751,8768,8820,8930,8986,9108,9781",0,,0,-,65,"23,291,663,670,716,792,902,980,1025,1147,1329,1446,1591,1718,1767,1823,1876,1904,2085,2116,2210,2386,2388,2561,2617,2713,2726,2740,2759,2870,3178,3269,3377,4013,4922,5023,5086,5501,5972,6024,6189,6262,6376,6429,6956,7162,7190,7435,7597,7600,7688,7695,7733,7783,7788,7961,8534,8652,8751,8768,8820,8930,8986,9108,9781",over_allocated,red
t1plzelr9uehatsdzm1kb57wz8bnd9p1hdl,50,no,65,-15,-15,YES,"141,204,494,622,764,836,893,1067,1323,1607,1803,1861,1884,1996,2065,2071,2221,4159,4200,4396,4445,4623,4737,4812,4826,4845,5225,5315,5556,5705,5765,5863,5872,6123,6132,6413,6458,6546,6700,6837,7035,7298,7338,7485,7572,7771,7819,7851,8181,8215,8367,8472,8523,8550,8611,8710,8763,8851,8929,9119,9164,9199,9254,9336,9922",0,,0,-,65,"141,204,494,622,764,836,893,1067,1323,1607,1803,1861,1884,1996,2065,2071,2221,4159,4200,4396,4445,4623,4737,4812,4826,4845,5225,5315,5556,5705,5765,5863,5872,6123,6132,6413,6458,6546,6700,6837,7035,7298,7338,7485,7572,7771,7819,7851,8181,8215,8367,8472,8523,8550,8611,8710,8763,8851,8929,9119,9164,9199,9254,9336,9922",over_allocated,red
t1po17nlzaqrjc1yved5sjbgkemkhydqowi,10,no,0,10,10,,,0,,0,-,0,,-,
t1ppp9pu3ezkzjgu7cccmx1xsnxxxp3apas,10,yes,11,-1,-1,YES,"3279,4258,5846,6237,6368,8708,9314,9576,9907,9954,9982",0,,0,-,11,"3279,4258,5846,6237,6368,8708,9314,9576,9907,9954,9982",over_allocated,red
t1prtn5amgfa4hstzf1ltdkuq52kcjyjfx6,50,no,0,50,50,,,0,,0,-,0,,-,
t1ps3bgewof8f651snfuvm2mjade8nwmsad,14,yes,0,14,14,,,0,,0,-,0,,-,
t1psnfhk4ildwruk9t5s955rcsdypgkzlch,9,yes,20,-11,-11,YES,"255,815,984,1255,1907,4244,4672,5104,5353,6883,7014,7932,8153,8516,8560,8604,8629,8783,8938,9825",0,,0,-,20,"255,815,984,1255,1907,4244,4672,5104,5353,6883,7014,7932,8153,8516,8560,8604,8629,8783,8938,9825",over_allocated,red
t1pudhqtsiqkwcge7gr3yo48b8ihw7s76ko,12,yes,17,-5,-5,YES,"634,1507,2654,3403,3603,4382,5013,5066,5459,5763,6534,6885,7276,8797,9083,9486,9840",0,,0,-,17,"634,1507,2654,3403,3603,4382,5013,5066,5459,5763,6534,6885,7276,8797,9083,9486,9840",over_allocated,red
t1pulms72kanggfnfymyxzc1ucfmo8zg8za,5,yes,0,5,5,,,0,,0,-,0,,-,
t1pvld2x5gqpvak2j1ucjamtkdgjcjqp5k2,3,no,3,0,0,,"1221,8006,9067",0,,0,-,3,"1221,8006,9067",-,
t1pvuoxdgv5swtiwm2kt89pmw5ts1updaha,1,yes,0,1,1,,,0,,0,-,0,,-,
t1pwbcvk3mtlxlwbqsdkjvv3wlbw58tyn3p,30,yes,0,30,30,,,0,,0,-,0,,-,
t1pwsn53ukb4e4zbf22ebcxlb7mw548bnjw,10,no,12,-2,-2,YES,"710,1393,1714,2133,3006,3250,3969,4266,4674,4740,8635,9024",0,,0,-,12,"710,1393,1714,2133,3006,3250,3969,4266,4674,4740,8635,9024",over_allocated,red
t1px7hlrau7co9lk3k81jcrntnilhrwgoxj,50,no,62,-12,-12,YES,"276,323,630,772,810,877,1455,1608,1724,1793,1866,2178,2198,2349,2382,2387,2546,2619,2784,2992,3050,3152,3271,3546,3623,3640,3749,3790,4012,4057,4126,4161,4162,4289,5352,5496,5642,5658,5719,6287,6309,6536,6549,6653,6882,6898,7344,7498,7542,7976,8090,8160,8302,8333,8375,8419,9188,9346,9434,9614,9730,9883",0,,0,-,62,"276,323,630,772,810,877,1455,1608,1724,1793,1866,2178,2198,2349,2382,2387,2546,2619,2784,2992,3050,3152,3271,3546,3623,3640,3749,3790,4012,4057,4126,4161,4162,4289,5352,5496,5642,5658,5719,6287,6309,6536,6549,6653,6882,6898,7344,7498,7542,7976,8090,8160,8302,8333,8375,8419,9188,9346,9434,9614,9730,9883",over_allocated,red
t1pxgcq4bsnnugrdebxgyozlvkxbdx8snoa,1,yes,3,-2,-2,YES,"2867,2913,8684",0,,0,-,3,"2867,2913,8684",over_allocated,red
t1pxxvxfjzvwochnwoz4g8muk2rdnypfynt,50,yes,0,50,50,,,0,,0,-,0,,-,
t1pxzcxvdnyh3lnaxvpluepc7spujlzz9nk,2,yes,0,2,2,,,0,,0,-,0,,-,
t1pyjnbgcgugfcgxwznysbkhyvaapdm811n,10,yes,0,10,10,,,0,,0,-,0,,-,
t1pym9hcnf7vl6jt4lnq1f3ko2jzzcqq9om,3,yes,9,-6,-6,YES,"640,1126,1244,3399,3743,4211,4446,4926,7180",0,,0,-,9,"640,1126,1244,3399,3743,4211,4446,4926,7180",over_allocated,red
t1pyrvmpavfagheyp743brdnnjgdyzedsn3,2,no,5,-3,-3,YES,"3543,3567,4303,5875,6524",0,,0,-,5,"3543,3567,4303,5875,6524",over_allocated,red
t1pz9x6j8sb26cgnnjbeenxwnmmthvjrfxy,6,yes,1,5,5,,1771,0,,0,-,1,1771,-,
t1pzv23qzt2e4vwm7hcsusscguy3hmlcawp,10,yes,0,10,10,,,0,,0,-,0,,-,
t1pzv7mfphnsvujmmykdcde3mgfacrczfds,4,yes,0,4,4,,,0,,0,-,0,,-,
t1q3k7lwfkwzyxbpwjrqe9mewfw7iqwbbpg,5,yes,10,-5,-5,YES,"444,766,4624,5006,5143,5458,5834,6465,8035,9589",0,,0,-,10,"444,766,4624,5006,5143,5458,5834,6465,8035,9589",over_allocated,red
t1qbjuqt1hbqzrjjz9u4532oitwefqemvtp,50,no,53,-3,-3,YES,"288,321,350,431,488,588,635,727,756,1403,1470,1675,1940,2129,2545,2711,2882,2960,3018,3183,3291,3464,3523,3583,3592,3629,3684,3920,4320,4617,4701,4739,4746,5244,5292,5302,5417,5609,5785,6367,6945,7130,7366,7427,7580,7639,8010,8047,8084,8424,9008,9021,9497",0,,0,-,53,"288,321,350,431,488,588,635,727,756,1403,1470,1675,1940,2129,2545,2711,2882,2960,3018,3183,3291,3464,3523,3583,3592,3629,3684,3920,4320,4617,4701,4739,4746,5244,5292,5302,5417,5609,5785,6367,6945,7130,7366,7427,7580,7639,8010,8047,8084,8424,9008,9021,9497",over_allocated,red
t1qdqbbn3p9wzriuzwp47zofyhvqmrbc8n3,5,yes,0,5,5,,,0,,0,-,0,,-,
t1qf6w9dayxkbu9w72umbgmlnkaw5c8blra,2,yes,0,2,2,,,0,,0,-,0,,-,
t1qfmnpjexqv46uhvvvkumxpqz8vpd5amqh,2,no,0,2,2,,,0,,0,-,0,,-,
t1qhrzywphn7sbgbnrqfdohtkg6kjojogfd,2,yes,5,-3,-3,YES,"1873,3472,7614,9183,9837",0,,0,-,5,"1873,3472,7614,9183,9837",over_allocated,red
t1qit4mntjovhddecbjxpmhhs94ehimfhdk,20,yes,0,20,20,,,0,,0,-,0,,-,
t1qjdguymemj6nht1rgmtbvq7azaydzt9fj,1,yes,0,1,1,,,0,,0,-,0,,-,
t1ql6qnm1bzjytpq4hxjflqdvwyedv3fyu2,10,no,0,10,10,,,0,,0,-,0,,-,
t1qlpbfcgqthby7gtqlcxjemd3unmdc17p9,10,no,16,-6,-6,YES,"1143,1439,2808,3163,3166,4316,4582,5611,5750,5935,5970,6068,6205,6770,7253,9487",0,,0,-,16,"1143,1439,2808,3163,3166,4316,4582,5611,5750,5935,5970,6068,6205,6770,7253,9487",over_allocated,red
t1qpeclgkhmw4xgk2v6kaixumhjf5pehox1,50,yes,65,-15,-15,YES,"7,155,227,245,406,417,526,839,1088,1286,1532,1794,1806,1808,2009,2179,2206,2483,2663,3012,3125,3495,4136,4137,4245,4710,4865,4914,4981,4986,5148,5150,5168,5588,5784,5821,5914,5937,6006,6276,6357,6573,6682,6827,6922,7068,7138,7274,7892,7900,8172,8243,8486,8602,8923,9120,9309,9488,9555,9603,9652,9786,9824,9830,9953",0,,0,-,65,"7,155,227,245,406,417,526,839,1088,1286,1532,1794,1806,1808,2009,2179,2206,2483,2663,3012,3125,3495,4136,4137,4245,4710,4865,4914,4981,4986,5148,5150,5168,5588,5784,5821,5914,5937,6006,6276,6357,6573,6682,6827,6922,7068,7138,7274,7892,7900,8172,8243,8486,8602,8923,9120,9309,9488,9555,9603,9652,9786,9824,9830,9953",over_allocated,red
t1qr45sgpxm8tmdkcpb2ntxbkacl6mqdopq,10,no,20,-10,-10,YES,"226,1260,1429,1438,1624,2484,3179,4923,5781,5986,6892,6978,7312,7468,7667,8023,8435,9044,9111,9150",0,,0,-,20,"226,1260,1429,1438,1624,2484,3179,4923,5781,5986,6892,6978,7312,7468,7667,8023,8435,9044,9111,9150",over_allocated,red
t1qr5zva26etiovwiahfuqv2ay8d9jltdan,50,yes,8,42,42,,"901,1544,1952,2497,5381,7628,8025,8442",0,,0,-,8,"901,1544,1952,2497,5381,7628,8025,8442",-,
t1qunysptkw1jvmv2abfvljustmikybvfiy,46,yes,51,-5,-5,YES,"134,189,709,1280,1388,1651,1680,1901,1968,2004,2139,2348,2993,3137,3245,3294,3745,4001,4194,4401,4882,5209,5820,5860,5882,6087,6097,6479,6482,6537,6541,6555,6840,6861,6900,6962,6994,7023,7050,7153,7410,8031,8046,8085,8170,8577,8699,9148,9181,9569,9838",0,,0,-,51,"134,189,709,1280,1388,1651,1680,1901,1968,2004,2139,2348,2993,3137,3245,3294,3745,4001,4194,4401,4882,5209,5820,5860,5882,6087,6097,6479,6482,6537,6541,6555,6840,6861,6900,6962,6994,7023,7050,7153,7410,8031,8046,8085,8170,8577,8699,9148,9181,9569,9838",over_allocated,red
t1qupqtxglgncbo4msuegxdvjmbyunvptdb,29,no,54,-25,-25,YES,"27,101,111,125,203,263,303,381,491,499,614,648,730,753,754,770,773,857,1024,1114,1395,1776,1888,2455,2482,2506,2828,3335,4205,4545,4689,5084,5308,5475,5592,5613,5616,5718,6000,6641,6705,6728,6999,7008,7768,7840,7988,8366,8391,8997,9138,9475,9910,9980",0,,0,-,54,"27,101,111,125,203,263,303,381,491,499,614,648,730,753,754,770,773,857,1024,1114,1395,1776,1888,2455,2482,2506,2828,3335,4205,4545,4689,5084,5308,5475,5592,5613,5616,5718,6000,6641,6705,6728,6999,7008,7768,7840,7988,8366,8391,8997,9138,9475,9910,9980",over_allocated,red
t1qvsgshrmywnykp5dbfpzezgcqnnrn9fuj,10,no,0,10,10,,,0,,0,-,0,,-,
t1qvudmfqeqmqgxtb2q5jtdsrwae7xr4ccf,43,no,0,43,43,,,0,,0,-,0,,-,
t1qx45sx7n3dyytprchfbgvxexc355gohkt,5,yes,0,5,5,,,0,,0,-,0,,-,
t1qyfewbckpqy1q8ck5f5g2yv69urgdtdab,40,yes,24,16,16,,"265,428,453,680,687,979,2246,2859,2928,3624,3775,4397,4972,5442,6355,6719,6916,6957,7000,7936,8258,8473,9315,9932",0,,0,-,24,"265,428,453,680,687,979,2246,2859,2928,3624,3775,4397,4972,5442,6355,6719,6916,6957,7000,7936,8258,8473,9315,9932",-,
t1qyzytofuprp1uxcf6csgxszmzh7exn6we,5,no,0,5,5,,,0,,0,-,0,,-,
t1qz52qxsvz7coou2jjbkhuqhagui85j8sx,5,yes,12,-7,-7,YES,"1586,2970,3485,3621,5187,5484,6274,6478,7364,8039,8339,9435",0,,0,-,12,"1586,2970,3485,3621,5187,5484,6274,6478,7364,8039,8339,9435",over_allocated,red
t1r1pwrv3guc4msjyqwk5rjyipm6kanok2e,5,yes,0,5,5,,,0,,0,-,0,,-,
t1r2kimsrqsezhrm2yapxoixmcjt8js26r2,50,yes,0,50,50,,,0,,0,-,0,,-,
t1r2pev1djrvrwnewjldqhlqo56rq2gfrmx,5,no,0,5,5,,,0,,0,-,0,,-,
t1r3hxhgsvfbvtne3zjhlur18rmjwjz4qvg,1,no,1,0,0,,2226,0,,0,-,1,2226,-,
t1r4bqohbwhnznrcqcnslcr6xgawtxsl3kz,4,yes,0,4,4,,,0,,0,-,0,,-,
t1r4gt5op1zm8ktz9px7orhsdgydxcmscat,1,yes,0,1,1,,,0,,0,-,0,,-,
t1ra5rzwpgv2h197mszzuczzh3sqdq7yssl,13,yes,21,-8,-8,YES,"715,1604,1975,2208,2332,2419,2620,3126,3134,3232,4290,6199,6853,6924,7329,7520,7911,8323,8354,9206,9697",0,,0,-,21,"715,1604,1975,2208,2332,2419,2620,3126,3134,3232,4290,6199,6853,6924,7329,7520,7911,8323,8354,9206,9697",over_allocated,red
t1ranm3flfnubmddbgbmdajw4ia9arknlzu,5,yes,6,-1,-1,YES,"1909,2091,2961,3228,6370,6416",0,,0,-,6,"1909,2091,2961,3228,6370,6416",over_allocated,red
t1rb9vxeh5wp3jq8s6nviwln27tew3t2jvw,7,yes,0,7,7,,,0,,0,-,0,,-,
t1rbb2dc8ytb7ceuwjr3vuspcmdr5k2epnb,8,no,8,0,0,,"2548,2670,2700,3022,3687,8212,9620,9668",0,,0,-,8,"2548,2670,2700,3022,3687,8212,9620,9668",-,
t1rbc5tutj5j2rphgohd2ssuiprrazafaw7,20,no,0,20,20,,,0,,0,-,0,,-,
t1rbxvge1n7rp5q4e6b6dhtm8mtv6gwsmrp,2,no,0,2,2,,,0,,0,-,0,,-,
t1rcjsmdbq4di89rpnswmejxiwj48erui54,1,no,1,0,0,,5433,0,,0,-,1,5433,-,
t1rd3yhp5y2lzm1bwqjb81se4se8t5qzvdh,2,yes,0,2,2,,,0,,0,-,0,,-,
t1redydp4vcmaufwpkoihptr3ommyslnmxu,5,yes,4,1,1,,"224,868,4666,6407",0,,0,-,4,"224,868,4666,6407",-,
t1relemkcagbfnehud1r1jsu9dhpqwybapn,50,yes,15,35,35,,"803,1632,1801,1906,6114,6285,7142,7772,7943,8188,8525,9014,9230,9562,9797",0,,0,-,15,"803,1632,1801,1906,6114,6285,7142,7772,7943,8188,8525,9014,9230,9562,9797",-,
t1rf78p1ok46e9r3vnqm45bhctj6p1dik44,2,yes,0,2,2,,,0,,0,-,0,,-,
t1rg9y3ljv39shodbzukv7ywn4fzvzb453b,50,yes,0,50,50,,,0,,0,-,0,,-,
t1rgw6g813bmzoyvyd37iaewney6hditzvq,50,no,63,-13,-13,YES,"346,400,420,451,583,671,1148,1745,1819,1993,2057,2385,2764,3110,3308,3432,3537,3585,3588,3913,4025,4146,4295,4367,4421,4540,4665,4821,4876,5073,5195,5224,5227,5286,5388,5515,5596,6111,6129,6533,6677,7440,7464,7710,7781,7790,7810,8220,8285,8374,8689,8706,8925,9012,9027,9190,9237,9257,9312,9393,9426,9544,9874",0,,0,-,63,"346,400,420,451,583,671,1148,1745,1819,1993,2057,2385,2764,3110,3308,3432,3537,3585,3588,3913,4025,4146,4295,4367,4421,4540,4665,4821,4876,5073,5195,5224,5227,5286,5388,5515,5596,6111,6129,6533,6677,7440,7464,7710,7781,7790,7810,8220,8285,8374,8689,8706,8925,9012,9027,9190,9237,9257,9312,9393,9426,9544,9874",over_allocated,red
t1rhnurdntdcr2fddzya8eskfswtfpkwutf,5,yes,9,-4,-4,YES,"2719,7545,7657,8101,8245,8732,8785,9088,9114",0,,0,-,9,"2719,7545,7657,8101,8245,8732,8785,9088,9114",over_allocated,red
t1rivrni4ifxjxgjcn8zu5kqqf5s3omngkl,30,no,18,12,12,,"71,231,550,1489,1961,4411,4523,4874,5119,5314,5361,5940,8762,8777,8889,8895,9034,9892",0,,0,-,18,"71,231,550,1489,1961,4411,4523,4874,5119,5314,5361,5940,8762,8777,8889,8895,9034,9892",-,
t1rjxectx3e63ydhaerxyynqck71mp117ty,50,no,50,0,0,,"424,542,1229,1378,1424,1478,2044,2217,2464,2748,3312,3326,3356,3511,3634,3818,3856,3909,4131,4138,4338,4400,5173,5355,5462,5649,5653,5938,6032,6045,6104,6718,6790,7081,7201,7563,7718,7829,7871,8138,8533,8724,8830,8848,9233,9513,9551,9552,9713,9826",0,,0,-,50,"424,542,1229,1378,1424,1478,2044,2217,2464,2748,3312,3326,3356,3511,3634,3818,3856,3909,4131,4138,4338,4400,5173,5355,5462,5649,5653,5938,6032,6045,6104,6718,6790,7081,7201,7563,7718,7829,7871,8138,8533,8724,8830,8848,9233,9513,9551,9552,9713,9826",-,
t1rjzv5uwdzvt21f38kneupzmmtqs9bsmym,1,no,1,0,0,,4558,0,,0,-,1,4558,-,
t1rk7qmyr8dugzrcj35webyzx643glvkbd5,5,no,0,5,5,,,0,,0,-,0,,-,
t1rkptqmmboggkuscdvdjuphv5qhjdexwdg,1,no,0,1,1,,,0,,0,-,0,,-,
t1rkpuvhkexngv2avahpd4jlwe3z8hrgrzv,5,no,0,5,5,,,0,,0,-,0,,-,
t1rmdxbttkgsrsb7jrhe9ehx8rbz7fdz71p,2,no,2,0,0,,"2937,3038",0,,0,-,2,"2937,3038",-,
t1rmgwimgbaespa7tyahhod7jvbojq4zbqb,8,no,0,8,8,,,0,,0,-,0,,-,
t1rmhswkzucw9ub1owuggjwv6lbrvbfxczv,50,yes,32,18,18,,"39,46,78,234,460,886,927,966,1066,1924,2601,2952,3119,4561,4943,4969,5617,6094,6224,6290,6698,7486,7552,7752,8133,8661,8743,9178,9278,9835,9887,9912",0,,0,-,32,"39,46,78,234,460,886,927,966,1066,1924,2601,2952,3119,4561,4943,4969,5617,6094,6224,6290,6698,7486,7552,7752,8133,8661,8743,9178,9278,9835,9887,9912",-,
t1rn9twhetr1qorngpsri97eljaymkuz6ez,50,no,19,31,31,,"921,1364,2793,3581,3795,4032,4296,4398,4800,5510,5877,6696,6902,7226,8835,9509,9535,9722,9881",0,,0,-,19,"921,1364,2793,3581,3795,4032,4296,4398,4800,5510,5877,6696,6902,7226,8835,9509,9535,9722,9881",-,
t1rnjbkm81ui7zsy2z2udyi7bil5xvjspvh,50,no,58,-8,-8,YES,"109,185,319,678,854,930,1173,1414,1458,2032,2140,2306,2513,2936,2986,3056,3088,3354,3549,3894,3976,4473,4557,4562,4760,5082,5100,5421,5490,5493,5684,5813,5827,5876,6303,6328,6348,6358,6599,6625,7080,7645,7713,7766,7855,8055,8303,8355,8600,8702,8755,8759,8907,8932,9068,9428,9444,9546",0,,0,-,58,"109,185,319,678,854,930,1173,1414,1458,2032,2140,2306,2513,2936,2986,3056,3088,3354,3549,3894,3976,4473,4557,4562,4760,5082,5100,5421,5490,5493,5684,5813,5827,5876,6303,6328,6348,6358,6599,6625,7080,7645,7713,7766,7855,8055,8303,8355,8600,8702,8755,8759,8907,8932,9068,9428,9444,9546",over_allocated,red
t1roxdrmb2qgdvzwejbtpl7assozek7uhnb,20,yes,32,-12,-12,YES,"194,370,493,939,1218,1310,1959,3370,3387,3612,4471,4472,4644,4729,5174,5178,5528,5675,5700,5795,6996,8218,8255,8479,8663,9052,9059,9241,9585,9877,9955,9999",0,,0,-,32,"194,370,493,939,1218,1310,1959,3370,3387,3612,4471,4472,4644,4729,5174,5178,5528,5675,5700,5795,6996,8218,8255,8479,8663,9052,9059,9241,9585,9877,9955,9999",over_allocated,red
t1rqrim9mwtutwkatpabxwz3ouxyfdrdp6i,4,yes,0,4,4,,,0,,0,-,0,,-,
t1rr3qd69ec4s4euawthvamemsfy5akzh8y,1,yes,0,1,1,,,0,,0,-,0,,-,
t1rrswrn5deexng7uq41xmvwjwse4fdunz7,1,no,0,1,1,,,0,,0,-,0,,-,
t1rsg4wz6fczghgdvbn5rxc8brbp8jcew5y,10,yes,0,10,10,,,0,,0,-,0,,-,
t1rsmvjj6sgpcc3ntzyzjqh8msxbtapxesb,1,no,1,0,0,,5114,0,,0,-,1,5114,-,
t1rsq4gsyy9b4nzndczrgbwhfdlbumj5uxd,17,no,4,13,13,,"951,5498,7232,7529",0,,0,-,4,"951,5498,7232,7529",-,
t1rtf7tt3ntuyt4jd6nignjf9nxeeip6q7q,4,no,0,4,4,,,0,,0,-,0,,-,
t1rtxvnmfpjf5xrcdmceizvffpk2fxyjpte,3,yes,4,-1,-1,YES,"3739,6442,6560,7212",0,,0,-,4,"3739,6442,6560,7212",over_allocated,red
t1rximgyakaxnwqz9asp6bbnkwfkfbif1fc,3,yes,4,-1,-1,YES,"1051,1480,1713,4464",0,,0,-,4,"1051,1480,1713,4464",over_allocated,red
t1ry1amqjxbasfn4g54vejjhgfwhqyau6kq,8,yes,24,-16,-16,YES,"503,1348,1720,1992,2034,2160,2298,2516,3010,3121,3385,3558,4000,4314,4567,4637,4732,4796,5415,5450,6207,8059,8778,9775",0,,0,-,24,"503,1348,1720,1992,2034,2160,2298,2516,3010,3121,3385,3558,4000,4314,4567,4637,4732,4796,5415,5450,6207,8059,8778,9775",over_allocated,red
t1ryqibpt1fvfdwn6fhkhg5snwsztr4gjhp,5,no,0,5,5,,,0,,0,-,0,,-,
t1rzuxxwngrsk2wjkaaa5npsgm9x3dawtcf,22,no,23,-1,-1,YES,"576,703,1587,1825,2209,2237,3268,3458,3639,3873,4055,4063,4383,5237,5713,6628,7075,7235,7281,7535,7940,8641,8656",0,,0,-,23,"576,703,1587,1825,2209,2237,3268,3458,3639,3873,4055,4063,4383,5237,5713,6628,7075,7235,7281,7535,7940,8641,8656",over_allocated,red
t1s1drdqxcox83t5jzuquczvvjue5kxpds7,20,yes,0,20,20,,,0,,0,-,0,,-,
t1s1h6penpbaenqgs1dqvdyfntxbjwby2jk,6,no,0,6,6,,,0,,0,-,0,,-,
t1s2gpitwhmehgxip5iosmgtgnxsnkgkylx,5,no,5,0,0,,"5,33,55,1000,5555",0,,0,-,5,"5,33,55,1000,5555",-,
t1s6prd1n5xmhmun1xmrxvptevitbqgqnce,8,no,0,8,8,,,0,,0,-,0,,-,
t1s7d8lcenw74i368e6myn5nxhm2rtkmcxr,3,yes,0,3,3,,,0,,0,-,0,,-,
t1s7eadhhq5jufr1tkzgphgucbyjtja8ee1,10,no,13,-3,-3,YES,"876,1031,1557,3030,4154,4156,5051,5447,8121,8327,9337,9493,9494",0,,0,-,13,"876,1031,1557,3030,4154,4156,5051,5447,8121,8327,9337,9493,9494",over_allocated,red
t1s957gnh26o9d7rzkrxft3p2zgwg1f6ztd,1,no,5,-4,-4,YES,"2991,5688,6245,7025,9192",0,,0,-,5,"2991,5688,6245,7025,9192",over_allocated,red
t1sbpv6qnm7siapn3z4t3sezq4qinluwwkg,50,no,0,50,50,,,0,,0,-,0,,-,
t1sdjuehtxdljmygpfkfd82jpcibbjp2zck,2,yes,0,2,2,,,0,,0,-,0,,-,
t1sejcmqfjqehydm1ggobjer8gpzymcau23,1,yes,0,1,1,,,0,,0,-,0,,-,
t1senfswyhx6buzzvxp4ugkxekzf6dpupbp,20,no,0,20,20,,,0,,0,-,0,,-,
t1sfh6qamlrmsqk4tmbuwlqvb7dy6yddbrl,1,no,1,0,0,,8876,0,,0,-,1,8876,-,
t1sfmsm39wfeab8ztkpfegffn1lexnishfz,1,yes,1,0,0,,6107,0,,0,-,1,6107,-,
t1sfspzr7wtmr9xphbunoutjbarefwi1jyu,2,yes,2,0,0,,"126,6875",0,,0,-,2,"126,6875",-,
t1sg7teea9tkjymwsffeq3aqyczdvpknsny,40,yes,40,0,0,,"248,419,456,734,1305,1422,1614,1894,2121,2268,2668,2730,3246,3565,3691,3722,4172,4438,4468,4590,4829,6037,6172,6800,7183,7215,7221,7406,7689,7861,8185,8443,8573,8731,8914,9112,9251,9383,9404,9627",0,,0,-,40,"248,419,456,734,1305,1422,1614,1894,2121,2268,2668,2730,3246,3565,3691,3722,4172,4438,4468,4590,4829,6037,6172,6800,7183,7215,7221,7406,7689,7861,8185,8443,8573,8731,8914,9112,9251,9383,9404,9627",-,
t1shgzr8ckntlwvipc2uzkgf7h1qt4f6xfn,50,yes,0,50,50,,,0,,0,-,0,,-,
t1sjbaodtmts94hhndm1g6gsxs9r56r3fmi,50,no,92,-42,-42,YES,"390,426,449,484,574,826,861,898,1090,1174,1231,1400,1722,1846,1950,2063,2086,2291,2351,2436,2447,2731,2785,2865,2917,2989,3068,3358,3448,3467,3809,3892,3893,3936,4129,4208,4233,4349,4361,4483,4541,4544,4570,4616,4808,4912,5074,5075,5198,5420,5519,5575,5583,5604,6158,6299,6388,6481,6639,6744,6810,6834,7048,7376,7385,7399,7425,7494,7920,7968,7991,8141,8162,8201,8301,8332,8469,8637,8757,8822,8857,8868,9066,9210,9317,9364,9410,9462,9471,9474,9658,9905",0,,0,-,92,"390,426,449,484,574,826,861,898,1090,1174,1231,1400,1722,1846,1950,2063,2086,2291,2351,2436,2447,2731,2785,2865,2917,2989,3068,3358,3448,3467,3809,3892,3893,3936,4129,4208,4233,4349,4361,4483,4541,4544,4570,4616,4808,4912,5074,5075,5198,5420,5519,5575,5583,5604,6158,6299,6388,6481,6639,6744,6810,6834,7048,7376,7385,7399,7425,7494,7920,7968,7991,8141,8162,8201,8301,8332,8469,8637,8757,8822,8857,8868,9066,9210,9317,9364,9410,9462,9471,9474,9658,9905",over_allocated,red
t1skpvfljmwwrv5bmdxqv7bkdxdqdoxlkql,2,no,0,2,2,,,0,,0,-,0,,-,
t1sl65eqxvgabrlsxfdtthepd4tjrvyneab,20,no,22,-2,-2,YES,"677,828,2081,2188,2258,2333,3094,3655,3882,3973,4095,4109,5797,6733,7086,7434,7700,7921,7947,8018,8150,9898",0,,0,-,22,"677,828,2081,2188,2258,2333,3094,3655,3882,3973,4095,4109,5797,6733,7086,7434,7700,7921,7947,8018,8150,9898",over_allocated,red
t1sn6q8wbuc1a2s7tjdbjzcqcti8uqutseq,50,no,51,-1,-1,YES,"86,445,912,996,1015,1162,1248,1382,1536,1600,1746,1918,1951,2327,2673,2803,2826,2972,3521,3704,3761,3918,3970,4253,4254,4869,5045,5310,5483,5932,6128,6149,6281,6550,6857,7058,7249,7553,7838,8175,8587,9009,9264,9371,9375,9431,9502,9612,9689,9845,9939",0,,0,-,51,"86,445,912,996,1015,1162,1248,1382,1536,1600,1746,1918,1951,2327,2673,2803,2826,2972,3521,3704,3761,3918,3970,4253,4254,4869,5045,5310,5483,5932,6128,6149,6281,6550,6857,7058,7249,7553,7838,8175,8587,9009,9264,9371,9375,9431,9502,9612,9689,9845,9939",over_allocated,red
t1sntdtkq4sbsk3socy6uzrbxvjwdn1x7cm,2,no,5,-3,-3,YES,"1054,2658,6346,7418,7556",0,,0,-,5,"1054,2658,6346,7418,7556",over_allocated,red
t1spxtuunzq1e2xuztdsaida2afxjutkyqf,10,no,2,8,8,,"127,3389",0,,0,-,2,"127,3389",-,
t1sqqn7d3fhvj1adwgfip6ebxtqjcngrwff,20,yes,20,0,0,,"842,1256,1264,2324,2384,2943,3171,4023,4170,4173,4939,6258,6457,6517,6520,6943,8143,8247,9304,9660",0,,0,-,20,"842,1256,1264,2324,2384,2943,3171,4023,4170,4173,4939,6258,6457,6517,6520,6943,8143,8247,9304,9660",-,
t1sr6chzdkmsqdhljwqatpsgchaqhgrps9a,2,no,3,-1,-1,YES,"601,3930,4652",0,,0,-,3,"601,3930,4652",over_allocated,red
t1srbcxqwmdum4kiij1y2ycabcdqgtvr4yx,5,no,0,5,5,,,0,,0,-,0,,-,
t1src8mq11lbdffghsinqnbhp5qyopjr13r,10,no,0,10,10,,,0,,0,-,0,,-,
t1srdjnsbcmjff4kwptpwfs1xusbykjaa9q,10,yes,0,10,10,,,0,,0,-,0,,-,
t1ssx6pix7ahfcvg6svbiqgjq5p2pbtkksi,1,no,0,1,1,,,0,,0,-,0,,-,
t1stk11n7wsr9wbenxawkui3ksxoeivo8i5,2,yes,0,2,2,,,0,,0,-,0,,-,
t1sv5yhhefkgqyxnf6v2dzteuwr9fth5otq,9,yes,10,-1,-1,YES,"281,1481,2103,2598,5906,6311,7236,8667,9043,9884",0,,0,-,10,"281,1481,2103,2598,5906,6311,7236,8667,9043,9884",over_allocated,red
t1svqyxaouw8xtet2zpzr9ho5beowfmn3fy,50,yes,2,48,48,,"6559,7687",0,,0,-,2,"6559,7687",-,
t1swxdgrkwwzgzchaqrn1u8n5sr6gsjtt11,50,no,52,-2,-2,YES,"209,211,467,520,591,636,808,1268,1462,1742,1935,2058,2648,2775,3256,3285,3375,3408,3445,3494,3597,3798,4121,4310,4350,4374,4456,4749,4753,4892,4957,5309,5364,5518,5562,5812,5968,6386,6528,6809,7043,7375,7607,8628,8695,8788,8904,8958,9202,9374,9421,9812",0,,0,-,52,"209,211,467,520,591,636,808,1268,1462,1742,1935,2058,2648,2775,3256,3285,3375,3408,3445,3494,3597,3798,4121,4310,4350,4374,4456,4749,4753,4892,4957,5309,5364,5518,5562,5812,5968,6386,6528,6809,7043,7375,7607,8628,8695,8788,8904,8958,9202,9374,9421,9812",over_allocated,red
t1swyakumipj5mbk4u3vwnqyv1zrv8sscvj,9,yes,0,9,9,,,0,,0,-,0,,-,
t1syyjyx6eixzkaqz2zxeain2ufhgfijikn,2,yes,0,2,2,,,0,,0,-,0,,-,
t1t51bj95g1qrj6sqxnwgukmqacdghk375t,30,no,0,30,30,,,0,,0,-,0,,-,
t1t6vyuq11ez6hmc5cfwwtwo4dxkcq49wcj,10,yes,10,0,0,,"26,579,1081,2514,2958,3677,4029,4257,6842,8748",0,,0,-,10,"26,579,1081,2514,2958,3677,4029,4257,6842,8748",-,
t1t954bo5mpnjpjqri544hnaazmwxuvgpmh,20,yes,12,8,8,,"68,105,2023,2031,3455,3662,4424,5720,6146,8707,9814,9862",0,,0,-,12,"68,105,2023,2031,3455,3662,4424,5720,6146,8707,9814,9862",-,
t1taewrspb4alykqdjb9x6cnmc26f9rbukh,1,yes,0,1,1,,,0,,0,-,0,,-,
t1tbmmf7eberavz99mxvm7gjxvzxht6avxm,10,yes,0,10,10,,,0,,0,-,0,,-,
t1tc22ttwfzepbwkqqrmyiesyn9celjp15z,2,no,0,2,2,,,0,,0,-,0,,-,
t1tcjuwchgn3pmsmk6paupnfy5aejxrahfv,1,yes,0,1,1,,,0,,0,-,0,,-,
t1tdwjklmpx8k3pykwzyamcydtw24agjuus,21,no,29,-8,-8,YES,"89,533,751,1019,1336,1435,2079,2158,2753,2902,3512,3625,3683,4115,5391,5884,5924,6294,6448,6590,6845,7084,7122,7959,8793,9100,9445,9661,9888",0,,0,-,29,"89,533,751,1019,1336,1435,2079,2158,2753,2902,3512,3625,3683,4115,5391,5884,5924,6294,6448,6590,6845,7084,7122,7959,8793,9100,9445,9661,9888",over_allocated,red
t1tdx3jecge1dd9pmzxuaphvjm5hyq2c7wn,20,no,20,0,0,,"31,430,590,1851,2073,2696,3297,4020,4246,4649,5099,5928,6334,6564,6732,7220,7725,7784,7849,8981",0,,0,-,20,"31,430,590,1851,2073,2696,3297,4020,4246,4649,5099,5928,6334,6564,6732,7220,7725,7784,7849,8981",-,
t1tefpwrmdgp6a3yqpjbrmnhhe33tvakfq3,5,no,0,5,5,,,0,,0,-,0,,-,
t1teycugo3cdmrudky73zn2qe8jrft2xbat,16,no,0,16,16,,,0,,0,-,0,,-,
t1tfysfgqqxcu8fnhkwvzqdgwu8fzqpkcee,5,no,0,5,5,,,0,,0,-,0,,-,
t1thdjwgmquoxednfgkzq1yxtvz4ml8bhg8,1,yes,0,1,1,,,0,,0,-,0,,-,
t1tjbnh7zwlszw74zkmssuzcysvk2t41bc6,5,no,0,5,5,,,0,,0,-,0,,-,
t1tjvigpxqezj5kyxa7gwonfgopgom2ubru,1,no,0,1,1,,,0,,0,-,0,,-,
t1tk5exioia8at4ohgcguhdesvivbdmjfj5,50,no,12,38,38,,"229,266,598,1358,1682,1882,7018,8159,8544,8726,8782,9495",0,,0,-,12,"229,266,598,1358,1682,1882,7018,8159,8544,8726,8782,9495",-,
t1tkmv8x9ddqtapjjhjezmttdknxw2gxyvf,10,no,0,10,10,,,0,,0,-,0,,-,
t1tm3cakrhdvy2bdakoqgtkyea4qed9qda8,8,no,10,-2,-2,YES,"108,331,3668,4065,4827,6260,6658,7377,8387,8462",0,,0,-,10,"108,331,3668,4065,4827,6260,6658,7377,8387,8462",over_allocated,red
t1tm4ckf29ikxbctrub9f2udckawtb5aiyz,5,no,6,-1,-1,YES,"1008,3622,5338,8193,8610,8621",0,,0,-,6,"1008,3622,5338,8193,8610,8621",over_allocated,red
t1tm4ukzttclqbius6oqzhbb5wla9soo3ii,50,no,79,-29,-29,YES,"16,20,47,366,376,384,462,483,849,891,1163,1482,1643,1692,1721,1785,1867,2084,2234,2285,2299,2457,2529,2613,2813,2835,2900,3009,3062,3083,3105,3240,3346,3776,3817,3836,3995,4056,4068,4202,4203,4219,4384,4490,4572,4607,4880,5627,5631,5792,5903,6220,6225,6228,6495,6615,6699,6973,7158,7225,7401,7439,7490,8017,8097,8136,8584,8612,8620,8795,8877,8896,8898,8911,9089,9365,9380,9391,9600",0,,0,-,79,"16,20,47,366,376,384,462,483,849,891,1163,1482,1643,1692,1721,1785,1867,2084,2234,2285,2299,2457,2529,2613,2813,2835,2900,3009,3062,3083,3105,3240,3346,3776,3817,3836,3995,4056,4068,4202,4203,4219,4384,4490,4572,4607,4880,5627,5631,5792,5903,6220,6225,6228,6495,6615,6699,6973,7158,7225,7401,7439,7490,8017,8097,8136,8584,8612,8620,8795,8877,8896,8898,8911,9089,9365,9380,9391,9600",over_allocated,red
t1tmtfdgwqxtxoqrnvmosa6kadkayg4kf8n,39,no,7,32,32,,"37,2755,3174,3773,5802,6236,8022",0,,0,-,7,"37,2755,3174,3773,5802,6236,8022",-,
t1toh1zcyjhhvo64hjrcedtaq5exomsjgqv,6,no,5,1,1,,"5131,5586,5629,7302,7883",0,,0,-,5,"5131,5586,5629,7302,7883",-,
t1tqcxffgu5zraefnaa33hbh4bsfjjbv9rv,5,no,5,0,0,,"1191,1227,1998,3489,4502",0,,0,-,5,"1191,1227,1998,3489,4502",-,
t1tqmu6mujknd7ieks9wpikrwswzdcxkdfc,12,no,14,-2,-2,YES,"269,341,585,595,718,1142,1267,2183,2792,3841,4386,4686,5087,5257",0,,0,-,14,"269,341,585,595,718,1142,1267,2183,2792,3841,4386,4686,5087,5257",over_allocated,red
t1trdpjxtmyneshmgtqurhscgtkj8etgcqg,14,yes,0,14,14,,,0,,0,-,0,,-,
t1tskumd6v3roqqj5pg91uwdqjodnozds8l,3,no,3,0,0,,"320,1007,1477",0,,0,-,3,"320,1007,1477",-,
t1tuhpqkrnvjpjkj3yaenccecenarccfwgv,20,no,20,0,0,,"123,525,592,1097,1318,1512,1944,2373,2453,3225,3844,4359,6656,7499,7605,7793,8239,8796,8899,9425",0,,0,-,20,"123,525,592,1097,1318,1512,1944,2373,2453,3225,3844,4359,6656,7499,7605,7793,8239,8796,8899,9425",-,
t1twcy6frrrqhbhtq4xbhiekdbkgn9utjpc,1,yes,0,1,1,,,0,,0,-,0,,-,
t1txjy2pkqzgyamblaeqkfjox5cszkk2fn4,50,no,22,28,28,,"619,631,691,1999,2194,4422,5211,5300,5398,5637,5976,6349,6379,6422,6655,6660,6823,8011,9523,9543,9664,9896",0,,0,-,22,"619,631,691,1999,2194,4422,5211,5300,5398,5637,5976,6349,6379,6422,6655,6660,6823,8011,9523,9543,9664,9896",-,
t1txxs8dib7vhs5nboltuxpjqehginxucez,5,yes,2,3,3,,"3492,8578",0,,0,-,2,"3492,8578",-,
t1tyhxofvhrbzihfoxnnahfwv428sa5brax,1,no,0,1,1,,,0,,0,-,0,,-,
t1u3qggyrt2rk5ehydnzkp3ehha23e67ncj,5,no,0,5,5,,,0,,0,-,0,,-,
t1u6qou55uld6pnqngcfyrcbyvyqz2pktga,21,no,0,21,21,,,0,,0,-,0,,-,
t1u6taqejmw7bvyjht8mwcg5p2actudi66d,5,no,0,5,5,,,0,,0,-,0,,-,
t1uavni5rhiec4gu4c5aindymn1l2hwub9x,49,no,0,49,49,,,0,,0,-,0,,-,
t1ub2xrhednp6xqdvpqynpkqeczlowj8z6j,5,yes,7,-2,-2,YES,"2883,6049,6556,6685,7764,8619,9240",0,,0,-,7,"2883,6049,6556,6685,7764,8619,9240",over_allocated,red
t1ubezp8p7ftsllhajhg5vulixpxqq3hxkk,10,no,0,10,10,,,0,,0,-,0,,-,
t1uctyrme2jmsqcg6qcjumu1yjhxnogfddj,5,yes,5,0,0,,"2721,3850,6383,9798,9983",0,,0,-,5,"2721,3850,6383,9798,9983",-,
t1udcevmzvkupfbrmd5svagbv6ppefbh5qr,2,yes,0,2,2,,,0,,0,-,0,,-,
t1udk7itytunnd9jzdxg8gkaufxysb9bbvc,2,no,0,2,2,,,0,,0,-,0,,-,
t1ufekwdgynhxd3jvyqbwnnoay7nowu9grh,4,yes,0,4,4,,,0,,0,-,0,,-,
t1ufmmopugnpnicgdq4s86locbrwmeekvgz,10,yes,0,10,10,,,0,,0,-,0,,-,
t1ug1kh937xbyhbowgsfqc9sv2r2qftdia2,5,no,0,5,5,,,0,,0,-,0,,-,
t1ugnmmfgvei3prgchynzyhugd5qysjpdcd,50,no,51,-1,-1,YES,"18,345,485,500,548,638,685,1210,1656,1685,1711,1738,1855,1883,2082,2148,2168,2290,2699,2903,2983,3140,3184,3524,3626,3883,3977,4345,4631,4648,4842,5067,5144,5153,5289,5376,5752,5898,6074,6089,6507,7020,7114,7359,7438,7653,8020,8206,8625,8873,9490",0,,0,-,51,"18,345,485,500,548,638,685,1210,1656,1685,1711,1738,1855,1883,2082,2148,2168,2290,2699,2903,2983,3140,3184,3524,3626,3883,3977,4345,4631,4648,4842,5067,5144,5153,5289,5376,5752,5898,6074,6089,6507,7020,7114,7359,7438,7653,8020,8206,8625,8873,9490",over_allocated,red
t1uijcpndrzgcmqlg67y8ld8xailbijq9ku,50,no,76,-26,-26,YES,"242,575,681,747,955,986,1057,1075,1087,1250,1274,1622,1739,1799,1838,1890,1979,1989,2043,2277,2364,2520,2525,2577,2666,2682,2820,3035,3063,3081,3530,3555,3586,3905,3934,4085,4293,4542,4693,4780,4853,4859,4925,4933,5334,5497,5708,6213,6307,6508,6609,6918,7195,7223,7363,7371,7382,7421,7759,7834,7927,7939,7979,8267,8378,8390,8597,8752,8816,8924,9055,9124,9381,9405,9630,9833",0,,0,-,76,"242,575,681,747,955,986,1057,1075,1087,1250,1274,1622,1739,1799,1838,1890,1979,1989,2043,2277,2364,2520,2525,2577,2666,2682,2820,3035,3063,3081,3530,3555,3586,3905,3934,4085,4293,4542,4693,4780,4853,4859,4925,4933,5334,5497,5708,6213,6307,6508,6609,6918,7195,7223,7363,7371,7382,7421,7759,7834,7927,7939,7979,8267,8378,8390,8597,8752,8816,8924,9055,9124,9381,9405,9630,9833",over_allocated,red
t1uivww7gqcidubcnpqeqtmnakpbcwjpqzg,50,no,0,50,50,,,0,,0,-,0,,-,
t1ujfws77c2mp2z4dhhgmyovzonwe2rg6s5,2,yes,0,2,2,,,0,,0,-,0,,-,
t1umuzozkqrbtaknbascznhnpqj7dxixrvq,50,no,50,0,0,,"196,556,922,964,1089,1131,1135,1679,1750,1988,2560,2661,2714,2892,2996,3310,3604,3696,3771,4822,5149,5385,5491,5606,5771,6282,6325,6512,6621,6647,6815,6828,6860,6935,7067,7117,7244,7760,7775,7797,7889,7895,8556,8723,8776,8882,9094,9201,9298,9663",0,,0,-,50,"196,556,922,964,1089,1131,1135,1679,1750,1988,2560,2661,2714,2892,2996,3310,3604,3696,3771,4822,5149,5385,5491,5606,5771,6282,6325,6512,6621,6647,6815,6828,6860,6935,7067,7117,7244,7760,7775,7797,7889,7895,8556,8723,8776,8882,9094,9201,9298,9663",-,
t1ungdkhkht4pjaxubbvjr2ch3heeu8bpcs,2,no,0,2,2,,,0,,0,-,0,,-,
t1unwjtawaskho5r51eplqz1kprl6v1rqni,50,yes,0,50,50,,,0,,0,-,0,,-,
t1upakyzssv9db74jkatqkz6kna8ym2t9f7,10,yes,0,10,10,,,0,,0,-,0,,-,
t1upzl3anjphpushv5l1phfr3x9agyvfwmg,3,no,4,-1,-1,YES,"2570,4322,5480,7779",0,,0,-,4,"2570,4322,5480,7779",over_allocated,red
t1uqgxtp2u4bzwoa5ps9ba2aayvpterrbkk,50,no,0,50,50,,,0,,0,-,0,,-,
t1uqktegmkv8fcimdjjtstaedcb9jcip3qk,1,yes,0,1,1,,,0,,0,-,0,,-,
t1ur9nxrneganoqjixotbyuf3slxy79cwut,20,yes,0,20,20,,,0,,0,-,0,,-,
t1urpiavkof3253qofgncv8fwp6zaihlsua,10,yes,11,-1,-1,YES,"137,1016,2393,4378,7015,7398,7765,7882,8588,8880,9676",0,,0,-,11,"137,1016,2393,4378,7015,7398,7765,7882,8588,8880,9676",over_allocated,red
t1urw4ntrwbtunw5vzasjt8hv8rcsjfnqcc,1,yes,0,1,1,,,0,,0,-,0,,-,
t1utmsk7wjjzbhvx2rt3aycaq3k4urbiq9g,6,no,0,6,6,,,0,,0,-,0,,-,
t1utwwsaslf2xhdaec4hnfbewky6k9e6yqi,50,no,50,0,0,,"59,274,881,942,954,1345,1381,1841,1916,2157,2273,2295,2363,2426,2572,2579,2669,2894,3051,3129,3423,3827,3857,4089,4113,4282,4521,4685,4720,4807,4977,5070,5080,5322,5397,5623,6499,6583,7125,7150,7335,7458,7519,7624,7699,7807,8144,8643,8824,9844",0,,0,-,50,"59,274,881,942,954,1345,1381,1841,1916,2157,2273,2295,2363,2426,2572,2579,2669,2894,3051,3129,3423,3827,3857,4089,4113,4282,4521,4685,4720,4807,4977,5070,5080,5322,5397,5623,6499,6583,7125,7150,7335,7458,7519,7624,7699,7807,8144,8643,8824,9844",-,
t1uufoxnydajnj5x2jxumh4qmu2wrfagbnu,10,no,12,-2,-2,YES,"798,2070,4596,6269,6345,6544,6865,7100,7118,7205,7307,8957",0,,0,-,12,"798,2070,4596,6269,6345,6544,6865,7100,7118,7205,7307,8957",over_allocated,red
t1uuk2bymjk2l6vyopdkrwl8elhen6wkvwv,50,no,0,50,50,,,0,,0,-,0,,-,
t1uurbu83lrwsa2evcqde45gqpstvlxxu5j,1,no,0,1,1,,,0,,0,-,0,,-,
t1uwhgycnxruf62kfea3wefuetqlahxttqv,50,no,73,-23,-23,YES,"19,128,264,475,644,722,850,982,1168,1207,1589,1697,1810,1832,1847,1849,2024,2108,2293,2432,2499,2650,2939,3016,3017,3028,3132,3199,3351,3413,3506,3531,3544,3843,3870,4150,4180,4234,4520,4699,4899,4902,5116,5345,5382,5579,5921,6022,6526,6589,7323,7354,7483,7683,8226,8244,8296,8335,8399,8539,8540,8853,8902,9011,9086,9186,9187,9331,9352,9409,9478,9753,9754",0,,0,-,73,"19,128,264,475,644,722,850,982,1168,1207,1589,1697,1810,1832,1847,1849,2024,2108,2293,2432,2499,2650,2939,3016,3017,3028,3132,3199,3351,3413,3506,3531,3544,3843,3870,4150,4180,4234,4520,4699,4899,4902,5116,5345,5382,5579,5921,6022,6526,6589,7323,7354,7483,7683,8226,8244,8296,8335,8399,8539,8540,8853,8902,9011,9086,9186,9187,9331,9352,9409,9478,9753,9754",over_allocated,red
t1uwjgvbnvpkfcebhspdesqpwfeftvigwhg,1,yes,0,1,1,,,0,,0,-,0,,-,
t1uxb7jjapibc37eurpnw3wyj33gj3amznt,1,no,0,1,1,,,0,,0,-,0,,-,
t1uykbhztbcbpqllqsye4n84kce1tq1znw9,50,yes,0,50,50,,,0,,0,-,0,,-,
t1v1aansnwo6hovwuuvu4uygmixiigaermz,3,yes,0,3,3,,,0,,0,-,0,,-,
t1v3oaqehknq5voangxqzpg2pnnalatgzm7,5,no,0,5,5,,,0,,0,-,0,,-,
t1v4gdl2ivxpgol6vctiger1daw97ttf7ja,30,yes,0,30,30,,,0,,0,-,0,,-,
t1v8hzyynuwi6qemeow5afq87uozcmkbs4w,4,yes,3,1,1,,"1762,2342,2667",0,,0,-,3,"1762,2342,2667",-,
t1v8qstmaddwlh8vfu5tblpcb2czyqdyvyt,1,yes,0,1,1,,,0,,0,-,0,,-,
t1vab4k1a2ydvnwfmn2nt5sjmgeambvndrz,30,yes,0,30,30,,,0,,0,-,0,,-,
t1vaehdcmet6fn2nqxc2wufegjj9tnizcz1,5,yes,9,-4,-4,YES,"667,1028,1874,3533,4440,4802,7379,9272,9903",0,,0,-,9,"667,1028,1874,3533,4440,4802,7379,9272,9903",over_allocated,red
t1vawytxyxgokmqhn76hsmnsnne5bamzwdx,15,no,0,15,15,,,0,,0,-,0,,-,
t1vcwc3cycthart9cxhmse14bwj8wdpdqpk,3,no,4,-1,-1,YES,"2628,4426,4898,5551",0,,0,-,4,"2628,4426,4898,5551",over_allocated,red
t1vdvz3ba44yrzjpqbvdkh7k27we8gvfpgt,20,yes,0,20,20,,,0,,0,-,0,,-,
t1vf4k61qeseulhxpzkjch3nb3q1vw6fvx9,15,no,45,-30,-30,YES,"188,477,650,1208,1311,1468,1638,1674,1995,2162,2350,2791,2847,2951,2985,3661,3734,3786,4695,4784,5017,5077,5541,5647,6133,6250,6402,6470,6562,6626,6649,6780,7536,7870,8013,8135,8448,8474,8642,8649,8739,9246,9320,9622,9735",0,,0,-,45,"188,477,650,1208,1311,1468,1638,1674,1995,2162,2350,2791,2847,2951,2985,3661,3734,3786,4695,4784,5017,5077,5541,5647,6133,6250,6402,6470,6562,6626,6649,6780,7536,7870,8013,8135,8448,8474,8642,8649,8739,9246,9320,9622,9735",over_allocated,red
t1vhzfu3mltsx1uthcwajbrfitrw2becvwe,2,yes,0,2,2,,,0,,0,-,0,,-,
t1vi1rvlddy2azaz1nejtwpsepngnxs4zff,1,no,0,1,1,,,0,,0,-,0,,-,
t1vimk2cvlaf4yf1cpkyw9zw2vqglla6pw9,18,yes,28,-10,-10,YES,"214,933,1133,1228,1401,1499,1597,2196,2267,3416,3735,3778,4160,4243,4870,4964,5532,6005,6238,6312,6697,7872,8044,8088,9006,9451,9575,9645",0,,0,-,28,"214,933,1133,1228,1401,1499,1597,2196,2267,3416,3735,3778,4160,4243,4870,4964,5532,6005,6238,6312,6697,7872,8044,8088,9006,9451,9575,9645",over_allocated,red
t1vlqp3zm55bd1ltecwhwyceev4gtkgfhyh,11,yes,16,-5,-5,YES,"731,863,2270,2623,3390,3731,3838,4505,5031,5057,5205,5543,6200,6574,8326,8453",0,,0,-,16,"731,863,2270,2623,3390,3731,3838,4505,5031,5057,5205,5543,6200,6574,8326,8453",over_allocated,red
t1vmrtumpvazefdtc2ovcmsjmtxhgewqgee,2,yes,0,2,2,,,0,,0,-,0,,-,
t1vnqzdvmveogfsmvu2hqbadttvlfre5fcr,50,no,65,-15,-15,YES,"208,774,787,961,1010,1203,1219,1294,1427,1437,2029,2045,2112,2310,2380,2406,2511,2852,2901,3204,3405,3538,3545,3861,4086,4092,4122,4304,4346,4580,4763,4915,5071,5134,5263,5320,5359,5443,5481,6086,6271,6329,6335,6601,6681,6792,6806,7066,7160,7209,7257,7279,7751,8016,8134,8250,8535,8585,8729,9007,9443,9459,9461,9635,9860",0,,0,-,65,"208,774,787,961,1010,1203,1219,1294,1427,1437,2029,2045,2112,2310,2380,2406,2511,2852,2901,3204,3405,3538,3545,3861,4086,4092,4122,4304,4346,4580,4763,4915,5071,5134,5263,5320,5359,5443,5481,6086,6271,6329,6335,6601,6681,6792,6806,7066,7160,7209,7257,7279,7751,8016,8134,8250,8535,8585,8729,9007,9443,9459,9461,9635,9860",over_allocated,red
t1vqgjkdb5hnyg6xnjdwjgof2euodgmb3jx,5,no,0,5,5,,,0,,0,-,0,,-,
t1vqxbwxdm7h31a5hq1hbt3bpd2ch4rqdmi,2,yes,0,2,2,,,0,,0,-,0,,-,
t1vu8wavcg1xe8qhdyowsmv2s9i63htj9sy,10,yes,9,1,1,,"2925,3436,4048,7881,8168,8994,9567,9936,9940",0,,0,-,9,"2925,3436,4048,7881,8168,8994,9567,9936,9940",-,
t1vulscnzrjrajkaodvbkqeomamjxnkwrsd,2,no,2,0,0,,"3031,5525",0,,0,-,2,"3031,5525",-,
t1vv9x9xa6pdgkewdundfn72ltozgvrtpud,1,no,0,1,1,,,0,,0,-,0,,-,
t1vxjd7iypy58chghwfrhmbnijefrkycbvn,10,yes,20,-10,-10,YES,"88,257,1106,1132,1235,2834,3503,3965,4287,5182,5441,5840,6101,6297,6663,6984,7268,9343,9623,9805",0,,0,-,20,"88,257,1106,1132,1235,2834,3503,3965,4287,5182,5441,5840,6101,6297,6663,6984,7268,9343,9623,9805",over_allocated,red
t1vxvg8hn5yhznn9ex9tjyvbvmkxhuygpnk,1,yes,0,1,1,,,0,,0,-,0,,-,
t1vxzayz2wtcgluk2rrlctxr5ivjzzfmluy,20,no,33,-13,-13,YES,"49,466,538,752,1298,1324,1928,2130,2314,2994,3138,3339,3614,3736,4448,4469,4600,5580,5761,5790,5996,6438,6443,6873,6923,7039,7193,7532,8014,8290,8650,9054,9631",0,,0,-,33,"49,466,538,752,1298,1324,1928,2130,2314,2994,3138,3339,3614,3736,4448,4469,4600,5580,5761,5790,5996,6438,6443,6873,6923,7039,7193,7532,8014,8290,8650,9054,9631",over_allocated,red
t1vzj7y8xih5zxrlcecnar41w62ca8kbnhn,15,yes,0,15,15,,,0,,0,-,0,,-,
t1w3z6psfkpaqagrsh3j1hvcampr8xitfef,2,no,2,0,0,,"6043,7450",0,,0,-,2,"6043,7450",-,
t1w4yxr8rtmgzkd25jgweywxqnem3llmxwq,5,yes,6,-1,-1,YES,"261,3254,3763,6115,6360,9807",0,,0,-,6,"261,3254,3763,6115,6360,9807",over_allocated,red
t1wbrgse81lfo419gd7dyuk4mrjua9qsavh,1,yes,0,1,1,,,0,,0,-,0,,-,
t1wbuqzbmujulery3y94lshzegdv7mbdgbf,4,yes,0,4,4,,,0,,0,-,0,,-,
t1wdk8ftmqhutjtpqoftehpxunlkfuvyspm,50,yes,67,-17,-17,YES,"1129,1283,1377,1441,1463,1807,1818,1864,2102,2107,2164,2321,2621,2807,3023,3257,3288,3380,3944,4039,4066,4169,4539,4705,4762,4788,5280,5463,5598,5823,5987,6181,6431,6603,6633,6654,6693,6952,7052,7055,7096,7149,7326,7336,7523,7608,7798,7863,7965,8093,8128,8195,8369,8500,8569,8648,8659,8806,8951,9231,9358,9402,9680,9681,9776,9793,9816",0,,0,-,67,"1129,1283,1377,1441,1463,1807,1818,1864,2102,2107,2164,2321,2621,2807,3023,3257,3288,3380,3944,4039,4066,4169,4539,4705,4762,4788,5280,5463,5598,5823,5987,6181,6431,6603,6633,6654,6693,6952,7052,7055,7096,7149,7326,7336,7523,7608,7798,7863,7965,8093,8128,8195,8369,8500,8569,8648,8659,8806,8951,9231,9358,9402,9680,9681,9776,9793,9816",over_allocated,red
t1weatcczesuq5ptqoygltqcihkckrvrdce,1,no,0,1,1,,,0,,0,-,0,,-,
t1wfqvahfqki118grvxx59xppvbjjo61emf,9,yes,5,4,4,,"129,565,748,4408,6608",0,,0,-,5,"129,565,748,4408,6608",-,
t1wh3f1enhwacthj9sfvhmgv5hakktslpna,6,no,0,6,6,,,0,,0,-,0,,-,
t1whphyhzhyom7vainruyucxljcqa1ru38a,3,no,3,0,0,,"4364,5634,6665",0,,0,-,3,"4364,5634,6665",-,
t1wjn8r2xkso3nkrcqoetbbbraj7cgagq9n,10,yes,0,10,10,,,0,,0,-,0,,-,
t1wjymzb8eklefe8jcxdxijvxwrbxybmig5,50,no,54,-4,-4,YES,"30,51,215,309,441,899,972,1005,1556,1831,2093,2222,2379,2413,2599,2606,2660,2787,2842,3004,3036,3155,3409,3479,4167,4178,4226,4419,4787,5022,5213,5232,5349,5456,5696,5825,6070,6604,6765,6838,7227,7517,7680,7701,7732,7753,8070,8122,8790,9103,9163,9242,9276,9771",0,,0,-,54,"30,51,215,309,441,899,972,1005,1556,1831,2093,2222,2379,2413,2599,2606,2660,2787,2842,3004,3036,3155,3409,3479,4167,4178,4226,4419,4787,5022,5213,5232,5349,5456,5696,5825,6070,6604,6765,6838,7227,7517,7680,7701,7732,7753,8070,8122,8790,9103,9163,9242,9276,9771",over_allocated,red
t1wlqtzt3kakg9y36mahchepq7d7vvw7cca,5,yes,0,5,5,,,0,,0,-,0,,-,
t1wmgffiauhm7a7ynhwr3z4gukbvayvtal4,30,no,14,16,16,,"817,1704,2050,3960,4280,4373,5779,5900,6058,6243,6333,7585,7903,9095",0,,0,-,14,"817,1704,2050,3960,4280,4373,5779,5900,6058,6243,6333,7585,7903,9095",-,
t1wmvgymhcviohvrozfxtkvmemy5bmuintt,50,yes,11,39,39,,"294,480,645,1340,1772,2098,3182,6797,7196,8129,9984",0,,0,-,11,"294,480,645,1340,1772,2098,3182,6797,7196,8129,9984",-,
t1wnyfqcj7zmtfy2yuc6cr9hxe3zrq5k43p,1,yes,0,1,1,,,0,,0,-,0,,-,
t1wr85skqseeutqn9smmbf5ygfkzav7yvtx,16,no,0,16,16,,,0,,0,-,0,,-,
t1wsohyjrazyhjmzfvbxtrbwh1fo9iypbqx,10,yes,32,-22,-22,YES,"299,1187,1263,1362,1426,1498,1590,2211,2220,3130,3695,3826,3961,4308,4962,5372,5508,5538,5861,6819,6833,7126,7352,7801,7832,8167,8429,8591,9244,9299,9808,9918",0,,0,-,32,"299,1187,1263,1362,1426,1498,1590,2211,2220,3130,3695,3826,3961,4308,4962,5372,5508,5538,5861,6819,6833,7126,7352,7801,7832,8167,8429,8591,9244,9299,9808,9918",over_allocated,red
t1wsplngf6kmka6fx1n2bs7bgy6r1rsbzff,9,no,9,0,0,,"795,906,1412,2109,3433,3788,4482,4726,9063",0,,0,-,9,"795,906,1412,2109,3433,3788,4482,4726,9063",-,
t1wtaedok5mdz2moom8ly82anulaknc6bsh,4,no,0,4,4,,,0,,0,-,0,,-,
t1wtwuce1hrsyifjkynashpnknx6sww23uf,1,no,0,1,1,,,0,,0,-,0,,-,
t1wuc9smduamu6tphqqkn5nhkq9jcfwljzv,10,yes,13,-3,-3,YES,"161,397,604,2122,2276,2914,3701,4506,5476,6627,7709,9037,9468",0,,0,-,13,"161,397,604,2122,2276,2914,3701,4506,5476,6627,7709,9037,9468",over_allocated,red
t1wuectyqkzkva4j5zsek9syopzzgxxmdua,1,no,1,0,0,,2417,0,,0,-,1,2417,-,
t1wup8b6wsaeewjbzszy5kfnvessbm8dhdj,10,yes,18,-8,-8,YES,"135,207,1322,1612,3466,3753,3878,4916,6168,6872,6907,7208,7400,7411,7432,7748,8874,9332",0,,0,-,18,"135,207,1322,1612,3466,3753,3878,4916,6168,6872,6907,7208,7400,7411,7432,7748,8874,9332",over_allocated,red
t1ww6d6vdjq1wxta6mn944nnfnh6y8pdzrb,4,yes,0,4,4,,,0,,0,-,0,,-,
t1wwb3v2wgvmgx7t3mnyrqjh59the9fxwq4,1,no,1,0,0,,8297,0,,0,-,1,8297,-,
t1wwe8mf17ryho7niz6wlhriaxac5f8qymi,40,yes,27,13,13,,"22,115,785,1035,1211,1420,1735,2896,3396,4379,4433,4738,4785,5332,5805,6175,6817,6950,7378,7853,8191,9062,9427,9433,9596,9656,9872",0,,0,-,27,"22,115,785,1035,1211,1420,1735,2896,3396,4379,4433,4738,4785,5332,5805,6175,6817,6950,7378,7853,8191,9062,9427,9433,9596,9656,9872",-,
t1wxlkbsuqmtd6nzburphdhp5bfhgajllps,5,no,10,-5,-5,YES,"1123,1631,6323,6814,7333,8596,9159,9235,9349,9708",0,,0,-,10,"1123,1631,6323,6814,7333,8596,9159,9235,9349,9708",over_allocated,red
t1wyftcbvsspn5cqddr6x7fjcuxojqtlgf6,10,no,0,10,10,,,0,,0,-,0,,-,
t1x3y1a1mjibencqksuu4yugyhjk7xednho,5,yes,6,-1,-1,YES,"2074,4002,4458,4622,5925,9992",0,,0,-,6,"2074,4002,4458,4622,5925,9992",over_allocated,red
t1x6fabmcmw2ggxzwtzhtnmd8plfnbnh1xe,50,no,0,50,50,,,0,,0,-,0,,-,
t1x7tikvwa947jeztpgndpikfuqh6relxlr,10,yes,0,10,10,,,0,,0,-,0,,-,
t1x8pqjw56wvtkchtdpchtcrmkpuo9zfujm,5,yes,0,5,5,,,0,,0,-,0,,-,
t1x8y4rmom1vwjsnddyczrx9aphsx9mdo3k,7,no,9,-2,-2,YES,"317,2177,2392,3065,3145,4043,7059,8336,8506",0,,0,-,9,"317,2177,2392,3065,3145,4043,7059,8336,8506",over_allocated,red
t1x9htyvqsm7g3u16ou4kg53hon7cpdivpe,1,no,1,0,0,,4566,0,,0,-,1,4566,-,
t1xaiavqjszdzkniuwiqeycavfr5zzsnfjk,1,yes,0,1,1,,,0,,0,-,0,,-,
t1xbnurodu77xx8tj8ebmi5t34cy45mt5mh,1,no,0,1,1,,,0,,0,-,0,,-,
t1xcqj6exq9ywuycqy2lkkx8k2z37cqp8qc,50,yes,0,50,50,,,0,,0,-,0,,-,
t1xfajxmlrekiixhygofvqhimeck96duzsb,4,no,5,-1,-1,YES,"802,2806,4779,8402,9344",0,,0,-,5,"802,2806,4779,8402,9344",over_allocated,red
t1xg8hsmzznwfkyknkosamxrovwro2d8s9k,5,no,0,5,5,,,0,,0,-,0,,-,
t1xgramzt5zp1cjwno2hzuyp66g3lhojpn4,10,no,11,-1,-1,YES,"2494,2527,5064,5485,6246,6393,6440,6919,7021,8705,9796",0,,0,-,11,"2494,2527,5064,5485,6246,6393,6440,6919,7021,8705,9796",over_allocated,red
t1xhfqj7mpkskx4zd7xnhulq6g78c8sz4k5,9,no,6,3,3,,"195,3910,4391,4908,8173,8696",0,,0,-,6,"195,3910,4391,4908,8173,8696",-,
t1xiltpqn3kvbvxeeia9pdyfvjvjdeeacyh,2,no,0,2,2,,,0,,0,-,0,,-,
t1xkb2xu5cytyrh46mgtxqe9rbuvcwmdxbw,50,no,62,-12,-12,YES,"184,187,1020,1182,1215,1327,1555,1677,1929,2337,2492,2734,2980,3008,3307,3402,3429,3463,3550,3600,3712,4128,4197,4283,4620,4890,4937,4949,5268,5357,5409,5644,5695,5736,5737,5865,6378,6763,6942,7368,7620,7716,7727,7786,8027,8092,8106,8124,8146,8318,8425,8451,8554,8742,8943,9033,9139,9353,9636,9764,9871,9997",0,,0,-,62,"184,187,1020,1182,1215,1327,1555,1677,1929,2337,2492,2734,2980,3008,3307,3402,3429,3463,3550,3600,3712,4128,4197,4283,4620,4890,4937,4949,5268,5357,5409,5644,5695,5736,5737,5865,6378,6763,6942,7368,7620,7716,7727,7786,8027,8092,8106,8124,8146,8318,8425,8451,8554,8742,8943,9033,9139,9353,9636,9764,9871,9997",over_allocated,red
t1xkfohh7p3maxzgkou7zighxxzex8tx5tv,3,yes,3,0,0,,"664,3176,4305",0,,0,-,3,"664,3176,4305",-,
t1xkjq7z7dq1s1ksfux7qnk9l8a5rtjxapu,10,yes,17,-7,-7,YES,"202,935,1265,1347,1526,2207,2401,2720,4717,5966,6487,7250,7893,9359,9482,9864,9916",0,,0,-,17,"202,935,1265,1347,1526,2207,2401,2720,4717,5966,6487,7250,7893,9359,9482,9864,9916",over_allocated,red
t1xkmdryc22kstmiishiddayq1tzbar1sgu,5,yes,5,0,0,,"977,3718,3766,5401,6418",0,,0,-,5,"977,3718,3766,5401,6418",-,
t1xkwkazjvuwm3jqbn9jph1r69duwajdtmw,24,no,0,24,24,,,0,,0,-,0,,-,
t1xm9qrwdqkotam1uaiumnnpfetqk4yxicm,50,no,0,50,50,,,0,,0,-,0,,-,
t1xpemsuaqp4zwswrftd46fe774u1lseetm,4,no,0,4,4,,,0,,0,-,0,,-,
t1xqu4smjt8fwwmhptmka8iiniogsyabwrv,20,no,0,20,20,,,0,,0,-,0,,-,
t1xrxq1uipa2ny5prkcbn6ykh3w6wr8p39v,5,no,0,5,5,,,0,,0,-,0,,-,
t1xsmhjdmjw2jsrzebdjl8vpob5aqeikt2l,50,yes,0,50,50,,,0,,0,-,0,,-,
t1xszkmqptzube3nardgsxf4pdcctb5lac2,5,no,7,-2,-2,YES,"1334,1491,3361,6620,7594,8132,9720",0,,0,-,7,"1334,1491,3361,6620,7594,8132,9720",over_allocated,red
t1xugqv2svc6pygv3vukasyehzoefvgvr21,10,yes,10,0,0,,"117,338,369,586,750,781,812,1116,2225,7642",0,,0,-,10,"117,338,369,586,750,781,812,1116,2225,7642",-,
t1xuwb1rp4tsa9as8shegxvji8jvxj5mxw6,6,yes,0,6,6,,,0,,0,-,0,,-,
t1xvppmetsdm4x2nok6goubvtc1nemtb8h2,10,yes,0,10,10,,,0,,0,-,0,,-,
t1xyrfax3c7zbwfxmqcfsqxbmtngrnjhygh,5,no,11,-6,-6,YES,"228,1288,1339,1356,1662,1871,4230,4774,7476,8164,8615",0,,0,-,11,"228,1288,1339,1356,1662,1871,4230,4774,7476,8164,8615",over_allocated,red
t1xyv5g9hfzkeqffsza1use1zoxz4nqnkpi,10,no,0,10,10,,,0,,0,-,0,,-,
t1xz9wssa47fhevjs2vtb75ukdfjnexhg7x,2,no,1,1,1,,388,0,,0,-,1,388,-,
t1xzg8cdgudymhpkwhndqqzzxo3uxeumneg,2,no,0,2,2,,,0,,0,-,0,,-,
t1xzzv9apfaq5ypoekiegwcq2tuf4vr1g2a,30,no,6,24,24,,"3875,4549,6821,7109,8300,9324",0,,0,-,6,"3875,4549,6821,7109,8300,9324",-,
t1y34uwvq1vlyol3mzg5zyjjjbjes7tqgnt,5,no,0,5,5,,,0,,0,-,0,,-,
t1y4jbkbesedcj76an5ct6s7sdjacm1y8d3,5,no,0,5,5,,,0,,0,-,0,,-,
t1y6h9es3tkbe9cdahmrr6egahbim8n3zcs,4,no,4,0,0,,"1434,1931,7157,8400",0,,0,-,4,"1434,1931,7157,8400",-,
t1y7dtde9rxmxgbxrqlk9vsraqztczp89m1,9,no,17,-8,-8,YES,"1380,1564,2026,2126,2132,2602,2840,3685,3727,4591,5291,5386,7715,8037,8756,8804,9964",0,,0,-,17,"1380,1564,2026,2126,2132,2602,2840,3685,3727,4591,5291,5386,7715,8037,8756,8804,9964",over_allocated,red
t1y7ndpkhuvllhartbxbkb7jd27scfpsvvg,3,yes,0,3,3,,,0,,0,-,0,,-,
t1y8g4khzqcpxsvmp5mw9kctngda2g9e4z6,5,yes,5,0,0,,"2461,4192,6521,9379,9591",0,,0,-,5,"2461,4192,6521,9379,9591",-,
t1y9dvrxxfpb4swn6qbsay7jjjhbs7fb83y,50,yes,0,50,50,,,0,,0,-,0,,-,
t1ycnkhgxerch2g3jrokpxhumgpvhsdu7qn,1,no,0,1,1,,,0,,0,-,0,,-,
t1yezkfeppcwa16xtjkhfes91yzlcvkauvm,50,yes,11,39,39,,"2174,2452,2500,3278,3912,4441,4598,4635,4919,5436,8647",0,,0,-,11,"2174,2452,2500,3278,3912,4441,4598,4635,4919,5436,8647",-,
t1yfgvhdolzlcwgbxa54mnc4hzjhm9jiteh,10,no,12,-2,-2,YES,"275,1461,3834,3932,4676,5358,5520,5793,7116,7533,9185,9271",0,,0,-,12,"275,1461,3834,3932,4676,5358,5520,5793,7116,7533,9185,9271",over_allocated,red
t1ygtbn96tjbjxvszhbzbt6wcuy3nqp1xfc,5,no,5,0,0,,"926,5014,5770,8232,8740",0,,0,-,5,"926,5014,5770,8232,8740",-,
t1yhhkhqqqgtgr7fqa2ce1pcagqxwt5xwcy,10,no,20,-10,-10,YES,"162,2477,2581,3168,3216,3726,4133,4152,4660,4849,5030,5807,6324,6433,6467,7222,7419,8505,8992,9615",0,,0,-,20,"162,2477,2581,3168,3216,3726,4133,4152,4660,4849,5030,5807,6324,6433,6467,7222,7419,8505,8992,9615",over_allocated,red
t1yjskwibrp2r3pfsrvhuxbgekfiizawzh2,7,yes,9,-2,-2,YES,"970,3589,4723,5931,6502,8903,9019,9882,9965",0,,0,-,9,"970,3589,4723,5931,6502,8903,9019,9882,9965",over_allocated,red
t1yk8jyv61dwkx2xhmdh9ehrhtcmpx2tngl,5,no,0,5,5,,,0,,0,-,0,,-,
t1ykuy6z2glmjaashy5n38v1oglewysbcnz,3,no,5,-2,-2,YES,"2366,2698,3338,8081,9220",0,,0,-,5,"2366,2698,3338,8081,9220",over_allocated,red
t1yn7ly4tfieqnbwwfrr6jvopczc5s7pkpt,1,no,0,1,1,,,0,,0,-,0,,-,
t1yngvmowkpxsp3nj9daxiekeilrnsmwb14,2,no,3,-1,-1,YES,"782,1756,7295",0,,0,-,3,"782,1756,7295",over_allocated,red
t1yqjiphzfttwiugqtebkxq1hcy2n3t5ecb,2,yes,0,2,2,,,0,,0,-,0,,-,
t1yrmkddgvjtc88qc5adcw31zdmedm4pfbl,10,no,0,10,10,,,0,,0,-,0,,-,
t1ytyxzda73bbrku3gmbtybep1fa9tyf3eq,5,no,0,5,5,,,0,,0,-,0,,-,
t1yuggbnetvrknf83vazh7ccaxhqbfynj3g,10,yes,0,10,10,,,0,,0,-,0,,-,
t1yvkwk9ux6lxiopbgfkogy44vj3hprnmf7,1,yes,0,1,1,,,0,,0,-,0,,-,
t1yvmmgozcckdjb1ltwjnj37n6mxzcbwd1c,5,no,0,5,5,,,0,,0,-,0,,-,
t1yvnhrmuhezqczspzi71yd8xk4xfywy5vg,20,yes,21,-1,-1,YES,"279,532,1391,2855,3247,3348,3410,4459,5095,5842,6554,6651,6897,6951,7251,7262,7627,7773,8275,8697,8720",0,,0,-,21,"279,532,1391,2855,3247,3348,3410,4459,5095,5842,6554,6651,6897,6951,7251,7262,7627,7773,8275,8697,8720",over_allocated,red
t1yxy236mrqfgma9qqrxjlkhwjgzwqdsizw,10,yes,0,10,10,,,0,,0,-,0,,-,
t1yzd2bwdnxu3mhwtugieahyuiutk9ymjs4,4,no,0,4,4,,,0,,0,-,0,,-,
t1yzdzwtt66slje5ubzszsypzgxqyg3h3su,10,yes,0,10,10,,,0,,0,-,0,,-,
t1z2bqfbjjxavofvagz4s2l3asowczytznu,5,no,8,-3,-3,YES,"811,1421,1857,3569,6028,6666,6753,6915",0,,0,-,8,"811,1421,1857,3569,6028,6666,6753,6915",over_allocated,red
t1z4xppnw9f5kpfq53mpnab4twnui2san2r,11,yes,0,11,11,,,0,,0,-,0,,-,
t1z6wmzrucnzzeytapanyucbttqraopcsxz,10,no,10,0,0,,"326,448,804,991,1504,2559,4743,8741,8971,9403",0,,0,-,10,"326,448,804,991,1504,2559,4743,8741,8971,9403",-,
t1z7v7ywsnedjh919kwuvswfz9mz1xlxska,1,yes,0,1,1,,,0,,0,-,0,,-,
t1z9u18tsi8bviddjjqgd1dkcosllox7xnb,3,yes,0,3,3,,,0,,0,-,0,,-,
t1z9zg6grgmgyua9vaohgkx5gka4sc7akuw,1,no,0,1,1,,,0,,0,-,0,,-,
t1zafad3uzjvy67rvs1vmsrqx5pusd3j15n,5,no,0,5,5,,,0,,0,-,0,,-,
t1zbmky2ef4fczauu2ktafeu1c8zr8qqkfr,20,yes,0,20,20,,,0,,0,-,0,,-,
t1zefvvqfpioqts8ynnenemixu5ypmngtmd,5,no,4,1,1,,"948,2930,3376,6025",0,,0,-,4,"948,2930,3376,6025",-,
t1zfwtzgoeynlvrhvwtnc4ubbv95imdjg5f,1,yes,1,0,0,,3260,0,,0,-,1,3260,-,
t1zh9lv5vbv46uxr8awm65kunztgodkgsp6,5,yes,3,2,2,,"138,572,7453",0,,0,-,3,"138,572,7453",-,
t1zie23hfozqbztjq2yu6vgjfelpthlvrck,12,no,0,12,12,,,0,,0,-,0,,-,
t1zmyf5bw92ud3ow3vyhphvkdenjbxvy5j1,6,no,5,1,1,,"1137,1652,1934,7011,7693",0,,0,-,5,"1137,1652,1934,7011,7693",-,
t1zpzocw6bnvu4bekcg29cokyno37dmuuck,11,no,12,-1,-1,YES,"744,746,1372,2515,4920,6214,7465,7489,7866,7890,8100,9046",0,,0,-,12,"744,746,1372,2515,4920,6214,7465,7489,7866,7890,8100,9046",over_allocated,red
t1zqkayrk4hcc78q6lzxqgpjcxauh6bbonq,4,yes,0,4,4,,,0,,0,-,0,,-,
t1zqtlr4dunri32v8xrcrxsr3rtijbxv2wq,20,yes,0,20,20,,,0,,0,-,0,,-,
t1zqvsuwkcpsatkemvfpzharvucbz7b9sq4,10,no,2,8,8,,"136,2169",0,,0,-,2,"136,2169",-,
t1zrxajussgfscaxa5mvve4ukm8ebcfkhhy,10,yes,0,10,10,,,0,,0,-,0,,-,
t1zssjthb57njsyftkqxwvw1mquxadyb7k7,10,no,0,10,10,,,0,,0,-,0,,-,
t1zuffvd1tk6pux9r8zbojyoajsmip5awra,50,no,50,0,0,,"143,379,392,531,992,1108,1408,1466,1547,1567,2274,2451,2697,2743,3149,3243,3295,3599,3714,3779,3994,4451,4518,4673,4742,4798,5141,5348,5615,5796,5826,6119,6188,6784,6933,6972,7028,7136,7682,7880,7986,8045,8089,8123,8445,8987,9166,9300,9386,9930",0,,0,-,50,"143,379,392,531,992,1108,1408,1466,1547,1567,2274,2451,2697,2743,3149,3243,3295,3599,3714,3779,3994,4451,4518,4673,4742,4798,5141,5348,5615,5796,5826,6119,6188,6784,6933,6972,7028,7136,7682,7880,7986,8045,8089,8123,8445,8987,9166,9300,9386,9930",-,
t1zvfc8q8ritdcmiyfuo4k1sytbf7fgtggs,50,no,66,-16,-16,YES,"148,177,468,735,845,896,1170,1331,1506,1523,1574,1749,1817,2260,2326,2340,2427,2428,2718,3227,3334,3667,3904,4177,4571,4593,4896,5081,5307,5451,5503,5530,5568,5740,5809,5828,5985,6090,6216,6226,6631,6640,6755,6778,7324,7669,7714,7735,7792,7868,7996,7998,8177,8202,8385,8437,8495,8639,8644,9141,9296,9446,9646,9719,9728,9974",0,,0,-,66,"148,177,468,735,845,896,1170,1331,1506,1523,1574,1749,1817,2260,2326,2340,2427,2428,2718,3227,3334,3667,3904,4177,4571,4593,4896,5081,5307,5451,5503,5530,5568,5740,5809,5828,5985,6090,6216,6226,6631,6640,6755,6778,7324,7669,7714,7735,7792,7868,7996,7998,8177,8202,8385,8437,8495,8639,8644,9141,9296,9446,9646,9719,9728,9974",over_allocated,red
t1zybnnvwk71nxwnwh56brslsjsedo1utre,2,no,5,-3,-3,YES,"5680,5685,5711,8298,8764",0,,0,-,5,"5680,5685,5711,8298,8764",over_allocated,red
t1zycridmvlct1prrxwd7csfe696b1fpxu1,1,yes,0,1,1,,,0,,0,-,0,,-,
